103_1,16:09
103_2,16:10
103_3,16:10
103_4,16:10
103_5,16:10
128_1,16:10
128_2,16:11
128_3,16:11
128_4,16:11
128_5,16:11
132_1,21:09
132_2,21:09
132_3,21:09
132_4,21:09
132_5,21:09
133_1,16:09
133_2,16:09
133_3,16:09
133_4,16:09
133_5,16:09
168_1,16:09
168_2,16:08
168_3,16:08
168_4,16:08
168_5,16:08
171_1,16:09
171_2,16:10
171_3,16:10
171_4,16:10
171_5,16:10
186_1,16:10
186_2,16:09
186_3,16:09
186_4,16:09
186_5,16:09
190_1,16:09
190_2,16:09
190_3,16:09
190_4,16:09
190_5,16:09
193_1,16:09
193_2,16:08
193_3,16:08
193_4,16:08
193_5,16:08
22_1,5:04
22_2,5:04
22_3,5:04
22_4,5:04
22_5,5:04
25_1,16:10
25_2,16:09
25_3,16:09
25_4,16:09
25_5,16:09
27_1,16:09
27_2,16:09
27_3,16:09
27_4,16:09
27_5,16:09
28_1,16:09
28_2,16:10
28_3,16:10
28_4,16:10
28_5,16:10
32_1,16:09
32_2,16:09
32_3,16:09
32_4,16:09
32_5,16:09
33_1,16:09
33_2,16:10
33_3,16:10
33_4,16:10
33_5,16:10
39_1,16:09
39_2,16:10
39_3,16:10
39_4,16:10
39_5,16:10
40_1,16:09
40_2,16:09
40_3,16:09
40_4,16:09
40_5,16:09
41_1,16:09
41_2,16:10
41_3,16:10
41_4,16:10
41_5,16:10
62_1,16:10
62_2,16:10
62_3,16:10
62_4,16:10
62_5,16:10
88_1,16:09
88_2,16:10
88_3,16:10
88_4,16:10
88_5,16:10
