entity,Domain,Conditions,Humidity,day
5,Austin,Short term forecastRain,93,1
10,Austin,Weather WarningsCloudy,93,1
13,Austin,Short term forecastMostly Cloudy,81,1
25,Austin,Fog,86,1
31,Austin,Cloudy,86,1
35,Austin,Cloudy,80,1
38,Austin,Short term forecastCloudy,80,1
39,Austin,Short term forecastFog,87,1
43,Austin,Short term forecastFog,93,1
50,Austin,Short term forecastHaze,81,1
60,Dallas,Overcast,85,1
91,Austin,Partly Cloudy,64,1
104,Austin,Clear,69,1
112,Austin,Clear,52,1
130,Austin,Cloudy,93,1
132,Austin,Cloudy,86,1
145,Austin,Cloudy,80,1
149,Austin,Short term forecastRain,93,1
154,Austin,Short term forecastFog,93,1
156,Austin,Short term forecastRain,100,1
167,Austin,Short term forecastRain,93,1
174,Fort Worth,Mist/Fog,93,1
205,Austin,Short term forecastFog,93,1
209,Austin,Fog,93,1
251,Fort Worth,Mist/Fog,86,1
254,Fort Worth,Mist/Fog,86,1
257,Fort Worth,Overcast with Haze,80,1
259,Austin,Short term forecastHaze,76,1
273,Austin,Rain,87,1
275,Austin,Short term forecastRain,93,1
1080,Charlotte,Winter Weather AdvisoryCloudy,80,1
1968,Dallas,Cloudy,66,1
2014,Dallas,Flood warningCloudy,80,1
2051,Dallas,Flood warningCloudy,86,1
2053,Dallas,Short term forecastCloudy,86,1
2120,Dallas,Cloudy,81,1
2611,Detroit,Cloudy,54,1
3017,El Paso,Cloudy,81,1
3547,Houston,Mostly Sunny,75,1
3650,Houston,Cloudy,80,1
3659,Houston,Cloudy,75,1
4051,Indianapolis,Short term forecastCloudy,74,1
4280,Jacksonville,Cloudy,94,1
5268,Memphis,Cloudy,53,1
5316,Memphis,Cloudy,57,1
5479,Milwaukee,Cloudy,67,1
5485,Milwaukee,Cloudy,50,1
5765,Nashville,Weather WarningsCloudy,59,1
5953,Nashville,Winter storm watchCloudy,75,1
6021,Nashville,Cloudy,61,1
7314,Phoenix,Cloudy,67,1
7449,Portland,Rain,76,1
8208,San Diego,Haze,82,1
8280,San Diego,Weather WarningsHaze,77,1
8792,San Jose,Cloudy,82,1
9584,Milwaukee,Mist/Fog,85,1
