entity,Domain,Conditions,Humidity,day
5,Chicago,Rain;Light Rain,93,1
10,Austin,Rain,,1
13,Austin,Cloudy,,1
25,Austin,Cloudy,,1
31,Austin,Cloudy,,1
35,Austin,Cloudy,,1
38,Austin,Cloudy,,1
39,Austin,Cloudy,,1
43,Austin,Cloudy,,1
50,Austin,Cloudy,,1
60,Dallas,Overcast,85,1
91,Austin,Partly Cloudy,,1
104,Austin,Fair,,1
112,Austin,Fair,,1
130,Austin,Cloudy,,1
132,Austin,Cloudy,,1
145,Austin,Cloudy,,1
149,Austin,Light Rain,,1
154,Austin,Cloudy,,1
156,Austin,Rain,,1
167,Austin,Cloudy,,1
174,Fort Worth,Mist/Fog,93,1
205,Austin,Fog,,1
209,Austin,Fog,,1
251,Fort Worth,Mist/Fog,86,1
254,Fort Worth,Mist/Fog,86,1
257,Fort Worth,Overcast with Haze,80,1
259,Austin,Cloudy,,1
273,Austin,Light Rain,,1
275,Austin,Rain,,1
1080,Charlotte,Cloudy,,1
1968,Dallas,Cloudy,,1
2014,Dallas,Cloudy,,1
2051,Dallas,Cloudy,,1
2053,Dallas,Cloudy,,1
2120,Dallas,Cloudy,,1
2611,Detroit,Cloudy,,1
3017,El Paso,Cloudy,,1
3547,Houston,Partly Cloudy,,1
3650,Houston,Cloudy,,1
3659,Houston,Cloudy,,1
4051,Indianapolis,Cloudy,,1
4280,Jacksonville,Cloudy,,1
5268,Memphis,Cloudy,,1
5316,Memphis,Cloudy,,1
5479,Milwaukee,Cloudy,,1
5485,Milwaukee,Cloudy,,1
5765,Nashville,Cloudy,,1
5953,Nashville,Cloudy,,1
6021,Nashville,Cloudy,,1
7314,Phoenix,Cloudy,,1
7449,Portland,Light Rain,,1
8208,San Diego,Cloudy,,1
8280,San Diego,Cloudy,,1
8792,San Jose,Cloudy,,1
9584,Milwaukee,Mist/Fog,85,1
