entity,Domain,Conditions,Humidity,day
5,Austin,Rain,93,1
10,Austin,Rain,93,1
13,Austin,Mostly Cloudy,81,1
25,Austin,Fog And Mist,87,1
31,Austin,Overcast,87,1
35,Austin,Overcast,81,1
38,Austin,Overcast,81,1
39,Austin,Overcast,87,1
43,Austin,Fog And Mist,87,1
50,Austin,Fog And Mist,81,1
60,Dallas,Overcast,85,1
91,Austin,Overcast,65,1
104,Austin,Clear,69,1
112,Austin,Clear,53,1
130,Austin,Overcast,93,1
132,Austin,Overcast,86,1
145,Austin,Overcast,81,1
149,Austin,Light Rain,93,1
154,Austin,Fog And Mist,94,1
156,Austin,Rain,100,1
167,Austin,Fog And Mist,93,1
174,Fort Worth,Mist/Fog,93,1
205,Austin,Fog And Mist,93,1
209,Austin,Fog And Mist,93,1
251,Fort Worth,Mist/Fog,86,1
254,Fort Worth,Mist/Fog,86,1
257,Fort Worth,Overcast with Haze,80,1
259,Austin,Hazy,77,1
273,Austin,Light Rain,87,1
275,Austin,Rain,93,1
1080,Charlotte,Overcast,80,1
1968,Dallas,Overcast,66,1
2014,Dallas,Overcast,80,1
2051,Dallas,Overcast,86,1
2053,Dallas,Overcast,86,1
2120,Dallas,Overcast,81,1
2611,Detroit,Overcast,54,1
3017,El Paso,Overcast,81,1
3547,Houston,Clear,81,1
3650,Houston,Overcast,75,1
3659,Houston,Overcast,75,1
4051,Indianapolis,Overcast,75,1
4280,Jacksonville,Overcast,88,1
5268,Memphis,Overcast,53,1
5316,Memphis,Overcast,57,1
5479,Milwaukee,Overcast,67,1
5485,Milwaukee,Overcast,54,1
5765,Nashville,Overcast,59,1
5953,Nashville,Overcast,75,1
6021,Nashville,Overcast,61,1
7314,Phoenix,Overcast,67,1
7449,Portland,Light Rain,76,1
8208,San Diego,Hazy,82,1
8280,San Diego,Hazy,77,1
8792,San Jose,Overcast,82,1
9584,Milwaukee,Mist/Fog,85,1
