entity,Domain,Conditions,Humidity,day
5,Austin,moderate rain,93,1
10,Austin,moderate rain,93,1
13,Austin,mostly cloudy,81,1
25,Austin,mostly cloudy,80,1
31,Austin,mostly cloudy,80,1
35,Austin,mostly cloudy,87,1
38,Austin,mostly cloudy,87,1
39,Austin,mostly cloudy,87,1
43,Austin,mostly cloudy,93,1
50,Austin,mostly cloudy,81,1
60,Dallas,Overcast,85,1
91,Austin,clear sky,64,1
104,Austin,clear sky,80,1
112,Austin,clear sky,61,1
130,Austin,mostly cloudy,86,1
132,Austin,mostly cloudy,86,1
145,Austin,mostly cloudy,80,1
149,Austin,moderate rain,93,1
154,Austin,mostly cloudy,93,1
156,Austin,light rain,93,1
167,Austin,mostly cloudy,100,1
174,Fort Worth,Mist/Fog,93,1
205,Austin,mostly cloudy,100,1
209,Austin,light rain,100,1
251,Fort Worth,Mist/Fog,86,1
254,Fort Worth,Mist/Fog,86,1
257,Fort Worth,Overcast with Haze,80,1
259,Austin,mostly cloudy,77,1
273,Austin,light rain,87,1
275,Austin,light rain,93,1
1080,Charlotte,mostly cloudy,86,1
1968,Dallas,mostly cloudy,66,1
2014,Dallas,mostly cloudy,80,1
2051,Dallas,mostly cloudy,86,1
2053,Dallas,mostly cloudy,86,1
2120,Dallas,mostly cloudy,81,1
2611,Detroit,mostly cloudy,54,1
3017,El Paso,mostly cloudy,81,1
3547,Houston,clear sky,81,1
3650,Houston,mostly cloudy,75,1
3659,Houston,mostly cloudy,75,1
4051,Indianapolis,mostly cloudy,74,1
4280,Jacksonville,mostly cloudy,88,1
5268,Memphis,mostly cloudy,53,1
5316,Memphis,mostly cloudy,57,1
5479,Milwaukee,mostly cloudy,67,1
5485,Milwaukee,mostly cloudy,53,1
5765,Nashville,mostly cloudy,59,1
5953,Nashville,mostly cloudy,70,1
6021,Nashville,mostly cloudy,61,1
7314,Phoenix,mostly cloudy,67,1
7449,Portland,clear sky,37,1
8208,San Diego,mostly cloudy,82,1
8280,San Diego,mostly cloudy,82,1
8792,San Jose,mostly cloudy,82,1
9584,Milwaukee,Mist/Fog,85,1
