entity,Domain,Conditions,Humidity,day
5,Austin,Rain Fog/Mist,93,1
10,Austin,Rain Fog/Mist,93,1
13,Austin,Mostly Cloudy,74,1
25,Chicago,Cloudy,81,1
31,Chicago,Cloudy,84,1
35,Chicago,Cloudy;Overcast,81,1
38,Chicago,Cloudy,85,1
39,Dallas,Cloudy,87,1
43,Dallas,Cloudy;Overcast;Showers,93,1
50,Dallas,Cloudy;Fog;Haze,81,1
60,Austin,Overcast,85,1
91,Austin,Partly Cloudy,64,1
104,Austin,Fair,72,1
112,Austin,Fair,53,1
130,Austin,Overcast,85,1
132,Austin,Overcast,85,1
145,Austin,Overcast with Haze,82,1
149,El Paso,Rain;Light Rain,93,1
154,El Paso,Cloudy;Overcast;Showers,93,1
156,El Paso,Rain;Light Rain,100,1
167,Fort Worth,Cloudy;Fog;Fog And Mist;Light Rain;Light Rain Mist,100,1
174,Austin,Fog/Mist,93,1
205,Fort Worth,Fog;Overcast;Showers;Mist,93,1
209,Fort Worth,Fog;Overcast;Rain,93,1
251,Austin,Fog/Mist,86,1
254,Austin,Fog/Mist,86,1
257,Austin,Overcast with Haze,80,1
259,Fort Worth,Cloudy,76,1
273,Fort Worth,Rain;Light Rain,87,1
275,Houston,Rain,93,1
1080,Indianapolis,Cloudy,80,1
1968,Indianapolis,Cloudy,68,1
2014,Dallas,Overcast,75,1
2051,Dallas,Overcast,82,1
2053,Dallas,Overcast,85,1
2120,Jacksonville,Cloudy,81,1
2611,Las Vegas,Cloudy,54,1
3017,El Paso,Mostly Cloudy,87,1
3547,Los Angeles,Partly Cloudy;Not totally Cloudy;Clear,81,1
3650,Houston,Overcast,76,1
3659,Houston,Overcast,76,1
4051,Los Angeles,Cloudy,75,1
4280,Jacksonville,Overcast and Breezy,90,1
5268,Los Angeles,Cloudy,55,1
5316,Los Angeles,Cloudy,57,1
5479,Los Angeles,Cloudy,67,1
5485,Los Angeles,Cloudy,53,1
5765,Nashville,Overcast,58,1
5953,Nashville,Overcast,73,1
6021,Milwaukee,Cloudy,62,1
7314,Milwaukee,Cloudy,64,1
7449,Portland,Observation Quality is Caution Lt Rain,79,1
8208,Milwaukee,Cloudy;Haze,80,1
8280,Milwaukee,Cloudy;Haze;Mainly Cloudy,77,1
8792,Milwaukee,Cloudy,80,1
9584,Washington,Fog/Mist,85,1
