entity,Domain,Conditions,Humidity,day
5,Chicago,Rain;Light Rain,93,1
10,Chicago,Rain,93,1
13,Chicago,Cloudy;Overcast,81,1
25,Chicago,Cloudy,81,1
31,Chicago,Cloudy,84,1
35,Chicago,Cloudy;Overcast,81,1
38,Chicago,Cloudy,85,1
39,Dallas,Cloudy,87,1
43,Dallas,Cloudy;Overcast;Showers,93,1
50,Dallas,Cloudy;Fog;Haze,81,1
60,Dallas,Overcast,85,1
91,El Paso,Not totally Cloudy;Partly Cloudy,64,1
104,El Paso,Clear;Not totally Sunny,80,1
112,El Paso,Sunny;Clear,53,1
130,El Paso,Cloudy,88,1
132,El Paso,Cloudy,88,1
145,El Paso,Cloudy,81,1
149,El Paso,Rain;Light Rain,93,1
154,El Paso,Cloudy;Overcast;Showers,93,1
156,El Paso,Rain;Light Rain,100,1
167,Fort Worth,Cloudy;Fog;Fog And Mist;Light Rain;Light Rain Mist,100,1
174,Fort Worth,Mist/Fog,93,1
205,Fort Worth,Fog;Overcast;Showers;Mist,93,1
209,Fort Worth,Fog;Overcast;Rain,93,1
251,Fort Worth,Mist/Fog,86,1
254,Fort Worth,Mist/Fog,86,1
257,Fort Worth,Overcast with Haze,80,1
259,Fort Worth,Cloudy,76,1
273,Fort Worth,Rain;Light Rain,87,1
275,Houston,Rain,93,1
1080,Charlotte,Cloudy,78,1
1968,Dallas,Cloudy,68,1
2014,Dallas,Cloudy,75,1
2051,Dallas,Cloudy,82,1
2053,Dallas,Cloudy,85,1
2120,Dallas,Cloudy,79,1
2611,Detroit,Cloudy,55,1
3017,El Paso,Cloudy,76,1
3547,Houston,Mostly Clear,82,1
3650,Houston,Cloudy,75,1
3659,Houston,Cloudy,76,1
4051,Indianapolis,Cloudy,75,1
4280,Jacksonville,Cloudy,89,1
5268,Memphis,Cloudy,55,1
5316,Memphis,Cloudy,67,1
5479,Milwaukee,Cloudy,65,1
5485,Milwaukee,Cloudy,52,1
5765,Nashville,Cloudy,58,1
5953,Nashville,Cloudy,73,1
6021,Nashville,Cloudy,65,1
7314,Phoenix,Cloudy,64,1
7449,Portland,Light Rain,79,1
8208,San Diego,Haze,80,1
8280,San Diego,Haze,77,1
8792,San Jose,Cloudy,80,1
9584,Milwaukee,Mist/Fog,85,1
