entity,Domain,Conditions,Humidity,day
5,Austin,Cloudy,89,1
10,Austin,Rain,95,1
13,Austin,Cloudy,82,1
25,Austin,Cloudy,81,1
31,Austin,Cloudy,84,1
35,Austin,Mostly Cloudy,88,1
38,Austin,Cloudy,85,1
39,Austin,Cloudy,85,1
43,Austin,Showers,92,1
50,Austin,Fog,81,1
60,Dallas,Overcast,85,1
91,Austin,Partly Cloudy,64,1
104,Austin,Partly Sunny,80,1
112,Austin,Partly Sunny,55,1
130,Austin,Cloudy,88,1
132,Austin,Cloudy,88,1
145,Austin,Cloudy,81,1
149,Austin,Rain,96,1
154,Austin,Showers,92,1
156,Austin,Showers,92,1
167,Austin,Fog,100,1
174,Fort Worth,Mist/Fog,93,1
205,Austin,Showers,96,1
209,Austin,Showers,96,1
251,Fort Worth,Mist/Fog,86,1
254,Fort Worth,Mist/Fog,86,1
257,Fort Worth,Overcast with Haze,80,1
259,Austin,Cloudy,76,1
273,Austin,Cloudy,89,1
275,Austin,Rain,93,1
1080,Charlotte,Cloudy,74,1
1968,Dallas,Cloudy,70,1
2014,Dallas,Cloudy,74,1
2051,Dallas,Cloudy,78,1
2053,Dallas,Cloudy,82,1
2120,Dallas,Cloudy,78,1
2611,Detroit,Cloudy,55,1
3017,El Paso,Cloudy,79,1
3547,Houston,Partly Cloudy,79,1
3650,Houston,Cloudy,75,1
3659,Houston,Cloudy,75,1
4051,Indianapolis,Cloudy,76,1
4280,Jacksonville,Cloudy,82,1
5268,Memphis,Cloudy,55,1
5316,Memphis,Cloudy,59,1
5479,Milwaukee,Cloudy,64,1
5485,Milwaukee,Cloudy,54,1
5765,Nashville,Cloudy,58,1
5953,Nashville,Cloudy,72,1
6021,Nashville,Cloudy,62,1
7314,Phoenix,Cloudy,55,1
7449,Portland,Cloudy,67,1
8208,San Diego,Cloudy,80,1
8280,San Diego,Cloudy,80,1
8792,San Jose,Cloudy,80,1
9584,Milwaukee,Mist/Fog,85,1
