entity,Domain,Conditions,Humidity,day
5,Austin,Light Rain,97,1
10,Austin,Light Rain,97,1
13,Austin,Overcast,66,1
25,Austin,Mist,80,1
31,Austin,Overcast,86,1
35,Austin,Overcast,88,1
38,Austin,Overcast,85,1
39,Austin,Overcast,84,1
43,Austin,Mist,95,1
50,Austin,Hazy,77,1
60,Dallas,Overcast,85,1
91,Austin,Partly Cloudy,52,1
104,Austin,Clear,63,1
112,Austin,Clear,41,1
130,Austin,Overcast,87,1
132,Austin,Overcast,89,1
145,Austin,Hazy,70,1
149,Austin,Light Rain,97,1
154,Austin,Mist,97,1
156,Austin,Light Rain,97,1
167,Austin,Light Rain,97,1
174,Fort Worth,Mist/Fog,93,1
205,Austin,Mist,97,1
209,Austin,Mist,97,1
251,Fort Worth,Mist/Fog,86,1
254,Fort Worth,Mist/Fog,86,1
257,Fort Worth,Overcast with Haze,80,1
259,Austin,Hazy,78,1
273,Austin,Light Rain,93,1
275,Austin,Light Rain,97,1
1080,Charlotte,Overcast,80,1
1968,Dallas,Overcast,50,1
2014,Dallas,Overcast,77,1
2051,Dallas,Overcast,79,1
2053,Dallas,Overcast,77,1
2120,Dallas,Overcast,100,1
2611,Detroit,Overcast,54,1
3017,El Paso,Overcast,81,1
3547,Houston,Clear,85,1
3650,Houston,Overcast,83,1
3659,Houston,Overcast,83,1
4051,Indianapolis,Overcast,78,1
4280,Jacksonville,Bkh,85,1
5268,Memphis,Overcast,53,1
5316,Memphis,Overcast,57,1
5479,Milwaukee,Overcast,61,1
5485,Milwaukee,Overcast,51,1
5765,Nashville,Overcast,59,1
5953,Nashville,Overcast,75,1
6021,Nashville,Overcast,61,1
7314,Phoenix,Few,53,1
7449,Portland,Light Rain,72,1
8208,San Diego,Overcast,92,1
8280,San Diego,Hazy,77,1
8792,San Jose,Overcast,71,1
9584,Milwaukee,Mist/Fog,85,1
