entity,Domain,Conditions,Humidity,day
5,Austin,Cloudy,90,1
10,Austin,Thunderstorm,92,1
13,Austin,Rain,96,1
25,Austin,Cloudy,82,1
31,Austin,Cloudy,85,1
35,Austin,Mostly Cloudy,89,1
38,Austin,Cloudy,86,1
39,Austin,Cloudy,86,1
43,Austin,Drizzle,93,1
50,Austin,Cloudy,89,1
60,Dallas,Overcast,85,1
91,Austin,Partly Cloudy,64,1
104,Austin,Mostly Cloudy,73,1
112,Austin,Partly Cloudy,60,1
130,Austin,Cloudy,88,1
132,Austin,Cloudy,88,1
145,Austin,Cloudy,85,1
149,Austin,Showers,93,1
154,Austin,Drizzle,93,1
156,El Paso,Rain;Light Rain,100,1
167,Fort Worth,Cloudy;Fog;Fog And Mist;Light Rain;Light Rain Mist,100,1
174,Fort Worth,Mist/Fog,93,1
205,Austin,Cloudy,93,1
209,Austin,Drizzle,97,1
251,Fort Worth,Mist/Fog,86,1
254,Fort Worth,Mist/Fog,86,1
257,Fort Worth,Overcast with Haze,80,1
259,Austin,Cloudy,77,1
273,Austin,Cloudy,90,1
275,Austin,Rain,89,1
1080,Charlotte,Cloudy,69,1
1968,Dallas,Cloudy,68,1
2014,Dallas,Cloudy,74,1
2051,Dallas,Cloudy,78,1
2053,Dallas,Cloudy,78,1
2120,Dallas,Cloudy,80,1
2611,Detroit,Cloudy,46,1
3017,El Paso,Cloudy,79,1
3547,Houston,Partly Cloudy,75,1
3650,Houston,Cloudy,81,1
3659,Houston,Cloudy,81,1
4051,Indianapolis,Cloudy,75,1
4280,Jacksonville,Mostly Cloudy,78,1
5268,Memphis,Cloudy,50,1
5316,Memphis,Cloudy,60,1
5479,Milwaukee,Partly Cloudy,58,1
5485,Milwaukee,Cloudy,47,1
5765,Nashville,Cloudy,51,1
5953,Nashville,Mostly Cloudy,73,1
6021,Nashville,Cloudy,62,1
7314,Phoenix,Cloudy,56,1
7449,Portland,Cloudy,68,1
8208,San Diego,Mostly Cloudy,83,1
8280,San Diego,Mostly Cloudy,80,1
8792,San Jose,Mostly Cloudy,72,1
9584,Milwaukee,Mist/Fog,85,1
