entity,Domain,Conditions,Humidity,day
5,Austin,Light Rain,76,1
10,Austin,Rain Mist,80,1
13,Austin,Overcast,62,1
25,Austin,Overcast,75,1
31,Austin,Overcast,77,1
35,Austin,Overcast,75,1
38,Austin,Overcast,75,1
39,Austin,Overcast,77,1
43,Austin,Overcast,79,1
50,Austin,Haze,72,1
60,Dallas,Overcast,85,1
91,Austin,Scattered Clouds,53,1
104,Austin,Clear,47,1
112,Austin,Clear,47,1
130,Austin,Overcast,78,1
132,Austin,Overcast,78,1
145,Austin,Haze,68,1
149,Austin,Light Rain Mist,98,1
154,Austin,Overcast,98,1
156,Austin,Light Rain Mist,98,1
167,Austin,Light Rain Mist,98,1
174,Fort Worth,Mist/Fog,93,1
205,Austin,Overcast,89,1
209,Austin,Overcast,93,1
251,Fort Worth,Mist/Fog,86,1
254,Fort Worth,Mist/Fog,86,1
257,Fort Worth,Overcast with Haze,80,1
259,Austin,Haze,75,1
273,Austin,Light Rain Mist,86,1
275,Austin,Light Rain Mist,96,1
1080,Charlotte,Overcast,83,1
1968,Dallas,Overcast,68,1
2014,Dallas,Overcast,77,1
2051,Dallas,Overcast,83,1
2053,Dallas,Overcast,83,1
2120,Dallas,Overcast,86,1
2611,Detroit,Overcast,52,1
3017,El Paso,Overcast,76,1
3547,Houston,Scattered Clouds,81,1
3650,Houston,Overcast,81,1
3659,Houston,Overcast,79,1
4051,Indianapolis,Overcast,85,1
4280,Jacksonville,Overcast,86,1
5268,Memphis,Overcast,20,1
5316,Memphis,Overcast,34,1
5479,Milwaukee,Overcast,70,1
5485,Milwaukee,Overcast,53,1
5765,Nashville,Overcast,60,1
5953,Nashville,Overcast,72,1
6021,Nashville,Overcast,67,1
7314,Phoenix,Overcast,74,1
7449,Portland,Light Rain,85,1
8208,San Diego,Haze,93,1
8280,San Diego,Haze,90,1
8792,San Jose,Overcast,83,1
9584,Milwaukee,Mist/Fog,85,1
