entity,Domain,Conditions,Humidity,day
5.0,Austin,Rain,93,0.9375
10.0,Austin,Rain,93,0.9375
13.0,Austin,Cloudy,81,0.9375
25.0,Austin,Cloudy,81,0.875
31.0,Austin,Cloudy,84,0.875
35.0,Austin,Cloudy,81,0.875
38.0,Austin,Cloudy,85,0.875
39.0,Austin,Cloudy,87,0.875
43.0,Austin,Cloudy,93,0.875
50.0,Austin,Cloudy,81,0.875
60.0,Austin,Overcast,85,1
91.0,Austin,Partly Cloudy,64,0.9375
104.0,Austin,Clear,80,0.9375
112.0,Austin,Clear,53,0.9375
130.0,Austin,Cloudy,88,0.9375
132.0,Austin,Cloudy,88,0.9375
145.0,Austin,Cloudy,81,0.9375
149.0,Austin,Light Rain,93,0.875
154.0,Austin,Cloudy,93,0.875
156.0,Austin,Rain,100,0.8125
167.0,Austin,Cloudy,100,0.8125
174.0,Austin,Fog/Mist,93,1
205.0,Austin,Fog,93,0.875
209.0,Austin,Fog,93,0.875
251.0,Austin,Fog/Mist,86,1
254.0,Austin,Fog/Mist,86,1
257.0,Austin,Overcast with Haze,80,1
259.0,Austin,Cloudy,76,0.875
273.0,Austin,Light Rain,87,0.875
275.0,Austin,Rain,93,0.875
280.0,Austin,Light Rain,100,0.875
302.0,Austin,Overcast,80,1
314.0,Austin,Light Rain Fog/Mist,93,1
315.0,Austin,Light Rain Fog/Mist,90,1
324.0,Baltimore,Mostly Cloudy,43,0.875
9584.0,Washington,Fog/Mist,85,1
1393.0,Chicago,Partly Cloudy,62,1.0
1403.0,Chicago,Cloudy,74,1.0
1406.0,Chicago,Mostly Cloudy,71,1.0
1411.0,Chicago,Mostly Cloudy,79,1.0
1416.0,Chicago,Partly Cloudy,71,1.0
1472.0,Chicago,Partly Cloudy,61,1.0
2010.0,Dallas,Cloudy,75,1.0
2014.0,Dallas,Cloudy,75,1.0
2024.0,Dallas,Cloudy,74,1.0
2026.0,Dallas,Cloudy,74,1.0
2047.0,Dallas,Cloudy,82,1.0
2110.0,Dallas,Light Rain,87,1.0
2112.0,Dallas,Cloudy,88,1.0
2648.0,Detroit,Clear,53,1.0
2649.0,Detroit,Clear,57,1.0
2650.0,Detroit,Clear,62,1.0
2672.0,Detroit,Partly Cloudy,62,1.0
2685.0,Detroit,Clear,79,1.0
2687.0,Detroit,Clear,79,1.0
2691.0,Detroit,Clear,85,1.0
2885.0,El Paso,Cloudy,85,1.0
2889.0,El Paso,Mostly Cloudy,80,1.0
2895.0,El Paso,Partly Cloudy,65,1.0
2969.0,El Paso,Clear,62,1.0
2974.0,El Paso,Clear,75,1.0
2995.0,El Paso,Cloudy,43,1.0
3002.0,El Paso,Partly Cloudy,65,1.0
3017.0,El Paso,Cloudy,82,1.0
3024.0,El Paso,Mostly Cloudy,44,1.0
3026.0,El Paso,Mostly Cloudy,41,1.0
3209.0,Fort Worth,Rain,87,1.0
3291.0,Fort Worth,Cloudy,78,1.0
3296.0,Fort Worth,Cloudy,74,1.0
3302.0,Fort Worth,Cloudy,77,1.0
3307.0,Fort Worth,Cloudy,74,1.0
3314.0,Fort Worth,Cloudy,74,1.0
3316.0,Fort Worth,Cloudy,78,1.0
3319.0,Fort Worth,Cloudy,78,1.0
3324.0,Fort Worth,Cloudy,81,1.0
3343.0,Fort Worth,Cloudy,81,1.0
3534.0,Houston,Cloudy,82,1.0
3608.0,Houston,Cloudy,73,1.0
3623.0,Houston,Cloudy,75,1.0
3625.0,Houston,Cloudy,72,1.0
3627.0,Houston,Cloudy,70,1.0
3632.0,Houston,Cloudy,62,1.0
3634.0,Houston,Cloudy,61,1.0
3641.0,Houston,Cloudy,73,1.0
3643.0,Houston,Cloudy,75,1.0
3645.0,Houston,Cloudy,75,1.0
3650.0,Houston,Cloudy,75,1.0
3659.0,Houston,Cloudy,75,1.0
3666.0,Houston,Mostly Cloudy,70,1.0
3856.0,Indianapolis,Mostly Cloudy,59,1.0
3951.0,Indianapolis,Partly Cloudy,55,1.0
3954.0,Indianapolis,Partly Cloudy,55,1.0
3980.0,Indianapolis,Clear,68,1.0
3983.0,Indianapolis,Clear,58,1.0
4178.0,Jacksonville,Cloudy,54,1.0
4259.0,Jacksonville,Cloudy,90,1.0
4280.0,Jacksonville,Cloudy,89,1.0
4292.0,Jacksonville,Cloudy,73,1.0
4306.0,Jacksonville,Mostly Cloudy,70,1.0
4584.0,Las Vegas,Clear,75,1.0
4672.0,Las Vegas,Partly Sunny,60,1.0
4800.0,Los Angeles,Clear,74,1.0
4810.0,Los Angeles,Clear,58,1.0
4815.0,Los Angeles,Clear,38,1.0
4888.0,Los Angeles,Clear,59,1.0
4899.0,Los Angeles,Partly Cloudy,82,1.0
4900.0,Los Angeles,Haze,82,1.0
4934.0,Los Angeles,Clear,83,1.0
4938.0,Los Angeles,Haze,87,1.0
4940.0,Los Angeles,Sunny,74,1.0
4941.0,Los Angeles,Sunny,63,1.0
4942.0,Los Angeles,Sunny,52,1.0
4944.0,Los Angeles,Clear,46,1.0
4993.0,Los Angeles,Clear,71,1.0
5132.0,Memphis,Light Freezing Rain,86,1.0
5209.0,Memphis,Freezing Rain,86,1.0
5214.0,Memphis,Light Freezing Drizzle,93,1.0
5229.0,Memphis,Cloudy,86,1.0
5248.0,Memphis,Clear,81,1.0
5263.0,Memphis,Partly Cloudy,67,1.0
5312.0,Memphis,Cloudy,72,1.0
5440.0,Milwaukee,Partly Cloudy,47,1.0
5446.0,Milwaukee,Partly Cloudy,60,1.0
5455.0,Milwaukee,Partly Cloudy,51,1.0
5526.0,Milwaukee,Partly Cloudy,64,1.0
5527.0,Milwaukee,Partly Cloudy,62,1.0
5534.0,Milwaukee,Cloudy,57,1.0
5548.0,Milwaukee,Light Snow,86,1.0
5573.0,Milwaukee,Mostly Cloudy,73,1.0
5581.0,Milwaukee,Partly Cloudy,46,1.0
5765.0,Nashville,Cloudy,58,1.0
5768.0,Nashville,Light Snow,55,1.0
5868.0,Nashville,Cloudy,77,1.0
5873.0,Nashville,Cloudy,74,1.0
5888.0,Nashville,Clear,84,1.0
5905.0,Nashville,Clear,42,1.0
5953.0,Nashville,Cloudy,73,1.0
6724.0,Philadelphia,Clear,39,1.0
6728.0,Philadelphia,Mostly Cloudy,43,1.0
6824.0,Philadelphia,Cloudy,41,1.0
6833.0,Philadelphia,Light Snow,79,0.9375
6841.0,Philadelphia,Cloudy,49,1.0
6850.0,Philadelphia,Partly Cloudy,53,1.0
6866.0,Philadelphia,Clear,37,1.0
6910.0,Philadelphia,Cloudy,64,1.0
7048.0,Phoenix,Partly Cloudy,89,1.0
7052.0,Phoenix,Partly Cloudy,74,1.0
7055.0,Phoenix,Partly Cloudy,58,1.0
7126.0,Phoenix,Partly Cloudy,43,1.0
7131.0,Phoenix,Partly Cloudy,59,1.0
7146.0,Phoenix,Mostly Cloudy,56,1.0
7150.0,Phoenix,Mostly Cloudy,37,1.0
7151.0,Phoenix,Mostly Cloudy,35,1.0
7152.0,Phoenix,Mostly Cloudy,34,1.0
7179.0,Phoenix,Mostly Cloudy,57,1.0
7182.0,Phoenix,Mostly Cloudy,41,1.0
7183.0,Phoenix,Mostly Cloudy,39,1.0
7375.0,Portland,Cloudy,63,1.0
7449.0,Portland,Light Rain,79,1.0
7464.0,Portland,Cloudy,81,1.0
7477.0,Portland,Cloudy,82,1.0
7485.0,Portland,Cloudy,93,1.0
7497.0,Portland,Fog,100,1.0
7553.0,Portland,Cloudy,68,1.0
7691.0,San Antonio,Mostly Cloudy,76,1.0
7765.0,San Antonio,Partly Sunny,55,1.0
7776.0,San Antonio,Clear,66,1.0
7778.0,San Antonio,Clear,72,1.0
7802.0,San Antonio,Clear,75,1.0
7811.0,San Antonio,Cloudy,88,1.0
7824.0,San Antonio,Cloudy,81,1.0
8009.0,San Diego,Mostly Cloudy,77,1.0
8100.0,San Diego,Fog,86,1.0
8104.0,San Diego,Mostly Cloudy,82,1.0
8110.0,San Diego,Partly Cloudy,62,1.0
8111.0,San Diego,Partly Cloudy,67,1.0
8123.0,San Diego,Partly Cloudy,77,1.0
8135.0,San Diego,Haze,82,1.0
8140.0,San Diego,Haze,79,1.0
8143.0,San Diego,Partly Cloudy,64,1.0
8336.0,San Francisco,Mostly Cloudy,66,1.0
8649.0,San Jose,Mostly Cloudy,93,1.0
8969.0,Seattle,Mostly Cloudy,71,1.0
9052.0,Seattle,Cloudy,79,1.0
9066.0,Seattle,Light Rain,93,1.0
9069.0,Seattle,Cloudy,87,1.0
9076.0,Seattle,Light Rain,87,1.0
9079.0,Seattle,Cloudy,87,1.0
9084.0,Seattle,Cloudy,93,1.0
9280.0,Washington,Partly Cloudy,42,1.0
9293.0,Washington,Cloudy,38,1.0
9296.0,Washington,Cloudy,35,1.0
9372.0,Washington,Cloudy,38,1.0
9379.0,Washington,Cloudy,42,1.0
9385.0,Washington,Snow,79,1.0
9390.0,Washington,Snow,73,1.0
9394.0,Washington,Light Snow,79,1.0
9423.0,Washington,Clear,31,1.0
9425.0,Washington,Clear,30,1.0
