entity,Domain,Conditions,Humidity,day
4.999999999999998,Austin,Rain,93,0.9378469600498008
9.999999999999996,Austin,Rain,93,0.9378469600498008
12.999999999999998,Austin,Cloudy,81,0.9378469600498008
24.999999999999993,Austin,Cloudy,81,0.8755876877403853
30.999999999999996,Austin,Cloudy,84,0.8755876877403853
35.0,Austin,Cloudy,81,0.8755876877403853
38.0,Austin,Cloudy,85,0.8755876877403853
38.999999999999986,Austin,Cloudy,87,0.8755876877403853
42.99999999999999,Austin,Cloudy,93,0.8755876877403853
49.999999999999986,Austin,Cloudy,81,0.8755876877403853
59.99999999999998,Austin,Overcast,85,1
91.0,Austin,Partly Cloudy,64,0.9378469600498008
103.99999999999999,Austin,Clear,80,0.9378469600498008
111.99999999999999,Austin,Clear,53,0.9378469600498008
129.99999999999997,Austin,Cloudy,88,0.9378469600498008
131.99999999999997,Austin,Cloudy,88,0.9378469600498008
144.99999999999994,Austin,Cloudy,81,0.9378469600498008
148.99999999999997,Austin,Rain,93,0.8755876877403853
153.99999999999997,Austin,Cloudy,93,0.8755876877403853
155.99999999999994,Austin,Rain,100,0.8145642376460333
166.99999999999997,Austin,Fog,100,0.8145642376460333
173.99999999999994,Austin,Mist/Fog,93,1
204.99999999999997,Austin,Showers,93,0.8755876877403853
208.99999999999994,Austin,Fog,93,0.8755876877403853
251.00000000000003,Austin,Mist/Fog,86,1
253.9999999999999,Austin,Mist/Fog,86,1
256.99999999999994,Austin,Overcast with Haze,80,1
258.99999999999994,Austin,Cloudy,76,0.8755876877403853
272.99999999999994,Austin,Rain,87,0.8755876877403853
275.0,Austin,Rain,93,0.8755876877403853
280.0,Austin,Rain,100,0.8755876877403853
301.99999999999994,Austin,Overcast,80,1
314.0,Baltimore,Mist/Light Rain Fog,93,1
314.99999999999994,Baltimore,Mist/Light Rain Fog,90,1
323.99999999999994,Baltimore,Mostly Cloudy,43,0.8766964084737292
9583.999999999998,Baltimore,Mist/Fog,85,1
1392.9999999999995,Chicago,Mostly Cloudy,62,1.0
1402.9999999999993,Chicago,Cloudy,74,1.0
1405.9999999999998,Chicago,Mostly Cloudy,71,1.0
1411.0,Chicago,Mostly Cloudy,79,1.0
1415.9999999999998,Chicago,Partly Cloudy,71,1.0
1471.9999999999995,Chicago,Partly Cloudy,61,1.0
2009.9999999999993,Dallas,Cloudy,75,1.0
2013.9999999999995,Dallas,Cloudy,75,1.0
2023.9999999999993,Dallas,Cloudy,74,1.0
2025.9999999999998,Dallas,Cloudy,74,1.0
2046.999999999999,Dallas,Cloudy,82,1.0
2109.999999999999,Dallas,Light Rain,87,1.0
2111.9999999999995,Dallas,Overcast,88,1.0
2647.999999999999,Detroit,Clear,53,1.0
2648.9999999999995,Detroit,Clear,57,1.0
2649.9999999999995,Detroit,Clear,62,1.0
2671.9999999999995,Detroit,Partly Cloudy,62,1.0
2685.0,Detroit,Clear,79,1.0
2687.0,Detroit,Clear,79,1.0
2690.9999999999995,Detroit,Clear,85,1.0
2884.999999999999,El Paso,Cloudy,85,1.0
2888.9999999999995,El Paso,Mostly Cloudy,80,1.0
2894.9999999999995,El Paso,Partly Cloudy,65,1.0
2968.9999999999995,El Paso,Clear,62,1.0
2974.0,El Paso,Clear,75,1.0
2994.999999999999,El Paso,Cloudy,43,1.0
3001.9999999999995,El Paso,Partly Cloudy,65,1.0
3016.999999999999,El Paso,Cloudy,82,1.0
3023.999999999999,El Paso,Mostly Cloudy,44,1.0
3025.999999999999,El Paso,Mostly Cloudy,41,1.0
3208.9999999999995,Fort Worth,Rain,87,1.0
3290.9999999999995,Fort Worth,Cloudy,78,1.0
3295.9999999999995,Fort Worth,Cloudy,74,1.0
3301.9999999999986,Fort Worth,Cloudy,77,1.0
3306.9999999999995,Fort Worth,Cloudy,74,1.0
3313.9999999999995,Fort Worth,Cloudy,74,1.0
3316.0,Fort Worth,Cloudy,78,1.0
3318.999999999999,Fort Worth,Cloudy,78,1.0
3323.9999999999986,Fort Worth,Cloudy,81,1.0
3342.9999999999995,Fort Worth,Cloudy,81,1.0
3533.999999999999,Houston,Cloudy,82,1.0
3607.999999999999,Houston,Cloudy,73,1.0
3622.999999999999,Houston,Cloudy,75,1.0
3624.9999999999986,Houston,Cloudy,72,1.0
3626.999999999999,Houston,Cloudy,70,1.0
3632.0,Houston,Cloudy,62,1.0
3633.999999999999,Houston,Cloudy,61,1.0
3640.999999999999,Houston,Cloudy,73,1.0
3642.9999999999986,Houston,Cloudy,75,1.0
3644.999999999999,Houston,Cloudy,75,1.0
3650.0,Houston,Cloudy,75,1.0
3658.999999999999,Houston,Cloudy,75,1.0
3665.9999999999995,Houston,Mostly Cloudy,70,1.0
3855.999999999999,Indianapolis,Mostly Cloudy,59,1.0
3950.9999999999986,Indianapolis,Partly Cloudy,55,1.0
3953.999999999999,Indianapolis,Partly Cloudy,55,1.0
3980.0,Indianapolis,Clear,68,1.0
3982.999999999999,Indianapolis,Clear,58,1.0
4177.999999999999,Jacksonville,Overcast,54,1.0
4259.0,Jacksonville,Cloudy,90,1.0
4279.999999999999,Jacksonville,Cloudy,89,1.0
4291.999999999998,Jacksonville,Cloudy,73,1.0
4305.999999999999,Jacksonville,Mostly Cloudy,70,1.0
4583.999999999999,Las Vegas,Mostly Sunny,75,1.0
4671.999999999997,Las Vegas,Partly Sunny,60,1.0
4799.999999999999,Los Angeles,Clear,74,1.0
4809.999999999998,Los Angeles,Clear,58,1.0
4814.999999999999,Los Angeles,Clear,38,1.0
4887.999999999999,Los Angeles,Clear,59,1.0
4898.999999999999,Los Angeles,Partly Cloudy,82,1.0
4899.999999999999,Los Angeles,Haze,82,1.0
4933.999999999998,Los Angeles,Clear,83,1.0
4937.999999999999,Los Angeles,Haze,87,1.0
4940.0,Los Angeles,Sunny,74,1.0
4941.0,Los Angeles,Sunny,63,1.0
4942.0,Los Angeles,Sunny,52,1.0
4943.999999999999,Los Angeles,Mostly Sunny,46,1.0
4992.999999999999,Los Angeles,Clear,71,1.0
5131.999999999998,Memphis,Freezing Rain,86,1.0
5208.999999999998,Memphis,Freezing Rain,86,1.0
5213.999999999999,Memphis,Light Freezing Drizzle,93,1.0
5228.999999999999,Memphis,Cloudy,86,1.0
5247.999999999998,Memphis,Clear,81,1.0
5262.999999999998,Memphis,Partly Cloudy,67,1.0
5311.999999999999,Memphis,Cloudy,72,1.0
5439.999999999998,Milwaukee,Partly Cloudy,47,1.0
5445.999999999999,Milwaukee,Partly Cloudy,60,1.0
5454.999999999999,Milwaukee,Partly Cloudy,51,1.0
5525.999999999999,Milwaukee,Partly Cloudy,64,1.0
5526.999999999999,Milwaukee,Partly Cloudy,62,1.0
5533.999999999999,Milwaukee,Cloudy,57,1.0
5547.999999999999,Milwaukee,Light Snow,86,1.0
5573.000000000001,Milwaukee,Mostly Cloudy,73,1.0
5580.999999999999,Milwaukee,Partly Cloudy,46,1.0
5764.999999999999,Nashville,Cloudy,58,1.0
5767.999999999997,Nashville,Light Snow,55,1.0
5867.999999999999,Nashville,Cloudy,77,1.0
5872.999999999998,Nashville,Cloudy,74,1.0
5887.999999999998,Nashville,Clear,84,1.0
5904.999999999999,Nashville,Clear,42,1.0
5952.999999999999,Nashville,Cloudy,73,1.0
6723.999999999999,Philadelphia,Clear,39,1.0
6727.999999999998,Philadelphia,Mostly Cloudy,43,1.0
6824.0,Philadelphia,Cloudy,41,1.0
6832.999999999999,Philadelphia,Light Snow,79,0.9378469600498008
6841.0,Philadelphia,Cloudy,49,1.0
6849.999999999998,Philadelphia,Partly Cloudy,53,1.0
6865.999999999999,Philadelphia,Clear,37,1.0
6909.999999999998,Philadelphia,Cloudy,64,1.0
7047.999999999997,Phoenix,Partly Cloudy,89,1.0
7051.999999999998,Phoenix,Partly Cloudy,74,1.0
7054.999999999997,Phoenix,Partly Cloudy,58,1.0
7125.999999999999,Phoenix,Partly Cloudy,43,1.0
7130.999999999999,Phoenix,Partly Cloudy,59,1.0
7145.999999999999,Phoenix,Mostly Cloudy,56,1.0
7150.0,Phoenix,Mostly Cloudy,37,1.0
7150.999999999997,Phoenix,Mostly Cloudy,35,1.0
7151.999999999999,Phoenix,Mostly Cloudy,34,1.0
7178.999999999999,Phoenix,Mostly Cloudy,57,1.0
7182.0,Phoenix,Mostly Cloudy,41,1.0
7182.999999999997,Phoenix,Partly Sunny,39,1.0
7374.999999999999,Portland,Cloudy,63,1.0
7448.999999999999,Portland,Light Rain,79,1.0
7464.0,Portland,Cloudy,81,1.0
7476.999999999997,Portland,Cloudy,82,1.0
7485.0,Portland,Cloudy,93,1.0
7496.999999999998,Portland,Fog,100,1.0
7552.999999999997,Portland,Cloudy,68,1.0
7690.999999999999,San Antonio,Mostly Cloudy,76,1.0
7764.999999999999,San Antonio,Partly Sunny,55,1.0
7775.999999999997,San Antonio,Clear,66,1.0
7777.999999999998,San Antonio,Clear,72,1.0
7801.999999999999,San Antonio,Clear,75,1.0
7810.999999999997,San Antonio,Cloudy,88,1.0
7823.999999999998,San Antonio,Cloudy,81,1.0
8008.999999999998,San Diego,Mostly Cloudy,77,1.0
8099.999999999998,San Diego,Fog,86,1.0
8103.999999999999,San Diego,Mostly Cloudy,82,1.0
8110.0,San Diego,Partly Cloudy,62,1.0
8110.999999999999,San Diego,Partly Cloudy,67,1.0
8122.999999999997,San Diego,Partly Cloudy,77,1.0
8134.999999999998,San Diego,Haze,82,1.0
8139.999999999999,San Diego,Haze,79,1.0
8142.999999999998,San Diego,Partly Cloudy,64,1.0
8336.0,San Francisco,Mostly Cloudy,66,1.0
8648.999999999998,San Jose,Mostly Cloudy,93,1.0
8968.999999999998,Seattle,Mostly Cloudy,71,1.0
9051.999999999996,Seattle,Cloudy,79,1.0
9065.999999999998,Seattle,Light Rain,93,1.0
9068.999999999998,Seattle,Cloudy,87,1.0
9075.999999999998,Seattle,Light Rain,87,1.0
9078.999999999998,Seattle,Overcast,87,1.0
9083.999999999998,Seattle,Cloudy,93,1.0
9279.999999999996,Washington,Partly Cloudy,42,1.0
9292.999999999998,Washington,Cloudy,38,1.0
9296.0,Washington,Cloudy,35,1.0
9371.999999999998,Washington,Cloudy,38,1.0
9378.999999999998,Washington,Cloudy,42,1.0
9385.0,Washington,Snow,79,1.0
9390.0,Washington,Snow,73,1.0
9393.999999999996,Washington,Light Snow,79,1.0
9422.999999999996,Washington,Clear,31,1.0
9425.0,Washington,Clear,30,1.0
