entity,Domain,Conditions,Humidity,day
2101.1552557222067,Fort Worth,Mostly Cloudy,86.38402215666123,1.0
2104.1552557222067,Fort Worth,Overcast,82.60346338903905,1.0
2124.2774907926955,Fort Worth,Fog;Partly Cloudy;Not totally Cloudy;Scattered Clouds,92.11901389183825,1.0
2144.290005246995,Fort Worth,Partly Cloudy;Mostly Cloudy,77.77494113581002,1.0
2148.7288877117508,Fort Worth,Partly Cloudy;Clear;Clean;Sunny;Intermittent Clouds,74.83019049975566,1.0
2150.003189252223,Fort Worth,Partly Cloudy;Clear,76.47209816342931,1.0
2157.783748019846,Fort Worth,Partly;Partly Cloudy;Partly Sunny,50.46505647652033,1.0
2180.6316815498617,Fort Worth,Mist/Fog,91.61597784333881,1.0
2184.467100625578,Fort Worth,A Few Clouds,69.98748554570028,1.0
2193.1927990851063,Fort Worth,A Few,28.73050095042321,1.0
2195.467100625578,Fort Worth,A Few Clouds,26.18189786947863,1.0
2198.8511227822396,Fort Worth,Not totally Cloudy,26.401339101856465,1.0
2205.277490792696,Fort Worth,Mostly Clear;Partly;Mainly Sunny,33.51036928217612,1.0
2209.771233565546,Fort Worth,Clear;Sunny,43.18638931202791,1.0
2227.222630484601,Fort Worth,Not totally Cloudy;Mostly Cloudy;Clear;Mostly;Partly Cloudy,31.674376230485937,1.0
2232.9358144898288,Fort Worth,Mostly Cloudy;Sunny,26.754485497076754,1.0
2235.880954181735,Fort Worth,Partly Cloudy;Cloudy;Mostly Cloudy;Clear,50.998707396944255,1.0
2243.210116030301,Fort Worth,Mainly Cloudy;Partly Cloudy;Mostly Cloudy;Mostly Clear,58.723686356408315,1.0
2272.7288877117508,Houston,Cloudy,50.906121379192356,1.0
2278.674027403657,Houston,Cloudy,83.39456053510607,1.0
2292.9608433984286,Houston,Overcast,59.358993248061736,1.0
2299.2351449389007,Houston,Overcast,85.8229046214169,1.0
2317.5768212417674,Houston,Clear,44.75710352949881,1.0
2322.1129098684123,Houston,Clear,60.818833249744934,1.0
2324.222630484601,Houston,Clear,50.99919798183516,1.0
2330.307322192191,Houston,Clear;Partly Cloudy;Mainly Sunny,46.668602344284544,1.0
2336.1427412679072,Houston,Sunny;Mostly Sunny,44.74311636141311,1.0
2357.100395414112,Houston,Clean,71.49374277285013,1.0
2377.058049560317,Houston,Mainly Cloudy;Mostly Cloudy;Intermittent Clouds,41.31389766751687,1.0
2410.905983090334,Houston,Cloudy,53.92011078330606,1.0
2418.576821241767,Houston,Partly Cloudy,49.523574172345114,1.0
2423.576821241768,Houston,Not totally Cloudy,39.511059718045374,1.0
2425.7288877117517,Houston,Not totally Cloudy,38.4138535561562,1.0
2429.2226304846017,Houston,Not totally Cloudy,32.511059718045374,1.0
2434.948328944129,Houston,Mostly Cloudy,30.45619940995092,1.0
2456.235144938901,Houston,Clear;Mostly Cloudy,53.52035941933838,1.0
2465.7288877117508,Houston,Clear;Sunny,66.87972242679307,1.0
2482.716373257452,Houston,Cloudy;Overcast,52.3269692245697,1.0
2488.716373257452,Houston,Cloudy,55.40441410933744,1.0
2502.82609387364,Houston,Fair,68.35419075716622,1.0
2508.990674797923,Houston,Clean,77.58614644384382,1.0
2525.1129098684123,Houston,Clear;Mostly Clear,52.999371184469084,1.0
2527.1552557222067,Houston,Clear;Mostly Clear,58.52204261633589,1.0
2528.8135794193404,Houston,Clear;Sunny,62.68294487433782,1.0
2550.758719111246,Houston,Partly Cloudy;Partly Sunny;Scattered Clouds;Scattered;Not totally Cloudy,58.73559257951364,1.0
2563.3198366464903,Houston,Clear;Clean;Mostly Clear,76.44895915714294,1.0
2566.087880959813,Houston,Clear;Fair,77.26957254554308,1.0
2570.581623732663,Houston,Clear;Fair;Mostly Cloudy,82.23652987500647,1.0
2571.6364840407578,Houston,Overcast;Cloudy;Clear,82.3901879603562,1.0
2589.6913443488515,Indianapolis,Cloudy,69.2854912216565,1.0
2592.185087121702,Indianapolis,Clear;Cloudy,74.19797633619923,1.0
2593.5142489702685,Indianapolis,Partly Cloudy;Cloudy,73.45392532739892,1.0
2622.801064965041,Indianapolis,Clean,83.68335260573299,1.0
2626.3496680459853,Indianapolis,Clean,84.45139691905541,1.0
2636.7760360564407,Indianapolis,Cloudy,67.0162325247916,1.0
2644.9406169807244,Indianapolis,Cloudy;Overcast;Partly Cloudy,78.0349068967665,1.0
2658.9406169807244,Indianapolis,Light Snow;Flurries;Cloudy;Light,80.64051063328242,1.0
2662.9281025264245,Indianapolis,Haze;Hazy;Cloudy;Partly Cloudy,78.10103614673558,1.0
2680.1051979050076,Indianapolis,Overcast,82.42156551956043,1.0
2687.995477288819,Indianapolis,Mist/Fog,80.81810213052137,1.0
2706.2274329754964,Indianapolis,Flurries;Cloudy;Fog And Mist;Light Snow;Light Snow Mist;Mist,89.74939657115243,1.0
2708.611455132158,Indianapolis,Light Snow;Overcast;Flurries;Snow,90.27863518454497,1.0
2712.501734515969,Indianapolis,Cloudy;Overcast;Fog,84.25323631609709,1.0
2713.5565948240633,Indianapolis,Cloudy;Fog;Mist,89.8789089549941,1.0
2724.1177123593075,Indianapolis,Cloudy;Partly;Partly Cloudy,69.02063734073022,1.0
2726.4468742078743,Indianapolis,Cloudy,63.207524859453024,1.0
2739.1725726674026,Indianapolis,Mist/Light Snow Fog,88.54380059004912,1.0
2744.147543758803,Indianapolis,Mist/Fog,84.87296243861584,1.0
2759.4343597535744,Jacksonville,Overcast,64.35419075716624,1.0
2763.8732422183307,Jacksonville,Light Snow;Snow;Light Snow Mist;Flurries,89.84950042252345,1.0
2768.2024040668975,Jacksonville,Cloudy,82.5444062282948,1.0
2772.641286531653,Jacksonville,Mostly Cloudy;Cloudy,76.90411314115094,1.0
2778.641286531653,Jacksonville,Partly Cloudy;Not totally Cloudy;Partly Sunny,63.02436643200184,1.0
2798.598940677858,Jacksonville,Mostly Cloudy,73.50804153366958,1.0
2801.202404066897,Jacksonville,Mostly Cloudy;Mainly Cloudy,79.42859611460116,1.0
2818.324639137386,Jacksonville,Mostly Cloudy,56.94513969190554,1.0
2832.885756672629,Jacksonville,Mainly Cloudy,80.95765414620529,1.0
2836.8308963645354,Jacksonville,Mainly Cloudy,70.67083815143324,1.0
2845.092683450708,Jacksonville,Partly,39.09720616188919,1.0
2846.3669849911803,Jacksonville,Mostly Cloudy,31.0,1.0
2852.3669849911807,Jacksonville,Clear;Fair,60.95137527589005,1.0
2857.366984991181,Jacksonville,Sunny;Clear,73.58047321177428,1.0
2877.4343597535744,Jacksonville,Cloudy;Overcast,43.54124037695448,1.0
2884.4343597535744,Jacksonville,Not totally Cloudy;Mostly Clear;Scattered Clouds;Cloudy,63.68335260573298,1.0
2901.2996102287857,Jacksonville,Cloudy,80.7507184504026,1.0
2910.8231844011316,Jacksonville,Cloudy;Mainly Cloudy,44.018407252515,1.0
2912.9329050173196,Las Vegas,Mostly Cloudy;Cloudy,40.81402031606184,1.0
2927.92039056302,Las Vegas,Light Rain,87.99576077807599,1.0
2937.5363684063595,Las Vegas,Overcast,87.71318400522797,1.0
2947.0426256335095,Las Vegas,Overcast,92.94513969190555,1.0
2962.7134637849426,Las Vegas,Mostly Cloudy;Intermittent Clouds;Cloudy,32.03015079196215,1.0
2970.895361654422,Las Vegas,Mainly Cloudy;Mostly Cloudy;Cloudy,48.67971342527676,1.0
2975.9502219625156,Las Vegas,Mostly Cloudy;Mostly,66.33513472393328,1.0
2999.743295184437,Las Vegas,Overcast,48.48122831855039,1.0
3008.304412719682,Las Vegas,Mostly Cloudy,65.65832369713351,1.0
3022.591228714453,Las Vegas,Mostly,32.74301540472296,1.0
3024.6884348763424,Las Vegas,Mostly Cloudy,30.932625237605812,1.0
3049.5912287144533,Las Vegas,Light Rain;Showers,81.21883559413213,1.0
3056.456479189665,Las Vegas,Light Rain;Rain,92.37990601042897,1.0
3065.072457033004,Las Vegas,Overcast,56.56111753524432,1.0
3070.4564791896655,Las Vegas,Overcast,72.78055876762217,1.0
3076.114802886799,Las Vegas,Light Rain,86.38402215666123,1.0
3085.9251930539167,Las Vegas,Light,83.6583236971335,1.0
3093.5960312053494,Las Vegas,Light Rain,92.11656183841914,1.0
3100.650891513444,Las Vegas,Rain,88.39549285612485,1.0
3115.937707508216,Las Vegas,Clear,81.15828696505316,1.0
3134.9502219625156,Las Vegas,Cloudy;Overcast,87.47734794993261,1.0
3140.6759204220434,Las Vegas,Cloudy,76.57178239259224,1.0
3150.7606121296326,Las Vegas,Mist/Fog,83.62849229763853,1.0
3151.8154724377277,Las Vegas,Mist/Fog,86.29933044907177,1.0
3154.0349136701047,Las Vegas,Mist/Fog,85.86044798431611,1.0
3155.1994945943884,Las Vegas,Mist/Fog,90.35419075716626,1.0
3157.418935826766,Los Angeles,Mist/Fog,86.35419075716624,1.0
3162.364075518672,Los Angeles,Mist/Fog,87.51877168144964,1.0
3182.48631058916,Los Angeles,Cloudy;Overcast,77.23767220507784,1.0
3187.4314502810653,Los Angeles,Cloudy,73.46534901566262,1.0
3193.157148740594,Los Angeles,Cloudy,75.74556159501978,1.0
3198.5960312053494,Los Angeles,Cloudy,72.89464248884508,1.0
3205.321729664877,Los Angeles,Cloudy,73.23117215270281,1.0
3207.321729664877,Los Angeles,Cloudy,76.91827131649721,1.0
3210.4863105891604,Los Angeles,Cloudy,77.53249741224077,1.0
3215.266869356783,Los Angeles,Cloudy,80.73616896201376,1.0
3233.2793838110824,Los Angeles,Cloudy,80.03899244620601,1.0
3241.224523502988,Los Angeles,Light Rain;Rain,83.73365393574451,1.0
3248.663405967743,Los Angeles,Light Rain;Cloudy,86.61511526417907,1.0
3252.760612129633,Los Angeles,Light Rain;Rain,90.17859954239692,1.0
3264.3765899729724,Los Angeles,Light Rain,83.73821291382745,1.0
3278.1571487405927,Los Angeles,Light Rain,95.73821291382745,1.0
3288.7182662758387,Los Angeles,Cloudy,78.74457082932763,1.0
3289.9377075082166,Los Angeles,Cloudy,79.1834532940833,1.0
3308.1696631948926,Los Angeles,Cloudy,70.30199204302129,1.0
3315.0474281244046,Los Angeles,Sunny;Not totally Cloudy,58.6921625455366,1.0
3323.663405967743,Los Angeles,Overcast,79.67083815143326,1.0
3326.102288432499,Los Angeles,Overcast,85.2319556866776,1.0
3343.773126583932,Los Angeles,Mainly Cloudy,68.54860308094459,1.0
3351.663405967744,Los Angeles,Sunny;Partly Cloudy;Clear,67.79078975610147,1.0
3352.827986892027,Memphis,Clear;Sunny,71.21282637596366,1.0
3368.7182662758382,Memphis,Sunny;Cloudy;Mostly,85.68456388222442,1.0
3374.3765899729715,Memphis,Clear;Sunny;Overcast,68.96941863914185,1.0
3375.5411708972547,Memphis,Light Rain;Cloudy;Clean,70.68460704358218,1.0
3395.638377059144,Memphis,Clean,88.50625722714989,1.0
3403.8029579834274,Memphis,Fair,80.00000000000001,1.0
3405.46128168056,Memphis,Fair,77.43888246475568,1.0
3406.5710022967496,Memphis,Fair,77.10972061618894,1.0
3426.96753890771,Memphis,Cloudy,82.1913642478918,1.0
3436.693237367238,Memphis,Partly Cloudy;Fair,75.82416809077763,1.0
3439.8453038372227,Memphis,Partly Cloudy;Clear;Scattered Clouds;Clean,77.39449298472715,1.0
3440.955024453412,Memphis,Partly Cloudy;Not totally Cloudy;Clear,78.6953740537092,1.0
3443.7779290748285,Memphis,Partly;Scattered Clouds;Cloudy;Not totally Cloudy,80.50025011584968,1.0
3461.8453038372218,Memphis,Cloudy;Overcast;Fog And Mist,91.30288150977043,1.0
3465.1196053776935,Memphis,Cloudy;Overcast,85.83447712579208,1.0
3477.461281680562,Memphis,Mostly Cloudy,82.50625722714986,1.0
3500.3640755186716,Memphis,Cloudy,72.69293480593485,1.0
3514.8154724377264,Memphis,Cloudy,71.50782988779925,1.0
3518.6258626048443,Memphis,Cloudy,70.70887073262494,1.0
3521.0647450696,Memphis,Cloudy,69.1608903784918,1.0
3526.1744656857886,Memphis,Cloudy;Mostly Cloudy,61.790700556830814,1.0
3528.832789382923,Memphis,Cloudy;Mostly,61.364492659115626,1.0
3535.7779290748285,Memphis,Cloudy,72.8755843692078,1.0
3538.6008336962445,Memphis,Cloudy,73.63945710309267,1.0
3540.765414620528,Memphis,Cloudy,72.62822738448672,1.0
3545.8751352367167,Memphis,Cloudy,75.39076183544448,1.0
3554.436252771962,Memphis,Cloudy,74.95909178851275,1.0
3561.1070909233954,Milwaukee,Cloudy;Mostly Cloudy,69.55835907807437,1.0
3564.575804787646,Milwaukee,Cloudy;Light;Light Rain,80.52671529755548,1.0
3575.0868645056903,Milwaukee,Rain;Cloudy,91.12985258536247,1.0
3581.867423273313,Milwaukee,Rain;Showers;Cloudy,91.95099745291844,1.0
3596.061835597091,Milwaukee,Mist/Rain Fog,86.38402215666123,1.0
3608.17155621328,Milwaukee,Overcast,90.79307322192193,1.0
3622.4458577537525,Milwaukee,Cloudy,89.16548966923348,1.0
3628.226416521375,Milwaukee,Cloudy,91.41258679205676,1.0
3630.2264165213746,Milwaukee,Cloudy,86.46329883056691,1.0
3636.1715562132813,Milwaukee,Cloudy;Overcast,90.32735666436787,1.0
3666.4035118999586,Milwaukee,Mist/Fog,89.89027938381108,1.0
3673.568092824241,Milwaukee,Light Rain,79.94513969190555,1.0
3675.677813440431,Milwaukee,Overcast,76.50625722714987,1.0
3678.17155621328,Milwaukee,Overcast,77.83541907571663,1.0
3686.8972546728087,Milwaukee,Cloudy;Mostly Cloudy,80.99986984852693,1.0
3695.9521149809025,Milwaukee,Cloudy;Mostly Cloudy;Overcast,79.42597458837038,1.0
3697.0069752889976,Milwaukee,Overcast;Cloudy,80.87989822290167,1.0
3699.1041814508862,Milwaukee,Light Rain;Mostly Cloudy;Cloudy,79.53341421392606,1.0
3700.268762375169,Milwaukee,Light Rain;Showers,81.4423567777225,1.0
3722.1166959051857,Milwaukee,Mostly Cloudy,80.27430154047231,1.0
3742.1166959051857,Milwaukee,Overcast,76.94513969190555,1.0
3758.513232516147,Milwaukee,Mostly Cloudy;Cloudy,61.155795663804035,1.0
3762.9521149809025,Milwaukee,Partly Cloudy;Sunny;Cloudy,57.22221352192124,1.0
3774.2812768294693,Milwaukee,Mostly Cloudy;Mainly Cloudy;Overcast;Intermittent Clouds,72.33105456785803,1.0
3777.226416521374,Milwaukee,Cloudy;Overcast,70.72177186026968,1.0
3788.622953132336,Nashville,Mostly Cloudy,56.138351787882165,1.0
3802.8549088190125,Nashville,A Few Clouds,69.09720616188918,1.0
3822.8674232733124,Nashville,Mostly Cloudy,42.64580924283377,1.0
3850.550775879046,Nashville,Partly Cloudy;Not totally Cloudy;Sunny;Cloudy;Scattered,57.112492905732324,1.0
3853.441055262857,Nashville,Partly Cloudy;Not totally Cloudy;Scattered Clouds;Mostly Sunny,57.112492905732324,1.0
3861.757702657125,Nashville,Partly Cloudy;Mostly Clear,73.67227579374072,1.0
3880.209099576179,Nashville,Clear;Sunny,67.83854013241465,1.0
3883.812562965218,Nashville,Sunny;Clear,58.62908094479185,1.0
3901.8250774195185,Nashville,Cloudy;Overcast,80.49444896657145,1.0
3911.4959155709516,Nashville,Fair,77.28681599477204,1.0
3927.373680500463,Nashville,Mist/Fog,82.73821291382744,1.0
3931.6479820409354,Nashville,Partly;Partly Sunny;Mostly Clear,73.96314393245268,1.0
3934.6479820409354,Nashville,Mostly Cloudy;Mainly Cloudy,46.63396240712024,1.0
3936.70284234903,Nashville,Mostly Cloudy;Cloudy,56.40515293417654,1.0
3952.0320041975965,Nashville,Cloudy,76.49429899741216,1.0
3964.525746970447,Nashville,Cloudy,60.650548336444956,1.0
3973.2514454299744,Nashville,Overcast,56.8229046214169,1.0
3990.318820192368,Nashville,Overcast,55.09720616188918,1.0
3994.538261424747,Nashville,Overcast,58.50625722714988,1.0
3997.7451882028245,Nashville,Overcast,63.64580924283377,1.0
4009.306305738069,Nashville,Cloudy,79.95544240120846,1.0
4012.635467586635,Nashville,Light Snow;Flurries;Cloudy;Light,84.23191431871987,1.0
4022.1965851218793,Nashville,Haze;Cloudy;Snow,75.23247778461311,1.0
4036.5382614247465,Nashville,Overcast,78.76324182242692,1.0
4049.0993789599906,Nashville,Overcast with Haze,78.31184490337152,1.0
4050.2639598842743,Nashville,Overcast with Haze,78.58614644384382,1.0
4054.0868645056908,Nashville,Overcast with Haze,75.4764258276549,1.0
4077.9896583438012,Nashville,Cloudy;Overcast,53.41651553942063,1.0
4081.9347980357065,Nashville,Cloudy,74.21772196468115,1.0
4086.09937895999,Nashville,Cloudy;Mainly Cloudy;Mostly Cloudy;Mostly,75.48385705067236,1.0
4094.4160263542567,New York,Mostly Cloudy;Mainly Cloudy;Clear,77.6907834094565,1.0
4100.416026354257,New York,Cloudy;Overcast;Sunny,84.75903781625564,1.0
4106.909769127108,New York,Cloudy;Overcast,71.6113102041744,1.0
4113.854908819013,New York,Mostly Cloudy,71.76804431332242,1.0
4121.513232516148,New York,Mostly Cloudy,74.97016860050503,1.0
4129.2389309756745,New York,Mainly Cloudy,79.06737476239421,1.0
4133.129210359485,New York,Overcast,80.80558767622163,1.0
4145.635467586635,New York,Overcast,80.47642582765488,1.0
4160.141724813786,New York,Cloudy;Overcast,88.30603829062048,1.0
4181.196585121879,New York,Cloudy;Overcast,87.70036161303328,1.0
4193.690327894729,New York,Cloudy,72.60585366652501,1.0
4208.842394364713,New York,Mostly Cloudy;Mainly Cloudy,68.27342382137512,1.0
4220.622953132337,New York,Cloudy;Not totally Cloudy;Mostly,94.12561652598569,1.0
4225.622953132335,New York,Cloudy,80.5872517580387,1.0
4236.07435005139,New York,Mostly Cloudy,77.58614644384382,1.0
4239.074350051392,New York,Not totally Cloudy,82.87296243861586,1.0
4243.18407066758,New York,Overcast,85.59866089814356,1.0
4246.281276829469,Oklahoma City,Overcast,84.24447014097733,1.0
4261.897254672807,Oklahoma City,Cloudy;Light Rain,88.464860158556,1.0
4275.061835597093,Oklahoma City,Cloudy;Overcast,92.79985456371345,1.0
4280.116695905185,Oklahoma City,Rain;Overcast,92.48288777697928,1.0
4292.2264165213755,Oklahoma City,Overcast,86.0673747623942,1.0
4302.006975288998,Oklahoma City,Mist/Light Rain Fog,96.06737476239422,1.0
4332.2389309756745,Oklahoma City,Cloudy,73.59070138874507,1.0
4343.635467586635,Oklahoma City,Partly Cloudy;Sunny;Cloudy,65.409574105072,1.0
4345.58060727854,Oklahoma City,Mostly Cloudy;Partly Sunny;Mainly Cloudy,68.12034139049385,1.0
4361.909769127108,Oklahoma City,Overcast,73.3416763028665,1.0
4364.513232516147,Oklahoma City,Overcast,77.10972061618894,1.0
4380.690327894729,Oklahoma City,Cloudy,67.65832369713351,1.0
4383.745188202824,Oklahoma City,Mostly Clear,63.32348861649723,1.0
4385.690327894729,Oklahoma City,Clear;Mostly;Cloudy,69.83440706378609,1.0
4388.568092824241,Oklahoma City,Clear;Mainly Cloudy;Cloudy;Fair,68.77048769590432,1.0
4390.568092824241,Oklahoma City,Mostly Cloudy;Clear;Intermittent Clouds;Fair,71.20454993490395,1.0
4401.964629435202,Philadelphia,Mostly Cloudy;Intermittent Clouds;Mostly Sunny;Sunny,35.37259266993656,1.0
4404.555578369942,Philadelphia,Mostly Cloudy;Intermittent Clouds;Fair,35.09240822021214,1.0
4444.416026354258,Philadelphia,Mainly Cloudy,35.85273602091187,1.0
4455.306305738069,Philadelphia,A Few Clouds,72.72569845952772,1.0
4469.922283581407,Philadelphia,Mostly Cloudy;Clear;Intermittent Clouds;Fair,52.30492576560675,1.0
4472.580607278541,Philadelphia,Clear;Mostly;Partly Cloudy;Clean;Mostly Cloudy,62.885930294171395,1.0
4477.470886662351,Philadelphia,Mostly Cloudy;Clear;Clean,68.4762196160141,1.0
4486.0194897432975,Philadelphia,Clear;Partly Cloudy;Mostly Sunny;Sunny,75.86110155577695,1.0
4528.989658343802,Philadelphia,Clear;Not totally Cloudy;Sunny;Partly,32.511906998819725,1.0
4532.867423273313,Philadelphia,Sunny;Clear,39.66654877538683,1.0
4534.867423273313,Philadelphia,Clear,54.91207098518277,1.0
4537.922283581408,Philadelphia,Clear,55.42214904679014,1.0
4545.538261424747,Philadelphia,Clear;Partly Cloudy,61.599418454701336,1.0
4547.086864505691,Philadelphia,Clear;Mostly Clear;Not totally Cloudy,60.83957821235856,1.0
4566.099378959991,Philadelphia,A Few Clouds,62.109720616188916,1.0
4568.70284234903,Philadelphia,A Few Clouds,63.64580924283377,1.0
4572.647982040936,Philadelphia,Clear;Scattered Clouds;Not totally Sunny;Clean;Sunny,60.85579327076707,1.0
4581.086864505691,Philadelphia,Mainly Cloudy;Clear;Mostly Cloudy;Cloudy,42.00092526129112,1.0
4594.538261424746,Philadelphia,Cloudy;Not totally Cloudy,66.73977289103087,1.0
4597.593121732841,Philadelphia,Mostly Cloudy;Partly Cloudy,54.842019654427226,1.0
4598.757702657124,Phoenix,Mainly Cloudy;Clear;Sunny,50.02577460540366,1.0
4601.922283581407,Phoenix,Sunny;Mainly Cloudy;Clear;Fair,37.448759614356625,1.0
4604.9646294352015,Phoenix,Clear;Mainly Cloudy;Intermittent Clouds;Partly Cloudy,36.48875913808379,1.0
4618.306305738069,Phoenix,Mostly Cloudy,57.37150770236149,1.0
4627.800048510918,Phoenix,Mostly,59.83541907571664,1.0
4629.568092824243,Phoenix,Cloudy,61.20692677807811,1.0
4641.129210359486,Phoenix,Clear;Mainly Cloudy;Clean;Mostly Cloudy,37.55152852079257,1.0
4659.470886662353,Phoenix,Clear;Mostly Clear;Fair,68.2444701409773,1.0
4665.19658512188,Phoenix,Sunny;Clear;Fair;Scattered Clouds;Scattered;Partly Sunny,42.602364690136355,1.0
4668.361166046163,Phoenix,Sunny;Partly Sunny;Fair;Clear,32.762640733399664,1.0
4671.470886662352,Phoenix,Mostly Cloudy,38.139552015683904,1.0
4676.403511899958,Phoenix,Mostly Cloudy,47.725698459527706,1.0
4678.677813440429,Phoenix,Mostly,52.71318400522796,1.0
4702.18407066758,Phoenix,Clear,74.37834377195925,1.0
4712.019489743297,Phoenix,Sunny;Clear,58.7794445689346,1.0
4713.074350051391,Phoenix,Sunny;Clear,57.25282785327158,1.0
4717.622953132335,Phoenix,Sunny;Clear,41.738514252652905,1.0
4734.2389309756745,Phoenix,Clear,77.79654203335592,1.0
4751.800048510919,Phoenix,Haze;Sunny;Mainly Sunny,48.297513691908506,1.0
4754.568092824241,Phoenix,Fair,52.73821291382745,1.0
4756.7326737485255,Phoenix,Fair,55.50625722714988,1.0
4759.842394364713,Phoenix,Fair,56.54860308094461,1.0
4762.1590417589805,Phoenix,Fair,55.50625722714988,1.0
4770.213902067076,Phoenix,Fair,76.3416763028665,1.0
4772.9270860723045,Phoenix,Haze,80.09240367099368,1.0
4774.8722257642075,Phoenix,Haze,76.31184490337152,1.0
4788.585409769436,Phoenix,Haze,44.19441232377836,1.0
4793.585409769437,Phoenix,Sunny;Clear,61.66623060497309,1.0
4804.475689153247,Phoenix,Cloudy;Haze;Mainly Cloudy;Unclear,81.62123196269411,1.0
4805.695130385627,Phoenix,Hazy;Haze;Partly Cloudy;Fair,82.24964176466038,1.0
4838.104181450886,Phoenix,Clear;Sunny,85.39340786322147,1.0
4842.323622683264,Portland,Haze;Hazy Sunshine;Sunny;Clear,86.84555718260184,1.0
4844.652784531831,Portland,Sunny;Haze;Hazy,76.4122156406489,1.0
4845.981946380397,Portland,Sunny;Hazy;Haze,65.99068165503073,1.0
4847.804851001814,Portland,Sunny;Clear,55.07658960614958,1.0
4850.7923365475135,Portland,Clear;Haze;Mostly Sunny,48.98520057906816,1.0
4861.518035007042,Portland,Clear,77.25343978706489,1.0
4877.079152542286,Portland,Fair,49.08469170758944,1.0
4886.585409769436,Portland,Overcast,81.38402215666122,1.0
4898.036806688492,Portland,Sunny;Clear,69.447195600506,1.0
4901.872225764208,Portland,Clear;Sunny,68.37150770236148,1.0
4918.049321142792,Portland,Haze;Hazy,88.0,1.0
4927.775019602319,Portland,Haze;Cloudy,61.59094893473933,1.0
4940.26876237517,Portland,Haze,80.83541907571663,1.0
4942.433343299453,Portland,Fog,85.3416763028665,1.0
4949.3784829913575,Portland,Haze,83.61597784333878,1.0
4950.597924223736,Portland,Haze,79.67083815143326,1.0
4954.762505148019,Portland,Haze,76.83541907571663,1.0
4964.323622683264,Portland,Clear;Sunny,58.15206646998364,1.0
4978.6652989861295,Portland,Clear,81.78055876762217,1.0
4979.884740218508,Portland,Clear,81.94513969190554,1.0
4996.049321142791,San Antonio,Clean,61.15206646998365,1.0
5018.226416521375,San Antonio,Clean,48.13955201568392,1.0
5021.4458577537525,San Antonio,Fair,43.578434480439576,1.0
5024.4458577537525,San Antonio,Cloudy,65.59094893473932,1.0
5035.500718061848,San Antonio,Light Freezing Rain;Sleet;Freezing Rain,85.94513969190555,1.0
5046.665298986131,San Antonio,Mainly Cloudy;Mostly Cloudy;Not totally Cloudy;Partly;Cloudy,76.2069267780781,1.0
5056.720159294225,San Antonio,Mostly Cloudy;Mostly;Mainly Cloudy,80.89027938381109,1.0
5072.842394364713,San Antonio,Cloudy,54.426368010455946,1.0
5088.061835597092,San Antonio,Mainly Cloudy,77.56111753524434,1.0
5109.18407066758,San Antonio,Freezing Rain;Light Freezing,83.5187716814496,1.0
5111.568092824241,San Antonio,Freezing Rain;Light Freezing Rain;Freezing,85.67083815143326,1.0
5112.622953132337,San Antonio,Freezing Drizzle;Freezing Rain;Light Freezing Drizzle;Light Freezing Drizzle Mist,86.00000000000001,1.0
5116.4458577537525,San Antonio,Freezing Drizzle;Light Freezing;Light Freezing Drizzle Mist;Rain;Cloudy,86.90279383811082,1.0
5117.829879910415,San Antonio,Freezing Drizzle;Light Freezing Drizzle;Freezing Rain,91.57363198954408,1.0
5118.829879910414,San Antonio,Light Freezing Drizzle;Freezing Drizzle;Rain,85.2319556866776,1.0
5132.9396005266035,San Antonio,Cloudy,85.94513969190555,1.0
5151.17155621328,San Antonio,Clear;Sunny,80.17709537858312,1.0
5165.403511899958,San Antonio,Partly Cloudy;Partly Sunny,67.21944123237785,1.0
5171.17155621328,San Antonio,Cloudy,56.86525047521161,1.0
5172.555578369941,San Antonio,Cloudy,56.37150770236147,1.0
5178.28127682947,San Antonio,Cloudy,65.65832369713351,1.0
5183.061835597091,San Antonio,Cloudy,65.65832369713351,1.0
5192.720159294225,San Diego,Overcast,56.48122831855039,1.0
5199.884740218509,San Diego,Overcast,63.65832369713352,1.0
5212.281276829469,San Diego,Rain,73.32916184856676,1.0
5215.1715562132795,San Diego,Cloudy;Overcast,70.60346338903904,1.0
5219.061835597092,San Diego,Cloudy,58.31664739426701,1.0
5221.994460834696,San Diego,Cloudy,74.09720616188919,1.0
5248.622953132335,San Diego,Overcast,61.426368010455946,1.0
5255.006975288998,San Diego,Overcast,73.5486030809446,1.0
5259.159041758981,San Diego,Overcast,75.83541907571664,1.0
5281.720159294225,San Diego,Cloudy,70.27430154047228,1.0
5284.66529898613,San Diego,Cloudy;Mostly Cloudy,70.10972061618891,1.0
5288.55557836994,San Diego,Clear,74.7256984595277,1.0
5291.66529898613,San Diego,Clear,77.12223507048867,1.0
5296.500718061847,San Diego,Clear;Sunny;Fair,91.24447014097733,1.0
5303.500718061847,San Diego,Mainly Cloudy;Cloudy,70.16458092428337,1.0
5312.116695905185,San Diego,Overcast,70.27430154047228,1.0
5316.006975288997,San Diego,Fair,75.94513969190555,1.0
5321.006975288997,San Diego,Clean,81.61597784333878,1.0
5322.445857753753,San Diego,Fair,77.83541907571663,1.0
5335.116695905186,San Diego,Not totally Cloudy,60.5486030809446,1.0
5341.787534056619,San Diego,Overcast,51.81039016711715,1.0
5343.116695905185,San Diego,Partly Cloudy;Mostly Clear;Partly;Clear,49.46871386425066,1.0
5349.17155621328,San Diego,Partly Cloudy;Not totally Cloudy,61.7555298590227,1.0
5358.336137137564,San Diego,Partly Cloudy;Not totally Cloudy;Partly;Partly Sunny,52.920110783306065,1.0
5363.720159294224,San Diego,Mostly Cloudy;Cloudy,47.578434480439576,1.0
5373.939600526603,San Diego,Partly Cloudy;Not totally Cloudy;Clear,62.536088626644855,1.0
5382.77501960232,San Francisco,Cloudy,68.42636801045595,1.0
5383.829879910415,San Francisco,Cloudy,68.09720616188919,1.0
5388.884740218508,San Francisco,Cloudy,55.194412323778366,1.0
5396.256247920869,San Francisco,Cloudy;Mostly Cloudy,56.920110783306065,1.0
5408.927086072304,San Francisco,Clean,62.04234585379472,1.0
5410.927086072304,San Francisco,Fair,67.5486030809446,1.0
5411.981946380397,San Francisco,A Clouds,64.76804431332243,1.0
5415.311108228963,San Francisco,Cloudy,64.98748554570027,1.0
5418.640270077531,San Francisco,Overcast,67.71318400522797,1.0
5421.530549461341,San Francisco,Overcast with Haze,63.097206161889176,1.0
5422.530549461343,San Francisco,Overcast,56.31664739426702,1.0
5423.530549461341,San Francisco,Overcast,53.645809242833764,1.0
5428.572895315137,San Francisco,Overcast,54.4812283185504,1.0
5433.450660244649,San Francisco,Partly Cloudy;Cloudy;Mostly Clear,64.71318400522797,1.0
5435.32842517416,San Francisco,Partly Cloudy;Mostly Cloudy;Scattered Clouds,61.83541907571662,1.0
5442.163844249876,San Francisco,Cloudy;Overcast,56.89027938381108,1.0
5455.999263325592,San Francisco,Light;Light Snow;Snow,85.12223507048867,1.0
5479.792336547514,San Francisco,Mostly Cloudy;Mainly Cloudy,72.72569845952772,1.0
5488.011777779891,San Francisco,Partly Sunny;Cloudy;Partly Cloudy;Sunny,46.49374277285014,1.0
5520.024292234193,San Francisco,A Few Clouds,70.83541907571663,1.0
5524.011777779892,San Francisco,Mist/Fog,81.64100675193826,1.0
5527.493006098443,San Francisco,with Haze,79.57363198954407,1.0
5528.602726714632,San Francisco,Mist/Fog,82.40905106526068,1.0
5540.32842517416,San Francisco,Partly Cloudy;Partly,57.87776492951134,1.0
5545.151329795577,San Francisco,Cloudy,68.0,1.0
5551.931888563197,San Francisco,Snow;Light Snow;Flurries,84.46391137335516,1.0
5565.2610504117665,San Francisco,Snow;Light Snow,85.67083815143326,1.0
5589.438145790348,San Francisco,Light Snow,91.2319556866776,1.0
5592.151329795576,San Francisco,Light Snow,91.56111753524436,1.0
5608.438145790349,San Francisco,Light Snow;Snow,80.56111753524434,1.0
5617.108983941782,San Francisco,Cloudy;Haze,83.7507273681272,1.0
5628.5603808608375,San Jose,Cloudy;Haze,72.90279383811082,1.0
5631.2735648660655,San Jose,Mostly Cloudy,64.60346338903905,1.0
5634.767307638916,San Jose,Partly Cloudy;Partly Sunny;Scattered Clouds;Scattered,56.16458092428339,1.0
5636.20619010367,San Jose,Partly Cloudy;Scattered Clouds;Partly Sunny;Not totally Cloudy,62.615977843338804,1.0
5659.877028255103,San Jose,Overcast with Haze,73.84793353001636,1.0
5673.328425174161,San Jose,Cloudy;Overcast,58.05486030809446,1.0
5676.273564866065,San Jose,Light Snow;Snow;Flurries,55.38402215666122,1.0
5693.944403017497,San Jose,Partly Cloudy;Not totally Cloudy;Mostly Clear,87.56111753524434,1.0
5698.83468240131,San Jose,Fog;Freezing Fog,99.34167630286649,1.0
5700.32842517416,San Jose,Fog;Foggy,98.7930732219219,1.0
5715.328425174161,San Jose,Mostly Cloudy,54.590948934739316,1.0
5716.986748871293,San Jose,Mostly Cloudy;Mostly,56.42636801045593,1.0
5761.463174698947,San Jose,Cloudy;Sleet;Light Sleet;Fog And Mist;Light Snow;Light Snow Mist,91.396536610961,1.0
5764.463174698948,San Jose,Light Snow;Flurries;Snow,91.2319556866776,1.0
5775.286079320365,San Jose,Cloudy;Overcast,75.73821291382745,1.0
5780.23121901227,San Jose,Cloudy;Overcast,74.10972061618892,1.0
5794.627755623233,San Jose,Clear,83.56111753524432,1.0
5811.0791525422865,Seattle,Clear;Sunny,43.920110783306065,1.0
5813.2985937746635,Seattle,Not totally Cloudy;Scattered Clouds;Mostly Sunny;Partly Cloudy,50.81039016711715,1.0
5822.134012850381,Seattle,Mostly Cloudy;Cloudy,74.83541907571663,1.0
5833.8597113099095,Seattle,Cloudy,71,1.0
5838.969431926098,Seattle,Fair,67.5486030809446,1.0
5851.695130385626,Seattle,Overcast,76.21944123237785,1.0
5858.530549461341,Seattle,Cloudy;Overcast,73.5486030809446,1.0
5862.079152542287,Seattle,Cloudy,70.71318400522796,1.0
5866.682615931327,Seattle,Cloudy,78.65832369713353,1.0
5877.2860793203645,Seattle,Drizzle;Overcast;Showers;Mist,92.78055876762218,1.0
5878.889542709405,Seattle,Fog;Overcast;Mist,91.90279383811084,1.0
5882.493006098444,Seattle,Drizzle;Light Drizzle;Showers,98.35419075716624,1.0
5884.096469487481,Seattle,Drizzle;Light Drizzle;Showers,100.0,1.0
5887.2061901036695,Seattle,Fog,99.01251445429972,1.0
5893.4804916441435,Seattle,Mostly Cloudy;Mostly,58.261787086172546,1.0
5897.425631336049,Seattle,Overcast,76.5486030809446,1.0
5907.096469487482,Seattle,Mist/Light Rain Fog,95.61597784333878,1.0
5919.493006098443,Seattle,Mist/Fog,88.83541907571664,1.0
5926.986748871293,Seattle,Cloudy,58.75552985902269,1.0
5930.535351952239,Seattle,Cloudy,63.75552985902269,1.0
5935.535351952237,Seattle,Cloudy,71.31664739426701,1.0
5939.029094725087,Seattle,Cloudy,72.8229046214169,1.0
5948.083955033182,Seattle,Cloudy,66.75552985902269,1.0
5973.413116881749,Washington,Overcast,70.21944123237782,1.0
5978.79713903841,Washington,Overcast,64.94513969190554,1.0
5985.522837497939,Washington,A Few Clouds,51.98748554570026,1.0
6027.041609179388,Washington,Clear;Sunny,51.31664739426701,1.0
6064.011777779892,Washington,Fair,42.02983139949499,1.0
6094.24373346657,Washington,Cloudy;Partly Cloudy;Scattered Clouds,40.536088626644855,1.0
6098.188873158476,Washington,Mostly Cloudy;Mainly Cloudy,40.26178708617256,1.0
6102.079152542287,Washington,Cloudy,44.4812283185504,1.0
6103.134012850381,Washington,Cloudy,50.15206646998364,1.0
6120.25624792087,Washington,Clear;Sunny,50.15206646998364,1.0
6125.640270077532,Washington,Sunny;Clear,37.72569845952771,1.0
6128.530549461341,Washington,Clear;Sunny,30.109720616188923,1.0
6143.121498396082,Washington,Clear,59.46391137335515,1.0
6145.615241168931,Washington,Clear,61.65832369713351,1.0
6157.779822093215,Washington,Overcast,54.94513969190554,1.0
6167.340939628459,Washington,Fair,61.2743015404723,1.0
6180.84719685561,Washington,Clear,39.64580924283378,1.0
6195.463174698949,Washington,Clear,51.37150770236147,1.0
6206.438145790348,Washington,Mainly Cloudy;Cloudy,42.23195568667758,1.0
6215.108983941781,Washington,Mainly Cloudy,37.83541907571663,1.0
6220.889542709404,Washington,Fair,45.49374277285013,1.0
6226.72496178512,Washington,Fair,47.49374277285013,1.0
6233.7798220932145,Washington,Mostly Cloudy,45.9326252376058,1.0
6239.505520552742,Washington,Mostly Cloudy,41.2069267780781,1.0
6245.32842517416,Washington,Mostly Cloudy,54.43888246475568,1.0
6252.054123633687,Washington,Light Snow;Flurries;Snow,91.29933044907179,1.0
6257.944403017499,Washington,Cloudy;Light Snow;Overcast,91.18960983288287,1.0
6271.615241168932,Washington,Mostly Cloudy;Mainly Cloudy,63.68335260573298,1.0
6276.163844249876,Washington,Cloudy;Overcast,59.384022156661224,1.0
6277.273564866064,Washington,Overcast,55.72569845952773,1.0
6284.889542709405,Washington,Mist/Light Snow Fog,89.47642582765492,1.0
6299.231219012272,Washington,Mainly Cloudy,76.58614644384382,1.0
6300.2860793203645,Washington,Mostly Cloudy,68.02502890859947,1.0
6317.121498396081,Washington,Snow;Light Snow;Flurries,82.46391137335515,1.0
6319.505520552742,Washington,Snow;Light Snow;Light,77.95765414620529,1.0
6325.23121901227,Washington,Snow;Overcast,89.29933044907177,1.0
6332.505520552743,Washington,Fog;Foggy;Light Freezing;Light Freezing Rain,96.48894028195463,1.0
6410.104181450885,Washington,Cloudy,75.67083815143326,1.0
6411.378482991358,Washington,Cloudy,78.0250289085995,1.0
6418.159041758979,Washington,Cloudy;Overcast,65.02502890859948,1.0
6422.104181450886,Washington,Cloudy;Overcast,72.8604479843161,1.0
6425.159041758981,Washington,Cloudy;Overcast,91.4764258276549,1.0
6461.184070667582,Washington,Cloudy;Light Rain,83.18960983288285,1.0
6463.4458577537525,Washington,Cloudy;Light Rain,84.39653661096095,1.0
6464.939600526603,Washington,Rain;Light Rain,86.35419075716624,1.0
6495.238930975675,Washington,Freezing Rain;Overcast,65.56111753524434,1.0
6565.398709409062,Washington,Fog;Overcast,89.98268305480478,1.0
6567.276474338574,Washington,Fog;Overcast;Dense Fog,91.17709537858315,1.0
6621.191782630985,Washington,Clear,39.2743015404723,1.0
6625.082062014794,Washington,Cloudy;Sunny;Mostly Cloudy,43.60346338903906,1.0
6646.929995544813,Washington,Clear;Sunny,54.10972061618892,1.0
6669.777929074828,Washington,Clean,53.164580924283385,1.0
6675.5036275343555,Washington,Fair,62.615977843338804,1.0
6684.448767226261,Washington,A Few Clouds,53.37150770236147,1.0
6685.503627534356,Washington,A Clouds,49.92011078330607,1.0
6686.5584878424515,Washington,A Few Clouds,49.700669550928225,1.0
6688.216811539584,Washington,Few Clouds,43.890279383811084,1.0
6711.17446568579,Washington,Cloudy;Clear,43.87776492951135,1.0
6718.393906918168,Washington,Cloudy;Overcast,43.24927263187282,1.0
6726.95502445341,Washington,Light Snow;Snow,79.16458092428338,1.0
6736.381392463867,Washington,Cloudy;Overcast,50.86525047521161,1.0
6745.107090923394,Washington,Clear;Not totally Cloudy;Mostly Clear,54.86525047521161,1.0
6760.339046610072,Washington,Sunny;Clear,39.02983139949498,1.0
6784.967538907712,Washington,Mostly,62.054860308094455,1.0
6787.857818291523,Washington,Cloudy,58.61597784333879,1.0
6789.8578182915235,Washington,Overcast,63.01251445429975,1.0
6795.186980140089,Washington,Partly Cloudy,47.70066955092824,1.0
6803.625862604845,Washington,Cloudy,63.067374762394195,1.0
6807.955024453411,Washington,Mostly Cloudy;Mainly Cloudy;Clear;Sunny,43.19441232377836,1.0
6822.7904435291275,Washington,Clear;Mostly Clear;Partly,68.16458092428337,1.0
6825.845303837223,Washington,Mainly Cloudy;Partly Cloudy,73.6159778433388,1.0
6837.17446568579,Washington,Cloudy;Overcast,46.41385355615619,1.0
6839.613348150546,Washington,Cloudy,48.65832369713351,1.0
6847.832789382922,Washington,Partly Cloudy,69.65832369713353,1.0
6849.832789382924,Washington,Partly Cloudy,69.93262523760582,1.0
6853.0522306153,Washington,Partly Cloudy,72.65832369713353,1.0
6862.558487842451,Washington,Overcast,50.700669550928225,1.0
6864.668208458639,Washington,Overcast,42.02983139949499,1.0
6868.9973703072055,Washington,Overcast,40.932625237605805,1.0
6881.161951231489,Washington,Light Snow;Snow;Flurries,92.39653661096096,1.0
6882.161951231488,Washington,Light Snow;Snow;Flurries,92.39653661096096,1.0
6888.7105543124335,Washington,Light Snow;Flurries;Snow,91.18960983288287,1.0
6899.423738317662,Washington,Partly Cloudy;Not totally Cloudy;Not totally Sunny,68.68335260573298,1.0
6900.53345893385,Washington,Not totally Cloudy;Partly Sunny;Partly;Partly Cloudy,65.57363198954407,1.0
6924.326532155772,Washington,Mist/Fog,86.68335260573299,1.0
6932.491113080056,Washington,Mostly Cloudy,63.316647394267015,1.0
6943.491113080056,Washington,Not totally Cloudy;Partly Cloudy;Partly,88.2319556866776,1.0
6947.820274928622,Washington,Partly Sunny;Partly Cloudy;Cloudy;Scattered Clouds,74.38402215666122,1.0
6951.588319241947,Washington,Partly Cloudy;Mostly Cloudy;Not totally Cloudy;Scattered Clouds,57.725698459527706,1.0
6959.972341398607,Washington,Partly Cloudy;Cloudy;Clear,38.30413293996728,1.0
6973.466084171457,Washington,Partly Cloudy;Mostly Clear;Sunny;Mainly Sunny,73.65832369713351,1.0
6976.411223863362,Washington,Partly Cloudy;Clear;Not totally Cloudy,76.5486030809446,1.0
6978.356363555268,Washington,Mostly Cloudy;Mainly Cloudy;Mostly;Clear,73.71318400522797,1.0
6987.972341398606,Washington,Mostly Cloudy;Mainly Cloudy;Sunny,36.962456637100786,1.0
6991.807760474322,Washington,Clean,40.0721772532897,1.0
7007.929995544811,Washington,A Few Clouds,76.5486030809446,1.0
7009.643179550038,Washington,Not totally Cloudy,74.65832369713351,1.0
7018.24664293908,Washington,Cloudy,45.08469170758945,1.0
7023.795246020023,Washington,Partly Cloudy;Sunny;Not totally Cloudy,44.31664739426702,1.0
7028.795246020023,Washington,Partly Cloudy;Mainly Sunny;Mostly Clear,58.780558767622175,1.0
7043.0272017067,Washington,Mostly Cloudy;Mainly Cloudy;Mostly,55.94513969190556,1.0
7047.1369223228885,Washington,Mostly Cloudy;Mainly Cloudy;Sunny,38.53608862664485,1.0
7048.356363555268,Washington,Mainly Cloudy;Mostly Cloudy;Intermittent,36.645809242833764,1.0
7049.795246020022,Washington,Cloudy;Mostly Cloudy,35.15206646998364,1.0
7067.1917826309855,Washington,Clear;Sunny,73.39653661096095,1.0
7073.575804787647,Washington,Mostly Cloudy;Mostly;Intermittent Clouds,76.78055876762218,1.0
7076.575804787646,Washington,Mostly Cloudy;Cloudy;Mainly Cloudy,57.71318400522796,1.0
7079.630665095738,Washington,Mostly Cloudy;Mostly;Not totally Sunny,41.87776492951134,1.0
7080.685525403835,Washington,Not totally Cloudy;Scattered Clouds;Mostly Cloudy;Not totally Sunny;Mostly,40.86525047521161,1.0
7090.727871257628,Washington,Cloudy;Overcast,41.09720616188918,1.0
7095.782731565723,Washington,Not totally Cloudy;Cloudy;Partly Cloudy,69.21944123237786,1.0
7100.673010949536,Washington,Cloudy;Partly Cloudy,79.78055876762217,1.0
7116.1118934142905,Washington,Mostly Cloudy,64.32916184856676,1.0
7118.166753722386,Washington,Few Clouds,69.05486030809448,1.0
7119.331334646668,Washington,A Few Clouds,72.16458092428338,1.0
7135.563290333345,Washington,Cloudy,39.24927263187281,1.0
7139.618150641439,Washington,Mostly Cloudy;Mostly;Mainly Cloudy,39.127037561384164,1.0
7173.082062014797,Washington,Mainly Cloudy,53.93262523760581,1.0
7174.520944479553,Washington,Overcast,60.5486030809446,1.0
7187.972341398607,Washington,Partly Cloudy,40.08469170758945,1.0
7196.752900166227,Washington,Mostly Cloudy;Intermittent Clouds,31.907596329006328,1.0
7205.314017701473,Washington,Cloudy,60.042345853794735,1.0
7206.972341398608,Washington,Cloudy,62.835419075716636,1.0
7211.136922322889,Washington,Cloudy,63.23195568667758,1.0
7213.082062014796,Washington,Cloudy,62.12223507048867,1.0
7223.807760474324,Washington,Mostly Cloudy;Mostly;Mainly Cloudy;Not totally Sunny,29.755529859022698,1.0
7225.246642939079,Washington,Mostly Cloudy;Sunny;Mainly Cloudy,30.2069267780781,1.0
7233.082062014797,Washington,Mostly Cloudy,61.0673747623942,1.0
7243.082062014795,Washington,Overcast,65.7256984595277,1.0
7270.9848558529075,Washington,Cloudy;Overcast,63.219441232377854,1.0
7275.7654146205305,Washington,Mostly Cloudy;Cloudy,75.50625722714989,1.0
7282.65569400434,Washington,Partly Cloudy;Scattered Clouds;Mostly Clear,89.86044798431612,1.0
7288.65569400434,Washington,Not totally Cloudy;Cloudy;Partly Cloudy,90.91530829241057,1.0
7308.271671847678,Washington,Mainly Cloudy,76.12223507048867,1.0
7311.216811539583,Washington,Mainly Cloudy,76.45139691905543,1.0
7316.942509999111,Washington,Mainly Cloudy,76.28681599477204,1.0
7321.832789382923,Washington,Fog,98.02502890859947,1.0
7322.94250999911,Washington,Fog,91.57363198954408,1.0
7335.393906918167,Washington,Lt Rain,85.62849229763853,1.0
7343.009884761508,Washington,Light Rain;Rain;Cloudy,77.68335260573299,1.0
7357.241840448182,Washington,Cloudy;Overcast,79.4090510652607,1.0
7369.748097675335,Washington,Cloudy,80.40905106526068,1.0
7377.528656442956,Washington,Cloudy,91.40905106526071,1.0
7387.98005336201,Washington,Fog;Overcast;Mist,97.91530829241054,1.0
7389.309215210577,Washington,Fog;Overcast;Mist,97.64100675193825,1.0
7404.254354902482,Washington,Cloudy;Mostly Cloudy,85.05486030809446,1.0
7432.089773978201,Washington,Lt Rain,86.23195568667758,1.0
7444.815472437728,Washington,Cloudy;Overcast,66.7930732219219,1.0
7453.241840448184,Washington,Light Rain;Light;Rain,91.79307322192192,1.0
7464.748097675334,Washington,Cloudy,92.50625722714989,1.0
7465.802957983429,Washington,Mostly Cloudy,92.34167630286652,1.0
7477.199494594389,Washington,Mostly Cloudy;Mainly Cloudy,79.27430154047231,1.0
7487.309215210577,Washington,Overcast,91.0250289085995,1.0
7499.815472437728,Washington,Mostly Cloudy,95.40905106526071,1.0
7503.034913670106,Washington,Not totally Cloudy,88.83541907571664,1.0
7506.5835167510495,Washington,Mostly Cloudy,86.00000000000001,1.0
7526.8578182915235,Washington,Cloudy,92.00000000000003,1.0
7528.857818291523,Washington,Cloudy;Overcast,79.71318400522797,1.0
7533.5710022967505,Washington,Cloudy;Overcast,87.6159778433388,1.0
7561.473796134861,Washington,Rain,86.94513969190554,1.0
7573.47379613486,Washington,Cloudy;Light Rain;Rain;Showers,89.12223507048866,1.0
7579.254354902483,Washington,Rain;Severe Rain,85.73821291382744,1.0
7583.199494594388,Washington,Scattered Clouds;Showers;Mostly;Mainly Cloudy;Partly Cloudy;Mostly Cloudy;Cloudy,74.90279383811084,1.0
7590.815472437726,Washington,Cloudy,80.95765414620529,1.0
7624.266869356784,Washington,Overcast,81.61597784333878,1.0
7630.705751821539,Washington,Mist/Fog,84.46391137335516,1.0
7634.650891513444,Washington,Mist/Fog,87.13474952478842,1.0
7648.870332745822,Washington,Mist/Light Drizzle Fog,96.50625722714989,1.0
7656.705751821538,Washington,Partly Sunny;Scattered Clouds;Clear;Fair;Sunny,57.46871386425066,1.0
7667.157148740595,Washington,Clear,67.86525047521161,1.0
7669.870332745821,Washington,Clear,70.95765414620529,1.0
7692.608545659648,Washington,Clear,73.90279383811082,1.0
7703.69323736724,Washington,Cloudy;Overcast,88.21944123237785,1.0
7716.144634286293,Washington,Cloudy;Overcast,81.60346338903905,1.0
7724.254354902484,Washington,Rain;Light Rain,94.95765414620529,1.0
7731.144634286295,Washington,Rain;Light Rain,94.7930732219219,1.0
7738.583516751049,Washington,Cloudy;Overcast;Rain;Mist,99.12223507048864,1.0
7757.473796134862,Washington,Mist/Light Rain Fog,90.20212428718261,1.0
7771.760612129633,Washington,Mist;Fog;Showers,93.42156551956043,1.0
7778.870332745822,Washington,Mist;Showers;Cloudy,94.84793353001638,1.0
7783.309215210578,Washington,Mist;Fog;Showers,90.73341042293194,1.0
7786.418935826769,Washington,Mist;Fog;Showers,94.4090510652607,1.0
7795.638377059145,Washington,Cloudy;Hazy,84.50625722714987,1.0
7809.254354902482,Washington,Mist/Light Drizzle Fog,91.90279383811084,1.0
7812.254354902484,Washington,Light Drizzle,95.51877168144964,1.0
7825.70575182154,Washington,Mist/Fog,85.56111753524435,1.0
7828.144634286294,Washington,Mist/Fog,89.21944123237786,1.0
7840.486310589161,Washington,Rain;Light Rain,93.00000000000001,1.0
7850.102288432499,Washington,Rain,96.21944123237785,1.0
7857.718266275838,Washington,Rain;Light,92.4388824647557,1.0
7858.82798689203,Washington,Rain;Light Rain,96.21944123237785,1.0
7870.49882504346,Washington,Mist/Light Rain Fog,91.0250289085995,1.0
7879.22452350299,Washington,Mist/Rain Fog,94.90279383811082,1.0
7883.553685351558,Washington,Mist/Light Rain Fog,96.0,1.0
7899.389104427271,Washington,Mostly Cloudy;Mainly Cloudy;Intermittent Clouds;Cloudy,77.65832369713353,1.0
7915.840501346326,Washington,Not totally Cloudy;Partly Cloudy;Mostly Clear,75.90279383811084,1.0
7925.456479189666,Washington,Haze;Fair;Hazy;Intermittent Clouds;Mostly Cloudy,80.90279383811082,1.0
7927.621060113949,Washington,Mostly;Fair;Hazy;Mainly Cloudy;Intermittent;Mostly Cloudy,81.34167630286649,1.0
7929.675920422044,Washington,Haze;Intermittent Clouds;Mostly Cloudy,81.45139691905541,1.0
7967.9752508711135,Washington,Mostly Cloudy,66.89027938381109,1.0
7985.414133335873,Washington,Clear;Mostly;Hazy,84.17709537858312,1.0
7988.523853952058,Washington,Fog;Partly Cloudy;Clear;Fog And Mist,84.84793353001638,1.0
7992.688434876343,Washington,Mostly Cloudy;Not totally Cloudy;Fog And Mist;Mainly Cloudy;Intermittent Clouds;Partly,80.29933044907177,1.0
8000.718266275839,Washington,Not totally Cloudy;Partly Cloudy;Scattered Clouds;Cloudy;Mainly Sunny,61.341676302866496,1.0
8003.802957983429,Washington,Partly Cloudy;Cloudy;Mostly Sunny;Mostly Cloudy;Scattered;Scattered Clouds,65.51877168144962,1.0
8016.845303837224,Washington,Partly Cloudy;Partly;Clouds,74.91530829241057,1.0
8028.406421372468,Washington,Haze;Partly Cloudy;Mostly Cloudy,79.64100675193826,1.0
8033.351561064372,Washington,Haze;Partly Sunny;Cloudy,77.02502890859948,1.0
8036.241840448184,Washington,Not totally Cloudy;Partly Sunny;Partly Cloudy,63.17709537858312,1.0
8041.955024453411,Washington,Partly Cloudy;Partly Sunny;Not totally Cloudy,70.73821291382745,1.0
8051.680722912937,Washington,Not totally Cloudy;Mostly;Cloudy,74.86044798431611,1.0
8058.461281680562,Washington,Haze;Cloudy;Mostly Cloudy,74.42156551956045,1.0
8062.009884761507,Washington,Mostly Cloudy,61,1.0
8064.009884761505,Washington,A Few Clouds,71.39653661096096,1.0
8066.5584878424515,Washington,A Few Clouds,71.06737476239421,1.0
8068.052230615301,Washington,A Few,76.12223507048867,1.0
8073.545973388151,Washington,Partly Cloudy,79.5861464438438,1.0
8076.259157393379,Washington,A Few Clouds,75.51877168144962,1.0
8089.9848558529075,Washington,Mostly Cloudy;Cloudy;Mainly Cloudy,70.4090510652607,1.0
8101.820274928624,Washington,Haze;Partly Cloudy;Fair;Hazy,79.5861464438438,1.0
8104.039716161002,Washington,Cloudy;Haze,78.07988921669394,1.0
8111.929995544812,Washington,Haze;Intermittent Clouds;Mostly Cloudy,80.07988921669394,1.0
8118.929995544812,Washington,Mostly Cloudy;Mainly Cloudy,62.957654146205286,1.0
8134.381392463868,Washington,Haze,77.80558767622165,1.0
8137.491113080056,Washington,Overcast,72.90279383811082,1.0
8148.271671847679,Washington,Mostly Cloudy,65.59094893473932,1.0
8157.107090923396,Washington,Mostly Cloudy,77.87776492951136,1.0
8170.16195123149,Washington,Cloudy;Haze;Partly Cloudy,82.01251445429973,1.0
8175.107090923395,Washington,Cloudy;Haze;Mainly Cloudy,76.01251445429975,1.0
8179.887649691019,Washington,Cloudy;Mostly Cloudy,66.39653661096096,1.0
8187.887649691016,Washington,Mostly Cloudy,75.9326252376058,1.0
8192.491113080056,Washington,Overcast,78.05486030809446,1.0
8207.668208458637,Washington,Overcast,73.78055876762217,1.0
8215.216811539583,Washington,Cloudy;Mostly;Overcast,88.72569845952773,1.0
8230.448767226262,Washington,Mostly Cloudy;Cloudy;Mainly Cloudy,66.71318400522797,1.0
8260.0772595239,Washington,Mostly Cloudy;Mainly Cloudy,82.49374277285013,1.0
8261.406421372467,Washington,Mostly Cloudy;Cloudy,82.98748554570027,1.0
8267.74038571193,Washington,Mostly Cloudy;Mainly Cloudy,79.78055876762217,1.0
8301.820274928625,Washington,Light Rain;Showers;Cloudy,64.87776492951134,1.0
8304.094576469095,Washington,Light Rain;Showers,87.79307322192193,1.0
8305.259157393379,Washington,Cloudy;Rain;Overcast,91.06737476239422,1.0
8308.259157393379,Washington,Rain;Cloudy;Overcast,88.32916184856676,1.0
8315.069547560495,Washington,Partly Cloudy;Mostly Cloudy;Not totally Cloudy,95.39653661096096,1.0
8321.740385711928,Washington,Partly Cloudy;Mostly Cloudy,92.56111753524435,1.0
8322.74038571193,Washington,Mostly Cloudy;Mostly;Mainly Cloudy,92.72569845952772,1.0
8331.111893414292,Washington,Mostly Cloudy;Cloudy,81.12223507048866,1.0
8336.116695905186,Washington,Mostly Cloudy;Mostly;Not totally Cloudy,82.60346338903905,1.0
8338.061835597093,Washington,Partly;Partly Sunny;Scattered Clouds,77.8229046214169,1.0
8342.079152542285,Washington,Partly Cloudy;Scattered Clouds;Partly,70.18960983288287,1.0
8346.079152542286,Washington,Partly Cloudy;Partly,86.47642582765491,1.0
8348.286079320367,Washington,Partly Cloudy;Not totally Cloudy;Cloudy,87.07988921669396,1.0
8352.43814579035,Washington,Partly Cloudy;Not totally Cloudy,90.80558767622166,1.0
8383.011777779891,Washington,Mostly Cloudy;Mainly Cloudy;Mostly,80.95765414620529,1.0
8384.450660244647,Washington,Not totally Cloudy;Mostly Cloudy;Cloudy;Mostly,80.35419075716624,1.0
8387.340939628459,Washington,Mostly Cloudy;Cloudy;Intermittent Clouds,82.97016860050502,1.0
8420.475689153247,Washington,Cloudy,65.95765414620529,1.0
8421.475689153247,Washington,Cloudy,61.95765414620529,1.0
8448.311108228965,Washington,Cloudy;Mainly Cloudy,77.97016860050503,1.0
8449.640270077532,Washington,Cloudy,75.02502890859948,1.0
8483.213902067075,Washington,Mostly Cloudy;Mainly Cloudy,79.94513969190555,1.0
8485.543063915642,Washington,Cloudy;Overcast,80.18960983288285,1.0
8488.872225764208,Washington,Mostly Cloudy;Cloudy,81.35419075716622,1.0
8491.64027007753,Washington,Mostly Cloudy;Mostly,85.2021242871826,1.0
8494.011777779893,Washington,Mostly Cloudy;Not totally Cloudy;Partly,87.51877168144964,1.0
8552.77501960232,Washington,Cloudy;Mostly Cloudy,91.13474952478842,1.0
8582.18407066758,Washington,Mostly Cloudy;Cloudy,91.40905106526071,1.0
8593.800048510919,Washington,Cloudy,59.231955686677594,1.0
8595.18407066758,Washington,Mostly Cloudy,60.21944123237785,1.0
8598.238930975675,Washington,Mostly,58.95765414620529,1.0
8600.952114980902,Washington,Mainly Cloudy,60.43888246475568,1.0
8607.732673748524,Washington,Mostly,85.3416763028665,1.0
8681.11189341429,Washington,Partly Cloudy;Mainly Cloudy;Partly Sunny;Cloudy,75.18960983288287,1.0
8686.892452181914,Washington,Cloudy;Mostly,51.78055876762215,1.0
8691.11189341429,Washington,Cloudy,79.39653661096096,1.0
8698.782731565723,Washington,Cloudy;Not totally Cloudy,91.683352605733,1.0
8705.563290333346,Washington,Clear;Cloudy,88.06737476239422,1.0
8710.837591873818,Washington,Mainly Cloudy,70.73821291382745,1.0
8726.069547560497,Washington,Fair,86.31184490337154,1.0
8731.959826944307,Washington,Cloudy;Overcast,50.39653661096096,1.0
8747.74038571193,Washington,Cloudy;Mainly Cloudy;Scattered Clouds,82.60346338903905,1.0
8756.301503247172,Washington,Cloudy;Overcast,86.38402215666123,1.0
8760.411223863364,Washington,Cloudy;Overcast,70.31664739426704,1.0
8798.765414620528,Washington,Cloudy,79.45139691905543,1.0
8802.600833696246,Washington,Partly Cloudy;Cloudy;Not totally Cloudy,91.57363198954408,1.0
8811.53345893385,Washington,Partly Cloudy;Not totally Cloudy,92.72569845952772,1.0
8812.917481090513,Washington,Clear;Mist;Not totally Cloudy,97.91530829241054,1.0
8816.356363555267,Washington,Cloudy;Mainly Cloudy,92.78055876762218,1.0
8823.191782630985,Washington,Not totally Cloudy;Partly;Cloudy,59.82290462141689,1.0
8845.094576469097,Washington,Mostly,93.91530829241057,1.0
8852.14943677719,Washington,Partly,60.57363198954406,1.0
8858.53345893385,Washington,Fair,50.31664739426702,1.0
8865.314017701474,Washington,Mostly Cloudy;Cloudy;Mainly Cloudy,71.2743015404723,1.0
8887.161951231488,Washington,Cloudy,86.23195568667758,1.0
8889.600833696246,Washington,Cloudy;Scattered Clouds;Mostly Cloudy;Mainly Cloudy,84.09240367099368,1.0
8895.491113080057,Washington,Clear;Cloudy,84.25698459527705,1.0
8899.259157393379,Washington,Mostly Cloudy;Cloudy;Fog,92.06737476239422,1.0
8900.259157393377,Washington,Cloudy;Partly;Scattered Clouds;Partly Cloudy,86.28681599477203,1.0
8915.820274928623,Washington,Overcast,74.18960983288287,1.0
8918.929995544811,Washington,Overcast,74.18960983288287,1.0
8922.039716161002,Washington,Mostly Cloudy,84.51877168144962,1.0
8930.423738317662,Washington,Fair,87.18960983288288,1.0
8947.65569400434,Washington,Cloudy,76.69586706003273,1.0
8960.942509999113,Washington,Light Rain;Showers,89.8181021305214,1.0
8963.832789382923,Washington,Cloudy;Light;Light Rain,84.09240367099368,1.0
8971.436252771962,Washington,Light Rain;Rain,86.28681599477203,1.0
8974.600833696246,Washington,Cloudy;Overcast,86.45139691905541,1.0
8979.491113080057,Washington,Cloudy;Overcast,91.0250289085995,1.0
9003.284186301978,Washington,Mostly Cloudy;Mainly Cloudy;Cloudy,74.07988921669394,1.0
9017.516141988657,Washington,Cloudy;Mainly Cloudy,84.36670521146597,1.0
9023.680722912939,Washington,Mostly Cloudy,74.97016860050503,1.0
9026.790443529128,Washington,Overcast,85.06737476239421,1.0
9036.516141988654,Washington,Rain,85.67083815143326,1.0
9043.009884761505,Washington,Cloudy,87.62849229763854,1.0
9045.009884761506,Washington,Cloudy,86.01251445429973,1.0
9052.625862604846,Washington,Cloudy;Light Rain;Overcast,85.2319556866776,1.0
9060.174465685788,Washington,Light Rain;Showers,84.25698459527705,1.0
9071.735583221034,Washington,Partly Cloudy;Mostly Cloudy;Not totally Cloudy;Clouds,84.20212428718258,1.0
9088.77792907483,Washington,Overcast,84.18960983288287,1.0
9116.241840448183,Washington,Mostly Cloudy;Mainly Cloudy;Intermittent,65.67083815143326,1.0
9117.955024453411,Washington,Not totally Cloudy;Scattered Clouds;Intermittent Clouds;Partly Cloudy,69.18960983288285,1.0
9124.119605377695,Washington,Mostly Cloudy;Mainly Cloudy,73.42156551956045,1.0
9130.284186301978,Washington,Cloudy;Light Rain,85.46391137335515,1.0
9141.68072291294,Washington,Light Rain;Showers,91.35419075716625,1.0
9144.735583221034,Washington,Mostly Cloudy,61.16458092428338,1.0
9145.790443529131,Washington,Mainly Cloudy,61.109720616188916,1.0
9161.516141988655,Washington,Partly Cloudy,82.8181021305214,1.0
9172.912678599616,Washington,Partly Cloudy;Scattered Clouds;Clear,41.28681599477203,1.0
9185.638377059144,Washington,Cloudy;Overcast,39.31664739426702,1.0
9189.022399215806,Washington,Cloudy;Overcast,36.700669550928225,1.0
9197.229325993883,Washington,Clear;Overcast;Partly Cloudy;Scattered Clouds,44.09720616188918,1.0
9202.229325993885,Washington,Partly Cloudy;Overcast,58.042345853794714,1.0
9214.900164145318,Washington,Mostly Cloudy;Mostly;Sunny;Intermittent Clouds,49.46871386425066,1.0
9219.009884761506,Washington,Cloudy;Overcast,41.017316945195255,1.0
9244.680722912939,Washington,Mainly Cloudy,50.536088626644855,1.0
9264.693237367239,Washington,Cloudy;Overcast,40.13955201568391,1.0
9271.638377059144,Washington,Cloudy;Overcast,43.920110783306065,1.0
9277.583516751047,Washington,Snow;Light Rain,80.15206646998365,1.0
9282.364075518675,Washington,Snow;Light Rain;Light,74.09720616188919,1.0
9286.85781829152,Washington,Snow;Light Snow;Light Rain,79.43888246475568,1.0
9314.70575182154,Washington,Sunny;Clear,33.63329478853403,1.0
9317.418935826767,Washington,Sunny;Clear;Overcast,32.797875712817415,1.0
9320.022399215806,Washington,Cloudy;Light Rain;Mainly Cloudy,63.097206161889176,1.0
9327.0772595239,Washington,Cloudy;Overcast,63.700669550928225,1.0
9357.925193053918,Washington,Fair,56.52357417234512,1.0
9375.937707508217,Washington,Mostly Cloudy;Mainly Cloudy;Light Rain,70.70066955092825,1.0
9383.376589972971,Washington,Cloudy;Overcast,74.60346338903905,1.0
9385.85781829152,Washington,Cloudy;Overcast,69.98748554570028,1.0
9398.857818291523,Washington,Mostly,35.8652504752116,1.0
9408.69323736724,Washington,Mostly,67.4812283185504,1.0
9410.296700756277,Washington,Mostly Cloudy,70.31664739426704,1.0
9413.18698014009,Washington,Mostly Cloudy,75.98748554570027,1.0
9445.034913670106,Washington,Overcast;Light Snow;Flurries;Cloudy,84.67083815143326,1.0
9446.528656442957,Washington,Cloudy;Overcast,86.38402215666123,1.0
9450.077259523898,Washington,Fog;Overcast;Mist;Light Fog;Fog And Mist,87.54860308094459,1.0
9451.186980140088,Washington,Fog;Light Fog;Fog And Mist;Light Snow;Scattered Clouds;Light Snow Mist,87.10972061618892,1.0
9452.296700756278,Washington,Fog;Cloudy;Overcast;Mostly Cloudy;Mainly Cloudy,85.05486030809446,1.0
9454.339046610072,Washington,Cloudy;Haze;Overcast,78.76804431332243,1.0
9460.119605377697,Washington,Cloudy;Overcast;Light,62.9326252376058,1.0
9477.351561064372,Washington,Mist/Fog,85.16458092428338,1.0
422.61398216021706,Austin,Rain,93.75799718,1.0
426.1077249330672,Austin,Rain,95.35747527,1.0
431.1625852411616,Austin,Rain,99.85597987,1.0
434.2174455492561,Austin,Cloudy,72.47748774,1.0
445.9980043168782,Austin,Cloudy,81.48832604,1.0
453.53409294352304,Austin,Cloudy,79.31755889,1.0
457.64381355971204,Austin,Cloudy,87.68363376,1.0
460.6986738678065,Austin,Cloudy,85.39001802,1.0
462.4118578730345,Austin,Cloudy,87.01744313,1.0
466.63129910541227,Austin,Cloudy,100.7733173,1.0
473.85074033779017,Austin,Cloudy,82.5142044,1.0
483.4118578730344,Austin,Overcast,84.22423973851137,1.0
514.0278357163733,Austin,Cloudy,68.03302461,1.0
526.8083944839954,Austin,Sunny,67.23131057,1.0
535.0826960244677,Austin,Sunny,58.41671257,1.0
552.5340929435231,Austin,Cloudy,81.38069635,1.0
554.8083944839955,Austin,Cloudy,93.08269049,1.0
567.4792326354286,Austin,Cloudy,88.68511716,1.0
572.3021372568456,Austin,Rain,93.34047688,1.0
577.8507403377901,Austin,Cloudy,100.8980354,1.0
580.1250418782624,Austin,Rain,100,1.0
590.7410197216012,Austin,Cloudy;Fog;Fog And Mist;Light Rain;Light Rain Mist,100.2930165,1.0
597.5215784892233,Austin,Mist/Fog,92.78360888833946,1.0
627.3146517111453,Austin,Overcast,101.5545108,1.0
631.86325479209,Austin,Fog,93.29876588,1.0
671.7237027764061,Austin,Mist/Fog,87.08967682343481,1.0
675.3271661654451,Austin,Mist/Fog,86.14982558719228,1.0
678.2723058573506,Baltimore,Overcast with Haze,80.28569675941972,1.0
680.8757692463895,Austin,Cloudy,72.88036911,1.0
694.6563280140118,Austin,Rain,87.18640074,1.0
696.9854898625786,Austin,Rain,91.09180308,1.0
701.7660486302007,Austin,Rain,98.78253278,1.0
723.2174455492561,Baltimore,Overcast,80.5649638943228,1.0
735.0528646249728,Baltimore,Mist/Light Rain Fog,93.40985017460953,1.0
736.217445549256,Baltimore,Mist/Light Rain Fog,90.31414408912447,1.0
745.6014677059175,Baltimore,Mostly,40.67747431,1.0
763.546607397823,Baltimore,Sunny,55.40255826,1.0
796.2299600035559,Baltimore,Fair,45.072764712041604,1.0
802.010518771178,Baltimore,A Few Clouds,58.298239283548206,1.0
817.2424744578557,Baltimore,Overcast,42.547728691154205,1.0
827.9431440087839,Baltimore,Cloudy,38.3308859,1.0
829.8209089382952,Baltimore,Cloudy,33.73097975,1.0
848.8882837006894,Baltimore,Snow,79.06439852,1.0
861.3945409278393,Baltimore,Light,84.64079234,1.0
881.5716363064224,Baltimore,Sunny,34.27290156,1.0
886.3521950740445,Baltimore,Sunny,37.31493247,1.0
902.1327538416668,Baltimore,Sunny,55.1371074,1.0
915.0778935335721,Charlotte,Mainly Cloudy,66.32587616684751,1.0
917.2424744578558,Charlotte,Partly Cloudy,60.99545229092207,1.0
935.3647095283442,Baltimore,Partly,55.0290948,1.0
946.0355476797774,Baltimore,Cloudy,81.02426291,1.0
953.2001286040609,Baltimore,Cloudy,80.90692207,1.0
969.6515255231164,Charlotte,Mostly Cloudy,62.18527524191766,1.0
982.1029224421718,Charlotte,Overcast,71.04059553909958,1.0
1015.2925322750546,Baltimore,Cloudy,82.60452118,1.0
1025.7987895022045,Charlotte,Light Snow,78.65262525687292,1.0
1039.0856054969763,Charlotte,Mist/Fog,84.15058515439014,1.0
1059.2078405674652,Boston,Sunny,42,1.0
1062.1529802593707,Boston,Sunny,37.96346927,1.0
1068.5918627241263,Boston,Mostly Sunny;Partly Cloudy,26.12663412,1.0
1073.9758848807874,Boston,Sunny,35.81839774,1.0
1082.5918627241265,Boston,Cloudy,40,1.0
1084.9210245726929,Boston,Cloudy,44.45064639,1.0
1087.1953261131655,Boston,Mostly Cloudy;Mostly,44,1.0
1090.9085101183935,Boston,Sunny,48,1.0
1098.634208577921,Boston,Not totally Cloudy;Partly Sunny,36.19981079,1.0
1106.7987895022045,Boston,Partly Cloudy;Mainly Sunny;Mostly Clear,28.50807956,1.0
1144.1529802593707,Boston,Sunny,31,1.0
1147.7015833403152,Boston,Sunny,36,1.0
1159.317561183654,Boston,Scattered Clouds;Mostly Cloudy;Cloudy;Partly,40.20893997,1.0
1169.0432596431817,Boston,Cloudy,38,1.0
1180.823818410804,Boston,Cloudy,44.98739484,1.0
1186.7140977946149,Boston,Not totally Sunny;Scattered Clouds;Not totally Cloudy,37.79077173,1.0
1189.4821421079375,Boston,Partly Cloudy;Scattered Clouds;Partly,35,1.0
1202.1529802593705,Boston,Cloudy,58,1.0
1204.9210245726933,Boston,Cloudy,56,1.0
1213.2376719669603,Boston,Sunny,63,1.0
1216.1279513507711,Boston,Sunny,65,1.0
1244.5918627241265,Boston,Partly Sunny;Partly;Scattered Clouds,58,1.0
1252.23767196696,Chicago,Not totally Cloudy;Partly Cloudy;Mostly Clear,32.831737960873,1.0
1258.0182307345824,Chicago,Overcast;Cloudy,45.797945264019546,1.0
1262.7987895022045,Chicago,Not totally Cloudy;Partly Cloudy,50.265122937957806,1.0
1266.7439291941098,Chicago,Partly Cloudy;Not totally Cloudy,56.30795620301929,1.0
1273.6342085779213,Chicago,Cloudy;Overcast,43.54880414745973,1.0
1320.3300756379535,Chicago,Cloudy,67.17487112676912,1.0
1370.4773396170417,Charlotte,Cloudy;Overcast,51.13366021520763,1.0
1374.6419205413251,Charlotte,Partly Cloudy;Scattered Clouds;Mostly Clear,43.2176267167714,1.0
1404.9412509903973,Charlotte,Partly Cloudy;Scattered Clouds;Mist;Cloudy,93.3171372860196,1.0
1407.8863906823026,Columbus,Mostly Cloudy;Intermittent;Mist;Fog And Mist,95.9848982329421,1.0
1408.8863906823028,Columbus,Mostly Cloudy;Mainly Cloudy,91.70514466686708,1.0
1418.557228833736,Charlotte,Not totally Cloudy;Partly Cloudy;Mostly Sunny;Sunny,44.57156632651468,1.0
1478.1558897318794,Charlotte,Cloudy,81.26005388363679,1.0
1483.9913088075962,Charlotte,Cloudy,78.94815928782505,1.0
1488.582257742335,Charlotte,Partly Cloudy;Cloudy;Scattered,73.44013629016149,1.0
1489.582257742335,Charlotte,Partly Cloudy;Not totally Cloudy,76.25025879021165,1.0
1491.6371180504298,Charlotte,Partly Cloudy;Not totally Cloudy,78.62378928109995,1.0
1513.405162363752,Charlotte,Sunny;Mainly Sunny;Fair;Partly Cloudy;Partly,51.34419060055723,1.0
1519.13086082328,Charlotte,Clear,68.75946540451987,1.0
1557.4725371261466,Columbus,Mostly Cloudy;Mainly Cloudy;Intermittent Clouds,68.23584551713222,1.0
1559.417676818052,Charlotte,Partly Cloudy;Mainly Sunny;Mostly Clear,48.86628951923098,1.0
1572.679463904225,Charlotte,Cloudy,67.95832531739455,1.0
1588.8565592828077,Columbus,Drizzle;Light Drizzle;Showers,94.12583860427654,1.0
1627.7718675752183,Charlotte,Fog;Overcast;Mist;Light Fog,92.77098796134077,1.0
1629.7718675752183,Charlotte,Fog;Overcast;Mist,91.66508001933823,1.0
1637.387845418557,Charlotte,Fog,97.45068179142575,1.0
1643.62460359613,Charlotte,Fog,98.43398985366406,1.0
1647.2155525308697,Charlotte,Fog,99.41166892690696,1.0
1648.8190159199085,Charlotte,Fog;Overcast;Mist,97.81960323323584,1.0
1692.3503020556577,Chicago,Cloudy;Mostly Cloudy;Mostly,57.06955628740663,1.0
1694.4051623637524,Chicago,Cloudy;Mostly Cloudy;Mainly Cloudy,55.89364285065362,1.0
1700.1857211313745,Chicago,Mostly Cloudy;Mostly,46.80423447466188,1.0
1704.3503020556577,Chicago,Cloudy;Mostly Cloudy;Partly Sunny,61.61421377764142,1.0
1714.2453839303646,Chicago,Mainly Sunny;Partly Cloudy;Not totally Cloudy,59.10611850231438,1.0
1718.3551045465529,Chicago,Partly Cloudy;Partly;Mostly Clear;Scattered,62.200690234828656,1.0
1723.3002442384588,Chicago,Cloudy;Overcast,64.465513704709,1.0
1727.5196854708367,Chicago,Cloudy,62.51187744795142,1.0
1728.8488473194031,Chicago,Cloudy,63.18662868587475,1.0
1741.4099648546478,Chicago,Cloudy;Haze,54.92164818751065,1.0
1744.1780091679702,Dallas,A Few Clouds,61.67961265910579,1.0
1746.3974504003481,Dallas,Clean,64.2430449831089,1.0
1752.9460534812927,Dallas,Partly Cloudy,65.9735791804057,1.0
1754.384935946048,Dallas,Partly Cloudy,66.39075708401909,1.0
1755.5495168703314,Dallas,A Few Clouds,68.02968057069026,1.0
1764.3599070374487,Dallas,Overcast,63.125448660754856,1.0
1778.7564436484095,Chicago,Mostly Cloudy;Cloudy;Mostly,64.16142842615919,1.0
1800.9335390269928,Chicago,Partly Cloudy;Scattered Clouds;Not totally Cloudy,56.10324824436602,1.0
1805.7140977946153,Chicago,Mostly Cloudy;Partly;Intermittent Clouds;Partly Cloudy,64.78908792936805,1.0
1815.330075637954,Chicago,Cloudy;Overcast,73.36080114104011,1.0
1818.5495168703317,Chicago,Cloudy;Mostly Cloudy;Mainly Cloudy,71.14602883380293,1.0
1824.537002416032,Chicago,Mostly Cloudy;Mainly Cloudy,77.54811703976314,1.0
1829.6467230322207,Chicago,Partly Cloudy;Mostly;Not totally Cloudy;Mostly Sunny,72.97689456587409,1.0
1850.7689581027098,Denver,Haze;Partly Cloudy;Hazy,72.44972447377634,1.0
1853.043259643182,Denver,Cloudy;Haze,76.64088197012578,1.0
1863.7564436484097,Denver,Overcast,72.61836261197897,1.0
1875.207840567465,Denver,Overcast with Haze,78.69115431589285,1.0
1881.207840567465,Denver,Overcast with Haze,78.2214082721182,1.0
1885.152980259371,Chicago,Partly Cloudy;Cloudy;Partly;Partly Sunny,61.80046345008507,1.0
1898.4397962541427,Chicago,Snow;Flurries;Light Snow;Light,91.55236819228224,1.0
1915.384935946048,Chicago,Cloudy;Haze,75.29974197106424,1.0
1919.3300756379538,Denver,Overcast Haze,63.87264912378043,1.0
1956.3551045465538,Chicago,Cloudy;Haze,79.78624505710457,1.0
1967.19052362227,Chicago,Cloudy;Haze,81.11572176743192,1.0
1980.4648251627425,Denver,Mist/Light Snow Fog,84.72155659957492,1.0
1984.0682885517813,Denver,Light Snow,79.31343454652354,1.0
1993.6842663951202,Denver,Overcast with Haze,81.78706777651921,1.0
1998.7939870113091,Denver,Overcast with Haze,81.70374854800824,1.0
2020.69678084942,Denver,Cloudy;Overcast;Sunny,53.915151611969584,1.0
2023.8065014656092,Denver,Sunny;Cloudy;Clean;Mostly Cloudy,50.69350425830403,1.0
2041.2453839303644,Denver,Sunny;Cloudy;Fair;Mostly Cloudy,73.42769200125318,1.0
2043.9585679355926,Detroit,Partly Cloudy;Sunny;Mostly Clear,79.60259639783136,1.0
2051.848847319403,Detroit,Haze;Hazy;Sunny,74.91310160404106,1.0
2052.9585679355923,Detroit,Haze;Fair;Hazy;Intermittent Clouds,75.10722462669544,1.0
2057.287729784159,Detroit,Clear;Mostly Cloudy;Fair;Cloudy,57.82115009539907,1.0
2062.342590092254,Detroit,Mostly Cloudy;Cloudy;Clear,47.52995831787524,1.0
2095.532199925137,Detroit,Cloudy;Overcast,55.24758054339037,1.0
2105.4224793089475,Detroit,Cloudy;Clear,59.04544346436354,1.0
2112.4224793089475,Detroit,Cloudy;Overcast,59.17039873230353,1.0
2126.3127586927585,Detroit,Clear;Mostly Clear;Fair,57.16652355388374,1.0
2132.8613617737033,Detroit,Partly Cloudy;Clear;Sunny,74.5610454187818,1.0
2150.5196854708365,Detroit,Clear;Sunny;Partly;Fair,60.332208839776634,1.0
2155.300244238459,Detroit,Sunny,44.88982555629972,1.0
2162.2453839303644,Detroit,Cloudy;Overcast,73.63588321356087,1.0
2163.5196854708365,Detroit,Cloudy;Overcast,74.33212054497076,1.0
2165.123148859876,Detroit,Cloudy;Scattered Clouds,81.01540967978546,1.0
2208.764155611814,Detroit,Cloudy;Overcast,67.40578294783192,1.0
2275.9239340452023,Detroit,Cloudy;Snow;Light Snow,74.65822319061272,1.0
2279.6371180504298,Detroit,Light Snow;Cloudy;Overcast,81.54127080684432,1.0
2329.4427057266516,Dallas,Light Rain;Rain,89.67741401280037,1.0
2343.387845418557,Dallas,Cloudy;Mostly Cloudy,69.1967433569699,1.0
2361.510080489046,Dallas,Cloudy;Mostly Cloudy,87.999163262386,1.0
2363.7843820295175,Dallas,Cloudy;Haze,80.81274316351016,1.0
2365.948962953801,Dallas,Cloudy;Haze,76.2210997674817,1.0
2371.387845418557,Dallas,Cloudy,67.71214491972805,1.0
2387.6746614133294,Detroit,Mist/Fog,85.52574114149837,1.0
2398.55242634284,El Paso,Overcast with Haze,76.9774042692125,1.0
2403.485051580446,El Paso,Overcast,66.55094608592348,1.0
2414.2656103480685,Dallas,Cloudy;Overcast,74.29529749183858,1.0
2418.3753309642575,Dallas,Cloudy;Overcast,75.54988915458235,1.0
2428.1010294237844,Dallas,Cloudy;Overcast,74.98553763153446,1.0
2430.210750039974,Dallas,Cloudy;Overcast,72.86406054587667,1.0
2451.6496325047297,Dallas,Cloudy;Overcast,77.86184205977274,1.0
2455.5399118885407,Dallas,Cloudy;Overcast,78.67493634932296,1.0
2457.5399118885407,Dallas,Cloudy;Overcast,82.86545591730429,1.0
2476.8267278833123,Dallas,Cloudy;Overcast,74.578895770909,1.0
2484.2530958937687,El Paso,Rain;Light Rain;Light,84.54692580101859,1.0
2496.6371180504298,El Paso,Mist/Fog,82.49490710858788,1.0
2513.088514969486,El Paso,Mist/Light Rain Fog,91.52926420311482,1.0
2515.0336546613908,Dallas,Light Rain;Rain;Cloudy,84.57407788275547,1.0
2516.691978358525,El Paso,Light Rain;Rain,85.28949964438947,1.0
2518.1857211313745,El Paso,Overcast;Cloudy,87.54118212199418,1.0
2521.076000515185,El Paso,Cloudy,69.87756267355942,1.0
2525.9662798989966,El Paso,Cloudy,79.1604487054905,1.0
2528.721809758019,El Paso,Cloudy;Haze,81.962818606505,1.0
2558.0760005151856,Fort Worth,Overcast with Haze,82.88648669737539,1.0
2566.7468386666187,Fort Worth,Overcast Haze,82.67206363827523,1.0
2580.033654661391,Fort Worth,Cloudy,58.69470620565186,1.0
2581.0336546613908,Fort Worth,Mostly,55.78188327456737,1.0
2584.869073737108,Fort Worth,Cloudy;Mostly Cloudy,64.32437363958644,1.0
2614.497566034746,Fort Worth,Mostly,61.199928813425345,1.0
2623.991308807596,Fort Worth,Overcast,85.80022095901835,1.0
