entity,Domain,Conditions,Humidity,day
2101.0370240979123,Fort Worth,Mostly Cloudy,86.38439479122675,1.0
2104.0370240979123,Fort Worth,Overcast,82.60404895764204,1.0
2124.1584074322514,Fort Worth,Fog;Partly Cloudy;Not totally Cloudy;Scattered Clouds,92.11902569073779,1.0
2144.169963683383,Fort Worth,Partly Cloudy;Mostly Cloudy,77.77672371849334,1.0
2148.6092720162137,Fort Worth,Partly Cloudy;Clear;Clean;Sunny;Intermittent Clouds,74.82735552886737,1.0
2149.883839724232,Fort Worth,Partly Cloudy;Clear,76.4702106110835,1.0
2157.6641855578164,Fort Worth,Partly;Partly Cloudy;Partly Sunny,50.46760022051299,1.0
2180.5110011841366,Fort Worth,Mist/Fog,91.61560520877326,1.0
2184.346260559325,Fort Worth,A Few Clouds,69.98844374886879,1.0
2193.071692851306,Fort Worth,A Few,28.73412082905987,1.0
2195.346260559325,Fort Worth,A Few Clouds,26.18498541302166,1.0
2198.7306553505523,Fort Worth,Not totally Cloudy,26.404639579436946,1.0
2205.1584074322514,Fort Worth,Mostly Clear;Partly;Mainly Sunny,33.512161703294666,1.0
2209.652629306686,Fort Worth,Clear;Sunny,43.18626156694331,1.0
2227.1034938906473,Fort Worth,Not totally Cloudy;Mostly Cloudy;Clear;Mostly;Partly Cloudy,31.676304096077104,1.0
2232.817369931497,Fort Worth,Mostly Cloudy;Sunny,26.757609763339854,1.0
2235.762456389893,Fort Worth,Partly Cloudy;Cloudy;Mostly Cloudy;Clear,51.00012717064281,1.0
2243.091937639517,Fort Worth,Mainly Cloudy;Partly Cloudy;Mostly Cloudy;Mostly Clear,58.72081072987462,1.0
2272.6092720162137,Houston,Cloudy,50.90798577723183,1.0
2278.554358474609,Houston,Cloudy,83.39746502276016,1.0
2292.84048243376,Houston,Overcast,59.36128228896435,1.0
2299.1150501417787,Houston,Overcast,85.82370312405735,1.0
2317.456087642533,Houston,Clear,44.75864608320886,1.0
2321.99366680744,Houston,Clear,60.82377407932292,1.0
2324.103493890647,Houston,Clear,50.99692080263227,1.0
2330.190208471593,Houston,Clear;Partly Cloudy;Mainly Sunny,46.66508602124324,1.0
2336.025467846781,Houston,Sunny;Mostly Sunny,44.74325658434404,1.0
2356.9821105563083,Houston,Clean,71.49422187443442,1.0
2376.9387532658357,Houston,Mainly Cloudy;Mostly Cloudy;Intermittent Clouds,41.31727375706316,1.0
2410.7855688921554,Houston,Cloudy,53.92197395613377,1.0
2418.4560876425326,Houston,Partly Cloudy,49.526022913775805,1.0
2423.456087642533,Houston,Not totally Cloudy,39.514466662644594,1.0
2425.609272016213,Houston,Not totally Cloudy,38.41619583056816,1.0
2429.103493890647,Houston,Not totally Cloudy,32.514466662644594,1.0
2434.828926182628,Houston,Mostly Cloudy,30.459553121040766,1.0
2456.1150501417787,Houston,Clear;Mostly Cloudy,53.51965009635916,1.0
2465.609272016213,Houston,Clear;Sunny,66.8788700761215,1.0
2482.597715765082,Houston,Cloudy;Overcast,52.326451899762844,1.0
2488.597715765082,Houston,Cloudy,55.40342203437229,1.0
2502.7075428482894,Houston,Fair,68.35259375188535,1.0
2508.872283473101,Houston,Clean,77.58380416943184,1.0
2524.9936668074397,Houston,Clear;Mostly Clear,52.99764281768704,1.0
2527.0370240979123,Houston,Clear;Mostly Clear,58.52298426497152,1.0
2528.695986597158,Houston,Clear;Sunny,62.684080588788916,1.0
2550.6410730555544,Houston,Partly Cloudy;Partly Sunny;Scattered Clouds;Scattered;Not totally Cloudy,58.73563380129902,1.0
2563.201764722724,Houston,Clear;Clean;Mostly Clear,76.44697746077104,1.0
2565.9705543051778,Houston,Clear;Fair,77.26930618839232,1.0
2570.464776179612,Houston,Clear;Fair;Mostly Cloudy,82.2369461247023,1.0
2571.5196897212154,Houston,Overcast;Cloudy;Clear,82.38995018853016,1.0
2589.5746032628194,Indianapolis,Cloudy,69.28367933096615,1.0
2592.0688251372544,Indianapolis,Clear;Cloudy,74.19849156270091,1.0
2593.398306386877,Indianapolis,Partly Cloudy;Cloudy,73.45509715639524,1.0
2622.684430346027,Indianapolis,Clean,83.68207500150831,1.0
2626.233565762065,Indianapolis,Clean,84.4508645839618,1.0
2636.6613178437647,Indianapolis,Cloudy,67.0188590196783,1.0
2644.8260584685763,Indianapolis,Cloudy;Overcast;Partly Cloudy,78.0344344764876,1.0
2658.8260584685763,Indianapolis,Light Snow;Flurries;Cloudy;Light,80.6405323074896,1.0
2662.814502217445,Indianapolis,Haze;Hazy;Cloudy;Partly Cloudy,78.09877012606644,1.0
2679.990799093388,Indianapolis,Overcast,82.4190635446204,1.0
2687.8809720101804,Indianapolis,Mist/Fog,80.81501458697834,1.0
2706.1121824277266,Indianapolis,Flurries;Cloudy;Fog And Mist;Light Snow;Light Snow Mist;Mist,89.74650557672567,1.0
2708.4965772189535,Indianapolis,Light Snow;Overcast;Flurries;Snow,90.27568553723974,1.0
2712.3867501357454,Indianapolis,Cloudy;Overcast;Fog,84.25028538739092,1.0
2713.441663677349,Indianapolis,Cloudy;Fog;Mist,89.87686292773043,1.0
2724.0023553445185,Indianapolis,Cloudy;Partly;Partly Cloudy,69.01838206404477,1.0
2726.331836594142,Indianapolis,Cloudy,63.205305960066944,1.0
2739.057268886123,Indianapolis,Mist/Light Snow Fog,88.54044687895926,1.0
2744.0341563838597,Indianapolis,Mist/Fog,84.86992812858219,1.0
2759.320280343011,Jacksonville,Overcast,64.35259375188535,1.0
2763.7595886758413,Jacksonville,Light Snow;Snow;Light Snow Mist;Flurries,89.84648718661605,1.0
2768.0890699254637,Jacksonville,Cloudy,82.54186074330174,1.0
2772.5283782582947,Jacksonville,Mostly Cloudy;Cloudy,76.90330972055057,1.0
2778.5283782582947,Jacksonville,Partly Cloudy;Not totally Cloudy;Partly Sunny,63.02331215557415,1.0
2798.4850209678216,Jacksonville,Mostly Cloudy,73.50603898947068,1.0
2801.0890699254637,Jacksonville,Mostly Cloudy;Mainly Cloudy,79.42769552820037,1.0
2818.2104532598028,Jacksonville,Mostly Cloudy,56.94508645839619,1.0
2832.7711449269727,Jacksonville,Mainly Cloudy,80.95664270952739,1.0
2836.716231385369,Jacksonville,Mainly Cloudy,70.6705187503771,1.0
2844.979242842256,Jacksonville,Partly,39.098270832076444,1.0
2846.253810550276,Jacksonville,Mostly Cloudy,31.0,1.0
2852.2538105502754,Jacksonville,Clear;Fair,60.9504456821406,1.0
2857.253810550276,Jacksonville,Sunny;Clear,73.57902100638755,1.0
2877.3202803430104,Jacksonville,Cloudy;Overcast,43.54184478311736,1.0
2884.320280343011,Jacksonville,Not totally Cloudy;Mostly Clear;Scattered Clouds;Cloudy,63.68207500150831,1.0
2901.1873407575404,Jacksonville,Cloudy,80.75056516307615,1.0
2910.7133636713165,Jacksonville,Cloudy;Mainly Cloudy,44.0190148356033,1.0
2912.8231907545237,Las Vegas,Mostly Cloudy;Cloudy,40.81420602537302,1.0
2927.8116345033927,Las Vegas,Light Rain,87.99547168033162,1.0
2937.4272397121663,Las Vegas,Overcast,87.71387604084967,1.0
2946.9330178377318,Las Vegas,Overcast,92.94508645839619,1.0
2962.603536588109,Las Vegas,Mostly Cloudy;Intermittent Clouds;Cloudy,32.03033194070204,1.0
2970.78852200113,Las Vegas,Mainly Cloudy;Mostly Cloudy;Cloudy,48.68174295576407,1.0
2975.843435542735,Las Vegas,Mostly Cloudy;Mostly,66.33625578193839,1.0
2999.63533762745,Las Vegas,Overcast,48.48266562330319,1.0
3008.196029294619,Las Vegas,Mostly Cloudy,65.65896249924589,1.0
3022.4821532537694,Las Vegas,Mostly,32.745677080191086,1.0
3024.580424085845,Las Vegas,Mostly Cloudy,30.933530207264972,1.0
3049.48215325377,Las Vegas,Light Rain;Showers,81.2182403020728,1.0
3056.3492136683,Las Vegas,Light Rain;Rain,92.37784649913098,1.0
3064.964818877072,Las Vegas,Overcast,56.56069166716944,1.0
3070.3492136682994,Las Vegas,Overcast,72.78034583358472,1.0
3076.0081761675456,Las Vegas,Light Rain,86.38439479122675,1.0
3085.820323040472,Las Vegas,Light,83.65896249924586,1.0
3093.4908417908496,Las Vegas,Light Rain,92.11660017129456,1.0
3100.545755332453,Las Vegas,Rain,88.39559521332127,1.0
3115.831879291603,Las Vegas,Clear,81.15924547273421,1.0
3134.8434355427344,Las Vegas,Cloudy;Overcast,87.47897484450117,1.0
3140.568867834715,Las Vegas,Cloudy,76.57369021141466,1.0
3150.6555824156603,Las Vegas,Mist/Fog,83.62716145990449,1.0
3151.7104959572644,Las Vegas,Mist/Fog,86.29768021028156,1.0
3153.9301501236796,Las Vegas,Mist/Fog,85.85837187745098,1.0
3155.094890748491,Las Vegas,Mist/Fog,90.35259375188537,1.0
3157.3145449149065,Los Angeles,Mist/Fog,86.35259375188537,1.0
3162.259631373302,Los Angeles,Mist/Fog,87.51733437669682,1.0
3182.381014707641,Los Angeles,Cloudy;Overcast,77.2368313842332,1.0
3187.326101166038,Los Angeles,Cloudy,73.46461903735424,1.0
3193.0515334580186,Los Angeles,Cloudy,75.7449725893366,1.0
3198.4908417908487,Los Angeles,Cloudy,72.89371001896538,1.0
3205.2162740828294,Los Angeles,Cloudy,73.23044913603853,1.0
3207.2162740828294,Los Angeles,Cloudy,76.91795562160732,1.0
3210.381014707641,Los Angeles,Cloudy,77.53171835651303,1.0
3215.161360541225,Los Angeles,Cloudy,80.73516105052695,1.0
3233.172916792357,Los Angeles,Cloudy,80.03849916299757,1.0
3241.118003250753,Los Angeles,Light Rain;Rain,83.73246775667533,1.0
3248.5573115835846,Los Angeles,Light Rain;Cloudy,86.6139148422861,1.0
3252.6555824156603,Los Angeles,Light Rain;Rain,90.17731270755247,1.0
3264.271187624434,Los Angeles,Light Rain,83.73698854311213,1.0
3278.0515334580186,Los Angeles,Light Rain,95.73698854311212,1.0
3288.612225125188,Los Angeles,Cloudy,78.7441146554781,1.0
3289.8318792916025,Los Angeles,Cloudy,79.18342298830866,1.0
3308.063089709149,Los Angeles,Cloudy,70.30175864531685,1.0
3314.94170637481,Los Angeles,Sunny;Not totally Cloudy,58.69319351351673,1.0
3323.5573115835837,Los Angeles,Overcast,79.67051875037706,1.0
3325.9966199164137,Los Angeles,Overcast,85.23121041754649,1.0
3343.6671386667917,Los Angeles,Mainly Cloudy,68.54913541603823,1.0
3351.5573115835846,Los Angeles,Sunny;Partly Cloudy;Clear,67.79098786209119,1.0
3352.7220522083953,Memphis,Clear;Sunny,71.21225155190463,1.0
3368.6122251251877,Memphis,Sunny;Cloudy;Mostly,85.68490273019329,1.0
3374.271187624434,Memphis,Clear;Sunny;Overcast,68.9676475925244,1.0
3375.435928249246,Memphis,Light Rain;Cloudy;Clean,70.68407049606833,1.0
3395.534199081321,Memphis,Clean,88.5057781255656,1.0
3403.6989397061334,Memphis,Fair,79.99999999999999,1.0
3405.357902205378,Memphis,Fair,77.43930833283058,1.0
3406.4677292885863,Memphis,Fair,77.10982708320765,1.0
3426.8636803309446,Memphis,Cloudy,82.1911965643869,1.0
3436.589112622926,Memphis,Partly Cloudy;Fair,75.82397151191468,1.0
3439.7422969966055,Memphis,Partly Cloudy;Clear;Scattered Clouds;Clean,77.3931287441054,1.0
3440.8521240798127,Memphis,Partly Cloudy;Not totally Cloudy;Clear,78.69394305819873,1.0
3443.675827203871,Memphis,Partly;Scattered Clouds;Cloudy;Not totally Cloudy,80.49969717877893,1.0
3461.742296996606,Memphis,Cloudy;Overcast;Fog And Mist,91.30305155676432,1.0
3465.016864704625,Memphis,Cloudy;Overcast,85.83363472938963,1.0
3477.357902205379,Memphis,Mostly Cloudy,82.50577812556561,1.0
3500.259631373303,Memphis,Cloudy,72.69149732865118,1.0
3514.7104959572634,Memphis,Cloudy,71.50769664475588,1.0
3518.5226428301908,Memphis,Cloudy,70.70807120241712,1.0
3520.9619511630212,Memphis,Cloudy,69.16047886764132,1.0
3526.071778246229,Memphis,Cloudy;Mostly Cloudy,61.79035807589019,1.0
3528.7307407454746,Memphis,Cloudy;Mostly,61.363463966025186,1.0
3535.675827203871,Memphis,Cloudy,72.87593189555206,1.0
3538.4995303279275,Memphis,Cloudy,73.63906605590918,1.0
3540.6642709527396,Memphis,Cloudy,72.6270350898492,1.0
3545.7740980359467,Memphis,Cloudy,75.39029567249843,1.0
3554.3347897031167,Memphis,Cloudy,74.95884091178863,1.0
3561.005308453493,Milwaukee,Cloudy;Mostly Cloudy,69.55974193945801,1.0
3564.4764178256664,Milwaukee,Cloudy;Light;Light Rain,80.5270065461311,1.0
3574.9908844883103,Milwaukee,Rain;Cloudy,91.12889786359308,1.0
3581.771230321895,Milwaukee,Rain;Showers;Cloudy,91.95018160931915,1.0
3595.9677719860474,Milwaukee,Mist/Rain Fog,86.38439479122675,1.0
3608.0775990692546,Milwaukee,Overcast,90.79190208471594,1.0
3622.352166777274,Milwaukee,Cloudy,89.16565818832156,1.0
3628.132512610859,Milwaukee,Cloudy,91.41297693638384,1.0
3630.1325126108586,Milwaukee,Cloudy,86.46284691815099,1.0
3636.0775990692555,Milwaukee,Cloudy;Overcast,90.32716955954292,1.0
3666.3088094868026,Milwaukee,Mist/Fog,89.89017291679237,1.0
3673.4735501116133,Milwaukee,Light Rain,79.94508645839618,1.0
3675.583377194821,Milwaukee,Overcast,76.50577812556561,1.0
3678.077599069255,Milwaukee,Overcast,77.83525937518856,1.0
3686.8030313612358,Milwaukee,Cloudy;Mostly Cloudy,81.00008944375772,1.0
3695.8579449028393,Milwaukee,Cloudy;Mostly Cloudy;Overcast,79.42590005049907,1.0
3696.9128584444434,Milwaukee,Overcast;Cloudy,80.8803125873688,1.0
3699.01112927652,Milwaukee,Light Rain;Mostly Cloudy;Cloudy,79.53339378943919,1.0
3700.175869901331,Milwaukee,Light Rain;Showers,81.44297794111465,1.0
3722.0226855276514,Milwaukee,Mostly Cloudy,80.2745677080191,1.0
3742.0226855276514,Milwaukee,Overcast,76.94508645839618,1.0
3758.418636570009,Milwaukee,Mostly Cloudy;Cloudy,61.15680868008063,1.0
3762.8579449028402,Milwaukee,Partly Cloudy;Sunny;Cloudy,57.22301028392819,1.0
3774.1874261524636,Milwaukee,Mostly Cloudy;Mainly Cloudy;Overcast;Intermittent Clouds,72.33100556366401,1.0
3777.1325126108595,Milwaukee,Cloudy;Overcast,70.72115235112696,1.0
3788.528463653217,Nashville,Mostly Cloudy,56.14085931865623,1.0
3802.759674070763,Nashville,A Few Clouds,69.09827083207644,1.0
3822.7712303218946,Nashville,Mostly Cloudy,42.64740624811465,1.0
3850.453305323402,Nashville,Partly Cloudy;Not totally Cloudy;Sunny;Cloudy;Scattered,57.113183200720556,1.0
3853.3434782401964,Nashville,Partly Cloudy;Not totally Cloudy;Scattered Clouds;Mostly Sunny,57.113183200720556,1.0
3861.6614032386874,Nashville,Partly Cloudy;Mostly Clear,73.6727169526383,1.0
3880.112267822649,Nashville,Clear;Sunny,67.84002485418284,1.0
3883.7163167802905,Nashville,Sunny;Clear,58.62843388726229,1.0
3901.727873031422,Nashville,Cloudy;Overcast,80.49126959887612,1.0
3911.398391781799,Nashville,Fair,77.28612395915034,1.0
3927.2770084474605,Nashville,Mist/Fog,82.73698854311209,1.0
3931.5515761554793,Nashville,Partly;Partly Sunny;Mostly Clear,73.96356922576423,1.0
3934.5515761554807,Nashville,Mostly Cloudy;Mainly Cloudy,46.63669196004366,1.0
3936.6064896970834,Nashville,Mostly Cloudy;Cloudy,56.4058802679475,1.0
3951.935970946706,Nashville,Cloudy,76.49458574270746,1.0
3964.430192821141,Nashville,Cloudy,60.65116230959926,1.0
3973.1556251131224,Nashville,Overcast,56.82370312405733,1.0
3990.2220949058565,Nashville,Overcast,55.098270832076444,1.0
3994.441749072272,Nashville,Overcast,58.50577812556562,1.0
3997.6498469875555,Nashville,Overcast,63.647406248114656,1.0
4009.210538654725,Nashville,Cloudy,79.95429695544809,1.0
4012.5400199043484,Nashville,Light Snow;Flurries;Cloudy;Light,84.22891457744406,1.0
4022.1007115715174,Nashville,Haze;Cloudy;Snow,75.22929828605778,1.0
4036.4417490722717,Nashville,Overcast,78.76010104537453,1.0
4049.002440739441,Nashville,Overcast with Haze,78.30923646141275,1.0
4050.1671813642524,Nashville,Overcast with Haze,78.58380416943186,1.0
4053.99088448831,Nashville,Overcast with Haze,75.47397708622422,1.0
4077.892613656233,Nashville,Cloudy;Overcast,53.4142142574838,1.0
4081.83770011463,Nashville,Cloudy,74.21609942606085,1.0
4086.002440739441,Nashville,Cloudy;Mainly Cloudy;Mostly Cloudy;Mostly,75.48157717255621,1.0
4094.3203657379327,New York,Mostly Cloudy;Mainly Cloudy;Clear,77.68694269075662,1.0
4100.320365737933,New York,Cloudy;Overcast;Sunny,84.75640815676648,1.0
4106.814587612367,New York,Cloudy;Overcast,71.61026472265914,1.0
4113.759674070764,New York,Mostly Cloudy,71.76878958245352,1.0
4121.418636570009,New York,Mostly Cloudy,74.9681989606586,1.0
4129.1440688619905,New York,Mainly Cloudy,79.06646979273502,1.0
4133.034241778782,New York,Overcast,80.80345833584714,1.0
4145.540019904349,New York,Overcast,80.47397708622421,1.0
4160.045798029914,New York,Cloudy;Overcast,88.30217352783995,1.0
4181.100711571518,New York,Cloudy;Overcast,87.70009223102015,1.0
4193.594933445952,New York,Cloudy,72.60281388437396,1.0
4208.748117819633,New York,Mostly Cloudy;Mainly Cloudy,68.27333340066285,1.0
4220.528463653217,New York,Cloudy;Not totally Cloudy;Mostly,94.12498431002771,1.0
4225.528463653218,New York,Cloudy,80.58349252471903,1.0
4235.979328237178,New York,Mostly Cloudy,77.58380416943184,1.0
4238.979328237179,New York,Not totally Cloudy,82.86992812858216,1.0
4243.089155320387,New York,Overcast,85.59536042056305,1.0
4246.187426152464,Oklahoma City,Overcast,84.2427666686777,1.0
4261.803031361236,Oklahoma City,Cloudy;Light Rain,88.46316584691051,1.0
4274.9677719860465,Oklahoma City,Cloudy;Overcast,92.7967087262825,1.0
4280.022685527652,Oklahoma City,Rain;Overcast,92.48025282643013,1.0
4292.132512610859,Oklahoma City,Overcast,86.06646979273502,1.0
4301.912858444443,Oklahoma City,Mist/Light Rain Fog,96.06646979273505,1.0
4332.1440688619905,Oklahoma City,Cloudy,73.58865367799037,1.0
4343.540019904348,Oklahoma City,Partly Cloudy;Sunny;Cloudy,65.40824675536646,1.0
4345.485106362745,Oklahoma City,Mostly Cloudy;Partly Sunny;Mainly Cloudy,68.12107677319578,1.0
4361.814587612368,Oklahoma City,Overcast,73.34103750075415,1.0
4364.418636570009,Oklahoma City,Overcast,77.10982708320765,1.0
4380.594933445952,Oklahoma City,Cloudy,67.65896249924585,1.0
4383.649846987556,Oklahoma City,Mostly Clear,63.32469808657862,1.0
4385.594933445952,Oklahoma City,Clear;Mostly;Cloudy,69.83629256615727,1.0
4388.473550111614,Oklahoma City,Clear;Mainly Cloudy;Cloudy;Fair,68.77143734437135,1.0
4390.473550111613,Oklahoma City,Mostly Cloudy;Clear;Intermittent Clouds;Fair,71.20417427221676,1.0
4401.869501153971,Philadelphia,Mostly Cloudy;Intermittent Clouds;Mostly Sunny;Sunny,35.37472188240807,1.0
4404.461993860483,Philadelphia,Mostly Cloudy;Intermittent Clouds;Fair,35.09510981059326,1.0
4444.320365737933,Philadelphia,Mainly Cloudy,35.85550416339873,1.0
4455.2105386547255,Philadelphia,A Few Clouds,72.7254322919809,1.0
4469.826143863499,Philadelphia,Mostly Cloudy;Clear;Intermittent Clouds;Fair,52.30829048885884,1.0
4472.485106362744,Philadelphia,Clear;Mostly;Partly Cloudy;Clean;Mostly Cloudy,62.88953200251704,1.0
4477.375279279538,Philadelphia,Mostly Cloudy;Clear;Clean,68.47687935208899,1.0
4485.924414695576,Philadelphia,Clear;Partly Cloudy;Mostly Sunny;Sunny,75.86129581300078,1.0
4528.892613656234,Philadelphia,Clear;Not totally Cloudy;Sunny;Partly,32.51428086516848,1.0
4532.771230321894,Philadelphia,Sunny;Clear,39.66816272079063,1.0
4534.771230321894,Philadelphia,Clear,54.91524907583884,1.0
4537.826143863499,Philadelphia,Clear,55.42563684468946,1.0
4545.441749072272,Philadelphia,Clear;Partly Cloudy,61.60280909869261,1.0
4546.990884488311,Philadelphia,Clear;Mostly Clear;Not totally Cloudy,60.84115355663414,1.0
4566.002440739442,Philadelphia,A Few Clouds,62.10982708320765,1.0
4568.606489697084,Philadelphia,A Few Clouds,63.647406248114656,1.0
4572.551576155479,Philadelphia,Clear;Scattered Clouds;Not totally Sunny;Clean;Sunny,60.85783512243603,1.0
4580.99088448831,Philadelphia,Mainly Cloudy;Clear;Mostly Cloudy;Cloudy,42.00251537297406,1.0
4594.441749072273,Philadelphia,Cloudy;Not totally Cloudy,66.74199185331494,1.0
4597.496662613876,Philadelphia,Mostly Cloudy;Partly Cloudy,54.84217335491789,1.0
4598.661403238687,Phoenix,Mainly Cloudy;Clear;Sunny,50.02574440591134,1.0
4601.826143863498,Phoenix,Sunny;Mainly Cloudy;Clear;Fair,37.449747475550566,1.0
4604.869501153973,Phoenix,Clear;Mainly Cloudy;Intermittent Clouds;Partly Cloudy,36.490860839234806,1.0
4618.2105386547255,Phoenix,Mostly Cloudy,57.37283854009555,1.0
4627.70476052916,Phoenix,Mostly,59.83525937518854,1.0
4629.473550111614,Phoenix,Cloudy,61.20809791528408,1.0
4641.034241778783,Phoenix,Clear;Mainly Cloudy;Clean;Mostly Cloudy,37.553626498601005,1.0
4659.375279279537,Phoenix,Clear;Mostly Clear;Fair,68.24276666867772,1.0
4665.100711571517,Phoenix,Sunny;Clear;Fair;Scattered Clouds;Scattered;Partly Sunny,42.60243132009291,1.0
4668.2654521963295,Phoenix,Sunny;Partly Sunny;Fair;Clear,32.76421469662783,1.0
4671.375279279537,Phoenix,Mostly Cloudy,38.14162812254905,1.0
4676.308809486802,Phoenix,Mostly Cloudy,47.7254322919809,1.0
4678.583377194821,Phoenix,Mostly,52.7138760408497,1.0
4702.089155320386,Phoenix,Clear,74.37856914976194,1.0
4711.924414695574,Phoenix,Sunny;Clear,58.77721557971179,1.0
4712.979328237178,Phoenix,Sunny;Clear,57.251778987998705,1.0
4717.528463653216,Phoenix,Sunny;Clear,41.7399907994107,1.0
4734.1440688619905,Phoenix,Clear,77.79670011011467,1.0
4751.70476052916,Phoenix,Haze;Sunny;Mainly Sunny,48.298307456539625,1.0
4754.473550111614,Phoenix,Fair,52.73698854311211,1.0
4756.638290736426,Phoenix,Fair,55.50577812556561,1.0
4759.748117819632,Phoenix,Fair,56.549135416038226,1.0
4762.0660428181245,Phoenix,Fair,55.50577812556561,1.0
4770.120956359729,Phoenix,Fair,76.34103750075414,1.0
4772.834832400577,Phoenix,Haze,80.08958229499746,1.0
4774.779918858974,Phoenix,Haze,76.30923646141274,1.0
4788.493794899823,Phoenix,Haze,44.19654166415286,1.0
4793.493794899824,Phoenix,Sunny;Clear,61.667016823035176,1.0
4804.383967816616,Phoenix,Cloudy;Haze;Mainly Cloudy;Unclear,81.61885421767545,1.0
4805.603621983031,Phoenix,Hazy;Haze;Partly Cloudy;Fair,82.24830873125933,1.0
4838.0111292765205,Phoenix,Clear;Sunny,85.39173350708595,1.0
4842.230783442937,Portland,Haze;Hazy Sunshine;Sunny;Clear,86.84501941307859,1.0
4844.560264692558,Portland,Sunny;Haze;Hazy,76.41196169012467,1.0
4845.889745942181,Portland,Sunny;Hazy;Haze,65.9899702828436,1.0
4847.713449066239,Portland,Sunny;Clear,55.07670964966218,1.0
4850.701892815107,Portland,Clear;Haze;Mostly Sunny,48.98665935124187,1.0
4861.427325107088,Portland,Clear,77.25325315002462,1.0
4876.988016774258,Portland,Fair,49.08671458094523,1.0
4886.493794899823,Portland,Overcast,81.38439479122675,1.0
4897.944659483786,Portland,Sunny;Clear,69.45000599577507,1.0
4901.779918858973,Portland,Clear;Sunny,68.37283854009553,1.0
4917.956215734916,Portland,Haze;Hazy,88.00000000000001,1.0
4927.681648026897,Portland,Haze;Cloudy,61.59249270651083,1.0
4940.175869901332,Portland,Haze,80.83525937518854,1.0
4942.340610526143,Portland,Fog,85.34103750075414,1.0
4949.285696984538,Portland,Haze,83.61560520877323,1.0
4950.505351150955,Portland,Haze,79.67051875037706,1.0
4954.670091775766,Portland,Haze,76.83525937518853,1.0
4964.230783442936,Portland,Clear;Sunny,58.15318437368027,1.0
4978.571820943689,Portland,Clear,81.78034583358472,1.0
4979.791475110106,Portland,Clear,81.94508645839619,1.0
4995.956215734917,San Antonio,Clean,61.15318437368026,1.0
5018.132512610859,San Antonio,Clean,48.14162812254906,1.0
5021.352166777275,San Antonio,Fair,43.58093645537962,1.0
5024.352166777275,San Antonio,Cloudy,65.59249270651082,1.0
5035.407080318878,San Antonio,Light Freezing Rain;Sleet;Freezing Rain,85.94508645839618,1.0
5046.57182094369,San Antonio,Mainly Cloudy;Mostly Cloudy;Not totally Cloudy;Partly;Cloudy,76.20809791528409,1.0
5056.626734485294,San Antonio,Mostly Cloudy;Mostly;Mainly Cloudy,80.89017291679237,1.0
5072.748117819632,San Antonio,Cloudy,54.42775208169937,1.0
5087.967771986048,San Antonio,Mainly Cloudy,77.56069166716945,1.0
5109.089155320387,San Antonio,Freezing Rain;Light Freezing,83.51733437669684,1.0
5111.473550111613,San Antonio,Freezing Rain;Light Freezing Rain;Freezing,85.67051875037707,1.0
5112.528463653217,San Antonio,Freezing Drizzle;Freezing Rain;Light Freezing Drizzle;Light Freezing Drizzle Mist,86.0,1.0
5116.352166777274,San Antonio,Freezing Drizzle;Light Freezing;Light Freezing Drizzle Mist;Rain;Cloudy,86.90172916792359,1.0
5117.736561568501,San Antonio,Freezing Drizzle;Light Freezing Drizzle;Freezing Rain,91.57224791830065,1.0
5118.736561568502,San Antonio,Light Freezing Drizzle;Freezing Drizzle;Rain,85.23121041754649,1.0
5132.846388651709,San Antonio,Cloudy,85.94508645839618,1.0
5151.077599069255,San Antonio,Clear;Sunny,80.17629687594268,1.0
5165.308809486802,San Antonio,Partly Cloudy;Partly Sunny,67.21965416641527,1.0
5171.077599069256,San Antonio,Cloudy,56.867060414529945,1.0
5172.461993860482,San Antonio,Cloudy,56.37283854009554,1.0
5178.187426152464,San Antonio,Cloudy,65.65896249924589,1.0
5182.967771986047,San Antonio,Cloudy,65.65896249924589,1.0
5192.626734485295,San Diego,Overcast,56.482665623303184,1.0
5199.791475110105,San Diego,Overcast,63.65896249924587,1.0
5212.187426152463,San Diego,Rain,73.32948124962293,1.0
5215.0775990692555,San Diego,Cloudy;Overcast,70.60404895764205,1.0
5218.967771986047,San Diego,Cloudy,58.31792499849173,1.0
5221.9013021933115,San Diego,Cloudy,74.09827083207644,1.0
5248.528463653218,San Diego,Overcast,61.427752081699374,1.0
5254.912858444445,San Diego,Overcast,73.54913541603821,1.0
5259.0660428181245,San Diego,Overcast,75.83525937518856,1.0
5281.626734485293,San Diego,Cloudy,70.27456770801912,1.0
5284.57182094369,San Diego,Cloudy;Mostly Cloudy,70.10982708320765,1.0
5288.461993860482,San Diego,Clear,74.72543229198091,1.0
5291.57182094369,San Diego,Clear,77.12138333433889,1.0
5296.407080318878,San Diego,Clear;Sunny;Fair,91.24276666867773,1.0
5303.407080318878,San Diego,Mainly Cloudy;Cloudy,70.16474062481147,1.0
5312.022685527652,San Diego,Overcast,70.27456770801912,1.0
5315.912858444445,San Diego,Fair,75.94508645839619,1.0
5320.912858444444,San Diego,Clean,81.61560520877325,1.0
5322.352166777274,San Diego,Fair,77.83525937518856,1.0
5335.022685527651,San Diego,Not totally Cloudy,60.54913541603822,1.0
5341.693204278029,San Diego,Overcast,51.812146872926114,1.0
5343.022685527652,San Diego,Partly Cloudy;Mostly Clear;Partly;Clear,49.47110937217198,1.0
5349.0775990692555,San Diego,Partly Cloudy;Not totally Cloudy,61.7572333313223,1.0
5358.242339694067,San Diego,Partly Cloudy;Not totally Cloudy;Partly;Partly Sunny,52.92197395613377,1.0
5363.626734485294,San Diego,Mostly Cloudy;Cloudy,47.580936455379614,1.0
5373.84638865171,San Diego,Partly Cloudy;Not totally Cloudy;Clear,62.53757916490701,1.0
5382.681648026898,San Francisco,Cloudy,68.42775208169935,1.0
5383.7365615685,San Francisco,Cloudy,68.09827083207642,1.0
5388.791475110105,San Francisco,Cloudy,55.19654166415287,1.0
5396.1643136502,San Francisco,Cloudy;Mostly Cloudy,56.92197395613376,1.0
5408.834832400577,San Francisco,Clean,62.043357290472606,1.0
5410.834832400578,San Francisco,Fair,67.5491354160382,1.0
5411.889745942182,San Francisco,A Clouds,64.76878958245351,1.0
5415.219227191805,San Francisco,Cloudy,64.98844374886879,1.0
5418.548708441427,San Francisco,Overcast,67.71387604084967,1.0
5421.438881358219,San Francisco,Overcast with Haze,63.09827083207644,1.0
5422.438881358219,San Francisco,Overcast,56.317924998491726,1.0
5423.438881358219,San Francisco,Overcast,53.647406248114656,1.0
5428.482238648693,San Francisco,Overcast,54.482665623303184,1.0
5433.360855314353,San Francisco,Partly Cloudy;Cloudy;Mostly Clear,64.71387604084968,1.0
5435.239471980015,San Francisco,Partly Cloudy;Mostly Cloudy;Scattered Clouds,61.835259375188535,1.0
5442.074731355203,San Francisco,Cloudy;Overcast,56.89017291679237,1.0
5455.909990730393,San Francisco,Light;Light Snow;Snow,85.12138333433884,1.0
5479.701892815107,San Francisco,Mostly Cloudy;Mainly Cloudy,72.7254322919809,1.0
5487.921546981523,San Francisco,Partly Sunny;Cloudy;Partly Cloudy;Sunny,46.4942218744344,1.0
5519.933103232654,San Francisco,A Few Clouds,70.83525937518856,1.0
5523.921546981523,San Francisco,Mist/Fog,81.63871771103567,1.0
5527.404212604825,San Francisco,with Haze,79.57224791830065,1.0
5528.514039688034,San Francisco,Mist/Fog,82.40750729348916,1.0
5540.239471980015,San Francisco,Partly Cloudy;Partly,57.87861666566116,1.0
5545.063175104072,San Francisco,Cloudy,68.00000000000001,1.0
5551.843520937658,San Francisco,Snow;Light Snow;Flurries,84.462420835093,1.0
5565.173002187281,San Francisco,Snow;Light Snow,85.67051875037707,1.0
5589.349299063221,San Francisco,Light Snow,91.2312104175465,1.0
5592.063175104072,San Francisco,Light Snow,91.56069166716944,1.0
5608.349299063222,San Francisco,Light Snow;Snow,80.56069166716944,1.0
5617.0198178136,San Francisco,Cloudy;Haze,83.74854479424332,1.0
5628.470682397562,San Jose,Cloudy;Haze,72.90172916792356,1.0
5631.18455843841,San Jose,Mostly Cloudy,64.60404895764204,1.0
5634.678780312845,San Jose,Partly Cloudy;Partly Sunny;Scattered Clouds;Scattered,56.16474062481147,1.0
5636.118088645675,San Jose,Partly Cloudy;Scattered Clouds;Partly Sunny;Not totally Cloudy,62.61560520877325,1.0
5659.788607396053,San Jose,Overcast with Haze,73.84681562631975,1.0
5673.239471980015,San Jose,Cloudy;Overcast,58.054913541603824,1.0
5676.184558438411,San Jose,Light Snow;Snow;Flurries,55.38439479122675,1.0
5693.855077188788,San Jose,Partly Cloudy;Not totally Cloudy;Mostly Clear,87.56069166716944,1.0
5698.74525010558,San Jose,Fog;Freezing Fog,99.34103750075415,1.0
5700.239471980016,San Jose,Fog;Foggy,98.79190208471593,1.0
5715.239471980015,San Jose,Mostly Cloudy,54.59249270651083,1.0
5716.898434479262,San Jose,Mostly Cloudy;Mostly,56.42775208169937,1.0
5761.372411565485,San Jose,Cloudy;Sleet;Light Sleet;Fog And Mist;Light Snow;Light Snow Mist,91.39595104235796,1.0
5764.372411565484,San Jose,Light Snow;Flurries;Snow,91.2312104175465,1.0
5775.196114689542,San Jose,Cloudy;Overcast,75.73698854311209,1.0
5780.141201147938,San Jose,Cloudy;Overcast,74.10982708320765,1.0
5794.537152190297,San Jose,Clear,83.56069166716942,1.0
5810.988016774257,Seattle,Clear;Sunny,43.921973956133755,1.0
5813.207670940672,Seattle,Not totally Cloudy;Scattered Clouds;Mostly Sunny;Partly Cloudy,50.81214687292611,1.0
5822.042930315861,Seattle,Mostly Cloudy;Cloudy,74.83525937518854,1.0
5833.768362607843,Seattle,Cloudy,71,1.0
5838.87818969105,Seattle,Fair,67.5491354160382,1.0
5851.603621983032,Seattle,Overcast,76.2196541664153,1.0
5858.438881358221,Seattle,Cloudy;Overcast,73.54913541603821,1.0
5861.988016774257,Seattle,Cloudy,70.71387604084968,1.0
5866.592065731899,Seattle,Cloudy,78.65896249924589,1.0
5877.196114689543,Seattle,Drizzle;Overcast;Showers;Mist,92.78034583358473,1.0
5878.8001636471845,Seattle,Fog;Overcast;Mist,91.90172916792358,1.0
5882.404212604826,Seattle,Drizzle;Light Drizzle;Showers,98.35259375188535,1.0
5884.008261562469,Seattle,Drizzle;Light Drizzle;Showers,100.0,1.0
5887.118088645676,Seattle,Fog,99.01155625113122,1.0
5893.392656353694,Seattle,Mostly Cloudy;Mostly,58.26301145688791,1.0
5897.337742812091,Seattle,Overcast,76.54913541603824,1.0
5907.008261562469,Seattle,Mist/Light Rain Fog,95.61560520877326,1.0
5919.404212604827,Seattle,Mist/Fog,88.83525937518854,1.0
5926.89843447926,Seattle,Cloudy,58.757233331322304,1.0
5930.4475698953,Seattle,Cloudy,63.7572333313223,1.0
5935.4475698953,Seattle,Cloudy,71.31792499849173,1.0
5938.941791769733,Seattle,Cloudy,72.82370312405733,1.0
5947.996705311338,Seattle,Cloudy,66.75723333132233,1.0
5973.326186560959,Washington,Overcast,70.2196541664153,1.0
5978.710581352187,Washington,Overcast,64.9450864583962,1.0
5985.436013644167,Washington,A Few Clouds,51.9884437488688,1.0
6026.953348020866,Washington,Clear;Sunny,51.31792499849172,1.0
6063.9215469815235,Washington,Fair,42.031801039341396,1.0
6094.152757399069,Washington,Cloudy;Partly Cloudy;Scattered Clouds,40.53757916490702,1.0
6098.097843857465,Washington,Mostly Cloudy;Mainly Cloudy,40.26301145688791,1.0
6101.988016774258,Washington,Cloudy,44.482665623303184,1.0
6103.042930315862,Washington,Cloudy,50.153184373680254,1.0
6120.164313650201,Washington,Clear;Sunny,50.153184373680254,1.0
6125.548708441428,Washington,Sunny;Clear,37.7254322919809,1.0
6128.43888135822,Washington,Clear;Sunny,30.109827083207644,1.0
6143.031374064732,Washington,Clear,59.462420835093,1.0
6145.525595939165,Washington,Clear,61.65896249924586,1.0
6157.6903365639755,Washington,Overcast,54.945086458396176,1.0
6167.251028231145,Washington,Fair,61.274567708019106,1.0
6180.756806356711,Washington,Clear,39.64740624811466,1.0
6195.372411565486,Washington,Clear,51.372838540095536,1.0
6206.349299063222,Washington,Mainly Cloudy;Cloudy,42.2312104175465,1.0
6215.0198178136,Washington,Mainly Cloudy,37.83525937518854,1.0
6220.800163647183,Washington,Fair,45.4942218744344,1.0
6226.635423022372,Washington,Fair,47.4942218744344,1.0
6233.690336563976,Washington,Mostly Cloudy,45.93353020726497,1.0
6239.415768855958,Washington,Mostly Cloudy,41.20809791528407,1.0
6245.239471980015,Washington,Mostly Cloudy,54.43930833283058,1.0
6251.964904271996,Washington,Light Snow;Flurries;Snow,91.29768021028154,1.0
6257.855077188787,Washington,Cloudy;Light Snow;Overcast,91.1878531270739,1.0
6271.525595939164,Washington,Mostly Cloudy;Mainly Cloudy,63.68207500150831,1.0
6276.074731355204,Washington,Cloudy;Overcast,59.38439479122676,1.0
6277.184558438412,Washington,Overcast,55.725432291980894,1.0
6284.800163647185,Washington,Mist/Light Snow Fog,89.47397708622421,1.0
6299.141201147938,Washington,Mainly Cloudy,76.58380416943186,1.0
6300.196114689542,Washington,Mostly Cloudy,68.02311250226244,1.0
6317.03137406473,Washington,Snow;Light Snow;Flurries,82.46242083509298,1.0
6319.415768855957,Washington,Snow;Light Snow;Light,77.9566427095274,1.0
6325.14120114794,Washington,Snow;Overcast,89.29768021028154,1.0
6332.415768855957,Washington,Fog;Foggy;Light Freezing;Light Freezing Rain,96.48553333735542,1.0
6410.01112927652,Washington,Cloudy,75.67051875037708,1.0
6411.28569698454,Washington,Cloudy,78.02311250226242,1.0
6418.066042818123,Washington,Cloudy;Overcast,65.0231125022624,1.0
6422.011129276521,Washington,Cloudy;Overcast,72.85837187745096,1.0
6425.066042818124,Washington,Cloudy;Overcast,91.47397708622422,1.0
6461.089155320386,Washington,Cloudy;Light Rain,83.18785312707391,1.0
6463.352166777274,Washington,Cloudy;Light Rain,84.39595104235799,1.0
6464.846388651708,Washington,Rain;Light Rain,86.35259375188537,1.0
6495.14406886199,Washington,Freezing Rain;Overcast,65.56069166716942,1.0
6565.300120949723,Washington,Fog;Overcast,89.97975521178982,1.0
6567.178737615385,Washington,Fog;Overcast;Dense Fog,91.1762968759427,1.0
6621.092023034438,Washington,Clear,39.27456770801912,1.0
6624.982195951232,Washington,Cloudy;Sunny;Mostly Cloudy,43.604048957642036,1.0
6646.829011577552,Washington,Clear;Sunny,54.10982708320765,1.0
6669.675827203871,Washington,Clean,53.164740624811465,1.0
6675.401259495852,Washington,Fair,62.61560520877325,1.0
6684.346345954246,Washington,A Few Clouds,53.37283854009555,1.0
6685.40125949585,Washington,A Clouds,49.92197395613376,1.0
6686.456173037457,Washington,A Few Clouds,49.70231978971849,1.0
6688.115135536701,Washington,Few Clouds,43.890172916792366,1.0
6711.071778246229,Washington,Cloudy;Clear,43.87861666566115,1.0
6718.291432412642,Washington,Cloudy;Overcast,43.251455205756685,1.0
6726.852124079814,Washington,Light Snow;Snow,79.16474062481147,1.0
6736.279876161511,Washington,Cloudy;Overcast,50.86706041452993,1.0
6745.005308453496,Washington,Clear;Not totally Cloudy;Mostly Clear,54.86706041452994,1.0
6760.23651887104,Washington,Sunny;Clear,39.0318010393414,1.0
6784.8636803309455,Washington,Mostly,62.054913541603824,1.0
6787.7538532477365,Washington,Cloudy,58.61560520877326,1.0
6789.753853247737,Washington,Overcast,63.01155625113121,1.0
6795.083334497361,Washington,Partly Cloudy,47.70231978971848,1.0
6803.522642830191,Washington,Cloudy,63.066469792735035,1.0
6807.852124079814,Washington,Mostly Cloudy;Mainly Cloudy;Clear;Sunny,43.19654166415287,1.0
6822.687383455003,Washington,Clear;Mostly Clear;Partly,68.16474062481147,1.0
6825.7422969966065,Washington,Mainly Cloudy;Partly Cloudy,73.61560520877325,1.0
6837.071778246229,Washington,Cloudy;Overcast,46.416195830568164,1.0
6839.51108657906,Washington,Cloudy,48.658962499245874,1.0
6847.730740745475,Washington,Partly Cloudy,69.65896249924587,1.0
6849.730740745475,Washington,Partly Cloudy,69.93353020726498,1.0
6852.950394911891,Washington,Partly Cloudy,72.65896249924587,1.0
6862.456173037457,Washington,Overcast,50.702319789718466,1.0
6864.5660001206625,Washington,Overcast,42.031801039341396,1.0
6868.895481370287,Washington,Overcast,40.933530207264965,1.0
6881.0602219951,Washington,Light Snow;Snow;Flurries,92.39595104235798,1.0
6882.060221995097,Washington,Light Snow;Snow;Flurries,92.39595104235798,1.0
6888.609357411136,Washington,Light Snow;Flurries;Snow,91.1878531270739,1.0
6899.323233451984,Washington,Partly Cloudy;Not totally Cloudy;Not totally Sunny,68.68207500150828,1.0
6900.433060535193,Washington,Not totally Cloudy;Partly Sunny;Partly;Partly Cloudy,65.57224791830063,1.0
6924.22496261991,Washington,Mist/Fog,86.6820750015083,1.0
6932.389703244722,Washington,Mostly Cloudy,63.317924998491726,1.0
6943.38970324472,Washington,Not totally Cloudy;Partly Cloudy;Partly,88.23121041754649,1.0
6947.719184494342,Washington,Partly Sunny;Partly Cloudy;Cloudy;Scattered Clouds,74.38439479122677,1.0
6951.4879740767965,Washington,Partly Cloudy;Mostly Cloudy;Not totally Cloudy;Scattered Clouds,57.725432291980894,1.0
6959.872368868023,Washington,Partly Cloudy;Cloudy;Clear,38.306368747360516,1.0
6973.366590742457,Washington,Partly Cloudy;Mostly Clear;Sunny;Mainly Sunny,73.65896249924586,1.0
6976.311677200853,Washington,Partly Cloudy;Clear;Not totally Cloudy,76.54913541603824,1.0
6978.256763659248,Washington,Mostly Cloudy;Mainly Cloudy;Mostly;Clear,73.71387604084968,1.0
6987.872368868024,Washington,Mostly Cloudy;Mainly Cloudy;Sunny,36.965331246606375,1.0
6991.707628243213,Washington,Clean,40.075158329814016,1.0
7007.829011577552,Washington,A Few Clouds,76.54913541603824,1.0
7009.542887618401,Washington,Not totally Cloudy,74.65896249924587,1.0
7018.146936576045,Washington,Cloudy,45.08671458094523,1.0
7023.696071992081,Washington,Partly Cloudy;Sunny;Not totally Cloudy,44.31792499849172,1.0
7028.696071992081,Washington,Partly Cloudy;Mainly Sunny;Mostly Clear,58.780345833584725,1.0
7042.927282409627,Washington,Mostly Cloudy;Mainly Cloudy;Mostly,55.94508645839619,1.0
7047.037109492837,Washington,Mostly Cloudy;Mainly Cloudy;Sunny,38.53757916490701,1.0
7048.25676365925,Washington,Mainly Cloudy;Mostly Cloudy;Intermittent,36.647406248114656,1.0
7049.69607199208,Washington,Cloudy;Mostly Cloudy,35.15318437368026,1.0
7067.092023034438,Washington,Clear;Sunny,73.39595104235796,1.0
7073.4764178256655,Washington,Mostly Cloudy;Mostly;Intermittent Clouds,76.78034583358472,1.0
7076.476417825665,Washington,Mostly Cloudy;Cloudy;Mainly Cloudy,57.7138760408497,1.0
7079.53133136727,Washington,Mostly Cloudy;Mostly;Not totally Sunny,41.87861666566115,1.0
7080.586244908874,Washington,Not totally Cloudy;Scattered Clouds;Mostly Cloudy;Not totally Sunny;Mostly,40.867060414529945,1.0
7090.629602199347,Washington,Cloudy;Overcast,41.09827083207643,1.0
7095.68451574095,Washington,Not totally Cloudy;Cloudy;Partly Cloudy,69.2196541664153,1.0
7100.5746886577435,Washington,Cloudy;Partly Cloudy,79.7803458335847,1.0
7116.013996990573,Washington,Mostly Cloudy,64.32948124962293,1.0
7118.068910532176,Washington,Few Clouds,69.05491354160382,1.0
7119.2336511569865,Washington,A Few Clouds,72.16474062481147,1.0
7135.4648615745355,Washington,Cloudy,39.25145520575669,1.0
7139.519775116139,Washington,Mostly Cloudy;Mostly;Mainly Cloudy,39.13007187141784,1.0
7172.982195951233,Washington,Mainly Cloudy,53.933530207264965,1.0
7174.421504284062,Washington,Overcast,60.54913541603822,1.0
7187.872368868025,Washington,Partly Cloudy,40.086714580945234,1.0
7196.652714701608,Washington,Mostly Cloudy;Intermittent Clouds,31.91041770500255,1.0
7205.21340636878,Washington,Cloudy,60.04335729047263,1.0
7206.872368868024,Washington,Cloudy,62.83525937518855,1.0
7211.037109492836,Washington,Cloudy,63.2312104175465,1.0
7212.982195951232,Washington,Cloudy,62.121383334338866,1.0
7223.707628243214,Washington,Mostly Cloudy;Mostly;Mainly Cloudy;Not totally Sunny,29.7572333313223,1.0
7225.146936576042,Washington,Mostly Cloudy;Sunny;Mainly Cloudy,30.208097915284082,1.0
7232.982195951231,Washington,Mostly Cloudy,61.066469792735035,1.0
7242.98219595123,Washington,Overcast,65.7254322919809,1.0
7270.883925119155,Washington,Cloudy;Overcast,63.21965416641529,1.0
7275.664270952739,Washington,Mostly Cloudy;Cloudy,75.50577812556561,1.0
7282.5544438695315,Washington,Partly Cloudy;Scattered Clouds;Mostly Clear,89.85837187745098,1.0
7288.5544438695315,Washington,Not totally Cloudy;Cloudy;Partly Cloudy,90.91328541905477,1.0
7308.170049078304,Washington,Mainly Cloudy,76.12138333433886,1.0
7311.115135536701,Washington,Mainly Cloudy,76.45086458396177,1.0
7316.840567828682,Washington,Mainly Cloudy,76.28612395915032,1.0
7321.730740745475,Washington,Fog,98.02311250226242,1.0
7322.840567828683,Washington,Fog,91.57224791830065,1.0
7335.291432412645,Washington,Lt Rain,85.62716145990444,1.0
7342.907037621418,Washington,Light Rain;Rain;Cloudy,77.6820750015083,1.0
7357.138248038963,Washington,Cloudy;Overcast,79.40750729348919,1.0
7369.64402616453,Washington,Cloudy,80.40750729348918,1.0
7377.424371998114,Washington,Cloudy,91.40750729348919,1.0
7387.875236582077,Washington,Fog;Overcast;Mist,97.91328541905479,1.0
7389.204717831699,Washington,Fog;Overcast;Mist,97.63871771103567,1.0
7404.149804290094,Washington,Cloudy;Mostly Cloudy,85.05491354160385,1.0
7431.985063665282,Washington,Lt Rain,86.23121041754648,1.0
7444.710495957264,Washington,Cloudy;Overcast,66.79190208471593,1.0
7453.138248038963,Washington,Light Rain;Light;Rain,91.79190208471593,1.0
7464.644026164528,Washington,Cloudy,92.50577812556561,1.0
7465.6989397061325,Washington,Mostly Cloudy,92.34103750075414,1.0
7477.094890748491,Washington,Mostly Cloudy;Mainly Cloudy,79.27456770801912,1.0
7487.204717831701,Washington,Overcast,91.02311250226244,1.0
7499.710495957264,Washington,Mostly Cloudy,95.40750729348919,1.0
7502.930150123679,Washington,Not totally Cloudy,88.83525937518854,1.0
7506.47928553972,Washington,Mostly Cloudy,86.0,1.0
7526.753853247738,Washington,Cloudy,92.00000000000001,1.0
7528.753853247737,Washington,Cloudy;Overcast,79.7138760408497,1.0
7533.467729288586,Washington,Cloudy;Overcast,87.61560520877327,1.0
7561.369458456511,Washington,Rain,86.94508645839616,1.0
7573.369458456511,Washington,Cloudy;Light Rain;Rain;Showers,89.12138333433886,1.0
7579.149804290097,Washington,Rain;Severe Rain,85.73698854311209,1.0
7583.094890748491,Washington,Scattered Clouds;Showers;Mostly;Mainly Cloudy;Partly Cloudy;Mostly Cloudy;Cloudy,74.90172916792358,1.0
7590.710495957263,Washington,Cloudy,80.95664270952739,1.0
7624.161360541226,Washington,Overcast,81.61560520877325,1.0
7630.600668874058,Washington,Mist/Fog,84.462420835093,1.0
7634.545755332455,Washington,Mist/Fog,87.13293958547007,1.0
7648.765409498868,Washington,Mist/Light Drizzle Fog,96.50577812556563,1.0
7656.600668874055,Washington,Partly Sunny;Scattered Clouds;Clear;Fair;Sunny,57.47110937217198,1.0
7667.051533458019,Washington,Clear,67.86706041452994,1.0
7669.765409498868,Washington,Clear,70.9566427095274,1.0
7692.502398041979,Washington,Clear,73.90172916792358,1.0
7703.589112622926,Washington,Cloudy;Overcast,88.21965416641531,1.0
7716.039977206887,Washington,Cloudy;Overcast,81.60404895764205,1.0
7724.149804290095,Washington,Rain;Light Rain,94.95664270952742,1.0
7731.039977206888,Washington,Rain;Light Rain,94.79190208471594,1.0
7738.479285539717,Washington,Cloudy;Overcast;Rain;Mist,99.12138333433886,1.0
7757.369458456511,Washington,Mist/Light Rain Fog,90.1994093782051,1.0
7771.655582415661,Washington,Mist;Fog;Showers,93.41906354462041,1.0
7778.765409498869,Washington,Mist;Showers;Cloudy,94.84681562631978,1.0
7783.204717831698,Washington,Mist;Fog;Showers,90.72830000603315,1.0
7786.314544914907,Washington,Mist;Fog;Showers,94.40750729348919,1.0
7795.534199081322,Washington,Cloudy;Hazy,84.50577812556563,1.0
7809.149804290097,Washington,Mist/Light Drizzle Fog,91.90172916792358,1.0
7812.149804290095,Washington,Light Drizzle,95.51733437669682,1.0
7825.600668874056,Washington,Mist/Fog,85.56069166716944,1.0
7828.039977206888,Washington,Mist/Fog,89.21965416641528,1.0
7840.381014707641,Washington,Rain;Light Rain,93.00000000000001,1.0
7849.996619916413,Washington,Rain,96.21965416641531,1.0
7857.612225125189,Washington,Rain;Light,92.43930833283058,1.0
7858.722052208397,Washington,Rain;Light Rain,96.21965416641531,1.0
7870.392570958773,Washington,Mist/Light Rain Fog,91.02311250226244,1.0
7879.118003250755,Washington,Mist/Rain Fog,94.90172916792358,1.0
7883.447484500377,Washington,Mist/Light Rain Fog,96.00000000000001,1.0
7899.282743875564,Washington,Mostly Cloudy;Mainly Cloudy;Intermittent Clouds;Cloudy,77.65896249924586,1.0
7915.733608459527,Washington,Not totally Cloudy;Partly Cloudy;Mostly Clear,75.90172916792358,1.0
7925.349213668301,Washington,Haze;Fair;Hazy;Intermittent Clouds;Mostly Cloudy,80.90172916792358,1.0
7927.513954293111,Washington,Mostly;Fair;Hazy;Mainly Cloudy;Intermittent;Mostly Cloudy,81.34103750075414,1.0
7929.568867834716,Washington,Haze;Intermittent Clouds;Mostly Cloudy,81.45086458396179,1.0
7967.866548044997,Washington,Mostly Cloudy,66.89017291679235,1.0
7985.305856377827,Washington,Clear;Mostly;Hazy,84.1762968759427,1.0
7988.415683461037,Washington,Fog;Partly Cloudy;Clear;Fog And Mist,84.84681562631975,1.0
7992.580424085847,Washington,Mostly Cloudy;Not totally Cloudy;Fog And Mist;Mainly Cloudy;Intermittent Clouds;Partly,80.29768021028153,1.0
8000.612225125188,Washington,Not totally Cloudy;Partly Cloudy;Scattered Clouds;Cloudy;Mainly Sunny,61.34103750075415,1.0
8003.698939706133,Washington,Partly Cloudy;Cloudy;Mostly Sunny;Mostly Cloudy;Scattered;Scattered Clouds,65.5173343766968,1.0
8016.742296996606,Washington,Partly Cloudy;Partly;Clouds,74.91328541905477,1.0
8028.302988663775,Washington,Haze;Partly Cloudy;Mostly Cloudy,79.63871771103567,1.0
8033.24807512217,Washington,Haze;Partly Sunny;Cloudy,77.02311250226242,1.0
8036.138248038964,Washington,Not totally Cloudy;Partly Sunny;Partly Cloudy,63.17629687594268,1.0
8041.852124079814,Washington,Partly Cloudy;Partly Sunny;Not totally Cloudy,70.73698854311212,1.0
8051.577556371794,Washington,Not totally Cloudy;Mostly;Cloudy,74.85837187745095,1.0
8058.357902205379,Washington,Haze;Cloudy;Mostly Cloudy,74.41906354462039,1.0
8061.907037621418,Washington,Mostly Cloudy,61,1.0
8063.907037621419,Washington,A Few Clouds,71.39595104235796,1.0
8066.456173037455,Washington,A Few Clouds,71.06646979273503,1.0
8067.95039491189,Washington,A Few,76.12138333433886,1.0
8073.444616786324,Washington,Partly Cloudy,79.58380416943184,1.0
8076.158492827174,Washington,A Few Clouds,75.51733437669681,1.0
8089.883925119155,Washington,Mostly Cloudy;Cloudy;Mainly Cloudy,70.40750729348918,1.0
8101.719184494345,Washington,Haze;Partly Cloudy;Fair;Hazy,79.58380416943184,1.0
8103.938838660759,Washington,Cloudy;Haze,78.07802604386623,1.0
8111.829011577551,Washington,Haze;Intermittent Clouds;Mostly Cloudy,80.07802604386625,1.0
8118.829011577553,Washington,Mostly Cloudy;Mainly Cloudy,62.956642709527394,1.0
8134.279876161513,Washington,Haze,77.80345833584713,1.0
8137.389703244721,Washington,Overcast,72.90172916792356,1.0
8148.170049078304,Washington,Mostly Cloudy,65.59249270651082,1.0
8157.005308453494,Washington,Mostly Cloudy,77.87861666566114,1.0
8170.060221995098,Washington,Cloudy;Haze;Partly Cloudy,82.01155625113122,1.0
8175.005308453496,Washington,Cloudy;Haze;Mainly Cloudy,76.01155625113121,1.0
8179.785654287078,Washington,Cloudy;Mostly Cloudy,66.39595104235795,1.0
8187.785654287079,Washington,Mostly Cloudy,75.93353020726498,1.0
8192.38970324472,Washington,Overcast,78.05491354160385,1.0
8207.566000120665,Washington,Overcast,73.78034583358472,1.0
8215.115135536704,Washington,Cloudy;Mostly;Overcast,88.7254322919809,1.0
8230.346345954247,Washington,Mostly Cloudy;Cloudy;Mainly Cloudy,66.71387604084968,1.0
8259.973507414154,Washington,Mostly Cloudy;Mainly Cloudy,82.4942218744344,1.0
8261.302988663776,Washington,Mostly Cloudy;Cloudy,82.98844374886879,1.0
8267.641158450477,Washington,Mostly Cloudy;Mainly Cloudy,79.7803458335847,1.0
8301.719184494345,Washington,Light Rain;Showers;Cloudy,64.87861666566114,1.0
8303.993752202363,Washington,Light Rain;Showers,87.79190208471593,1.0
8305.158492827175,Washington,Cloudy;Rain;Overcast,91.06646979273505,1.0
8308.158492827175,Washington,Rain;Cloudy;Overcast,88.32948124962296,1.0
8314.970639700101,Washington,Partly Cloudy;Mostly Cloudy;Not totally Cloudy,95.39595104235799,1.0
8321.641158450477,Washington,Partly Cloudy;Mostly Cloudy,92.56069166716944,1.0
8322.641158450477,Washington,Mostly Cloudy;Mostly;Mainly Cloudy,92.7254322919809,1.0
8331.013996990572,Washington,Mostly Cloudy;Cloudy,81.12138333433886,1.0
8336.022685527652,Washington,Mostly Cloudy;Mostly;Not totally Cloudy,82.60404895764204,1.0
8337.967771986048,Washington,Partly;Partly Sunny;Scattered Clouds,77.82370312405733,1.0
8341.988016774258,Washington,Partly Cloudy;Scattered Clouds;Partly,70.1878531270739,1.0
8345.988016774258,Washington,Partly Cloudy;Partly,86.47397708622421,1.0
8348.196114689543,Washington,Partly Cloudy;Not totally Cloudy;Cloudy,87.07802604386625,1.0
8352.349299063222,Washington,Partly Cloudy;Not totally Cloudy,90.80345833584714,1.0
8382.921546981524,Washington,Mostly Cloudy;Mainly Cloudy;Mostly,80.95664270952739,1.0
8384.360855314353,Washington,Not totally Cloudy;Mostly Cloudy;Cloudy;Mostly,80.35259375188535,1.0
8387.251028231147,Washington,Mostly Cloudy;Cloudy;Intermittent Clouds,82.96819896065863,1.0
8420.383967816617,Washington,Cloudy,65.95664270952737,1.0
8421.383967816615,Washington,Cloudy,61.9566427095274,1.0
8448.219227191805,Washington,Cloudy;Mainly Cloudy,77.96819896065858,1.0
8449.548708441427,Washington,Cloudy,75.02311250226242,1.0
8483.120956359728,Washington,Mostly Cloudy;Mainly Cloudy,79.94508645839618,1.0
8485.450437609352,Washington,Cloudy;Overcast,80.1878531270739,1.0
8488.779918858974,Washington,Mostly Cloudy;Cloudy,81.35259375188535,1.0
8491.548708441429,Washington,Mostly Cloudy;Mostly,85.19940937820512,1.0
8493.921546981523,Washington,Mostly Cloudy;Not totally Cloudy;Partly,87.51733437669682,1.0
8552.681648026897,Washington,Cloudy;Mostly Cloudy,91.13293958547007,1.0
8582.089155320387,Washington,Mostly Cloudy;Cloudy,91.40750729348919,1.0
8593.704760529161,Washington,Cloudy,59.2312104175465,1.0
8595.089155320387,Washington,Mostly Cloudy,60.21965416641529,1.0
8598.144068861991,Washington,Mostly,58.9566427095274,1.0
8600.85794490284,Washington,Mainly Cloudy,60.43930833283058,1.0
8607.638290736424,Washington,Mostly,85.34103750075414,1.0
8681.013996990572,Washington,Partly Cloudy;Mainly Cloudy;Partly Sunny;Cloudy,75.1878531270739,1.0
8686.79434282416,Washington,Cloudy;Mostly,51.78034583358472,1.0
8691.013996990572,Washington,Cloudy,79.39595104235795,1.0
8698.68451574095,Washington,Cloudy;Not totally Cloudy,91.6820750015083,1.0
8705.464861574535,Washington,Clear;Cloudy,88.06646979273503,1.0
8710.739429282552,Washington,Mainly Cloudy,70.73698854311212,1.0
8725.970639700103,Washington,Fair,86.30923646141274,1.0
8731.860812616891,Washington,Cloudy;Overcast,50.395951042357964,1.0
8747.641158450477,Washington,Cloudy;Mainly Cloudy;Scattered Clouds,82.60404895764204,1.0
8756.201850117648,Washington,Cloudy;Overcast,86.38439479122675,1.0
8760.311677200854,Washington,Cloudy;Overcast,70.31792499849172,1.0
8798.66427095274,Washington,Cloudy,79.45086458396177,1.0
8802.499530327928,Washington,Partly Cloudy;Cloudy;Not totally Cloudy,91.57224791830065,1.0
8811.433060535193,Washington,Partly Cloudy;Not totally Cloudy,92.7254322919809,1.0
8812.81745532642,Washington,Clear;Mist;Not totally Cloudy,97.91328541905479,1.0
8816.256763659252,Washington,Cloudy;Mainly Cloudy,92.78034583358473,1.0
8823.092023034438,Washington,Not totally Cloudy;Partly;Cloudy,59.82370312405733,1.0
8844.993752202361,Washington,Mostly,93.9132854190548,1.0
8852.048665743965,Washington,Partly,60.57224791830065,1.0
8858.433060535195,Washington,Fair,50.31792499849172,1.0
8865.213406368779,Washington,Mostly Cloudy;Cloudy;Mainly Cloudy,71.27456770801913,1.0
8887.060221995098,Washington,Cloudy,86.23121041754648,1.0
8889.499530327928,Washington,Cloudy;Scattered Clouds;Mostly Cloudy;Mainly Cloudy,84.08958229499744,1.0
8895.389703244722,Washington,Clear;Cloudy,84.2543229198089,1.0
8899.158492827173,Washington,Mostly Cloudy;Cloudy;Fog,92.06646979273505,1.0
8900.158492827175,Washington,Cloudy;Partly;Scattered Clouds;Partly Cloudy,86.2861239591503,1.0
8915.719184494345,Washington,Overcast,74.1878531270739,1.0
8918.829011577553,Washington,Overcast,74.1878531270739,1.0
8921.938838660759,Washington,Mostly Cloudy,84.51733437669681,1.0
8930.323233451987,Washington,Fair,87.1878531270739,1.0
8947.554443869534,Washington,Cloudy,76.6936312526395,1.0
8960.840567828685,Washington,Light Rain;Showers,89.81501458697835,1.0
8963.730740745475,Washington,Cloudy;Light;Light Rain,84.08958229499744,1.0
8971.334789703116,Washington,Light Rain;Rain,86.2861239591503,1.0
8974.49953032793,Washington,Cloudy;Overcast,86.45086458396176,1.0
8979.38970324472,Washington,Cloudy;Overcast,91.02311250226244,1.0
9003.181605329437,Washington,Mostly Cloudy;Mainly Cloudy;Cloudy,74.07802604386626,1.0
9017.412815746982,Washington,Cloudy;Mainly Cloudy,84.36415000301655,1.0
9023.577556371794,Washington,Mostly Cloudy,74.9681989606586,1.0
9026.687383455004,Washington,Overcast,85.06646979273503,1.0
9036.412815746984,Washington,Rain,85.67051875037707,1.0
9042.907037621417,Washington,Cloudy,87.62716145990446,1.0
9044.907037621417,Washington,Cloudy,86.0115562511312,1.0
9052.522642830192,Washington,Cloudy;Light Rain;Overcast,85.23121041754649,1.0
9060.07177824623,Washington,Light Rain;Showers,84.2543229198089,1.0
9071.632469913397,Washington,Partly Cloudy;Mostly Cloudy;Not totally Cloudy;Clouds,84.19940937820509,1.0
9088.67582720387,Washington,Overcast,84.18785312707388,1.0
9116.138248038964,Washington,Mostly Cloudy;Mainly Cloudy;Intermittent,65.67051875037707,1.0
9117.852124079815,Washington,Not totally Cloudy;Scattered Clouds;Intermittent Clouds;Partly Cloudy,69.18785312707391,1.0
9124.016864704627,Washington,Mostly Cloudy;Mainly Cloudy,73.4190635446204,1.0
9130.181605329435,Washington,Cloudy;Light Rain,85.46242083509297,1.0
9141.577556371796,Washington,Light Rain;Showers,91.35259375188537,1.0
9144.632469913398,Washington,Mostly Cloudy,61.164740624811465,1.0
9145.687383455004,Washington,Mainly Cloudy,61.10982708320764,1.0
9161.412815746982,Washington,Partly Cloudy,82.81501458697835,1.0
9172.80876678934,Washington,Partly Cloudy;Scattered Clouds;Clear,41.286123959150316,1.0
9185.534199081323,Washington,Cloudy;Overcast,39.317924998491726,1.0
9188.918593872548,Washington,Cloudy;Overcast,36.70231978971847,1.0
9197.126691787835,Washington,Clear;Overcast;Partly Cloudy;Scattered Clouds,44.09827083207644,1.0
9202.126691787833,Washington,Partly Cloudy;Overcast,58.04335729047263,1.0
9214.79721053821,Washington,Mostly Cloudy;Mostly;Sunny;Intermittent Clouds,49.47110937217198,1.0
9218.907037621417,Washington,Cloudy;Overcast,41.0202447882102,1.0
9244.577556371794,Washington,Mainly Cloudy,50.537579164907,1.0
9264.589112622927,Washington,Cloudy;Overcast,40.14162812254905,1.0
9271.534199081321,Washington,Cloudy;Overcast,43.921973956133755,1.0
9277.479285539719,Washington,Snow;Light Rain,80.15318437368026,1.0
9282.259631373303,Washington,Snow;Light Rain;Light,74.09827083207644,1.0
9286.753853247737,Washington,Snow;Light Snow;Light Rain,79.43930833283058,1.0
9314.600668874058,Washington,Sunny;Clear,33.63584999698344,1.0
9317.314544914909,Washington,Sunny;Clear;Overcast,32.8005906217949,1.0
9319.918593872551,Washington,Cloudy;Light Rain;Mainly Cloudy,63.09827083207644,1.0
9326.973507414154,Washington,Cloudy;Overcast,63.70231978971847,1.0
9357.820323040474,Washington,Fair,56.526022913775805,1.0
9375.831879291605,Washington,Mostly Cloudy;Mainly Cloudy;Light Rain,70.70231978971847,1.0
9383.271187624438,Washington,Cloudy;Overcast,74.60404895764205,1.0
9385.753853247737,Washington,Cloudy;Overcast,69.98844374886879,1.0
9398.753853247737,Washington,Mostly,35.86706041452994,1.0
9408.589112622925,Washington,Mostly,67.48266562330318,1.0
9410.193161580568,Washington,Mostly Cloudy,70.31792499849172,1.0
9413.08333449736,Washington,Mostly Cloudy,75.9884437488688,1.0
9444.930150123682,Washington,Overcast;Light Snow;Flurries;Cloudy,84.6705187503771,1.0
9446.424371998115,Washington,Cloudy;Overcast,86.38439479122675,1.0
9449.973507414152,Washington,Fog;Overcast;Mist;Light Fog;Fog And Mist,87.5491354160382,1.0
9451.08333449736,Washington,Fog;Light Fog;Fog And Mist;Light Snow;Scattered Clouds;Light Snow Mist,87.10982708320763,1.0
9452.193161580566,Washington,Fog;Cloudy;Overcast;Mostly Cloudy;Mainly Cloudy,85.05491354160385,1.0
9454.236518871041,Washington,Cloudy;Haze;Overcast,78.76878958245352,1.0
9460.016864704625,Washington,Cloudy;Overcast;Light,62.93353020726497,1.0
9477.248075122174,Washington,Mist/Fog,85.16474062481149,1.0
423.02212347650067,Austin,Rain,93.75799718,1.0
426.516345350935,Austin,Rain,95.35747527,1.0
431.57125889253876,Austin,Rain,99.85597987,1.0
434.6261724341427,Austin,Cloudy,72.47748774,1.0
446.4065182677274,Austin,Cloudy,81.48832604,1.0
453.94409743263435,Austin,Cloudy,79.31755889,1.0
458.053924515842,Austin,Cloudy,87.68363376,1.0
461.10883805744584,Austin,Cloudy,85.39001802,1.0
462.82271409829553,Austin,Cloudy,87.01744313,1.0
467.0423682647108,Austin,Cloudy,100.7733173,1.0
474.26202243112607,Austin,Cloudy,82.5142044,1.0
483.8227140982955,Austin,Overcast,84.22356281476587,1.0
514.4383193070688,Austin,Cloudy,68.03302461,1.0
527.2186651406536,Austin,Sunny,67.23131057,1.0
535.4932328486726,Austin,Sunny,58.41671257,1.0
552.9440974326344,Austin,Cloudy,81.38069635,1.0
555.2186651406535,Austin,Cloudy,93.08269049,1.0
567.8891838910306,Austin,Cloudy,88.68511716,1.0
572.7128870150879,Austin,Rain,93,1.0
578.2620224311261,Austin,Cloudy,100.8980354,1.0
580.5365901391452,Austin,Rain,100,1.0
591.1521953479185,Austin,Cloudy;Fog;Fog And Mist;Light Rain;Light Rain Mist,100.2930165,1.0
597.9325411815031,Austin,Mist/Fog,92.78386059185065,1.0
627.724443266219,Austin,Overcast,101.5545108,1.0
632.2735786822573,Austin,Fog,93.29876588,1.0
672.1319505597082,Austin,Mist/Fog,87.09014497374415,1.0
675.7359995173503,Austin,Mist/Fog,86.14978940500654,1.0
678.6810859757466,Baltimore,Overcast with Haze,80.28622610315314,1.0
681.2851349333886,Austin,Cloudy,72.88036911,1.0
695.0654807669733,Austin,Rain,87.18640074,1.0
697.3949620165962,Austin,Rain,91.09180308,1.0
702.1753078501808,Austin,Rain,98.78253278,1.0
723.6261724341426,Baltimore,Overcast,80.56569172441516,1.0
735.4614318093312,Baltimore,Mist/Light Rain Fog,93.40995064374906,1.0
736.6261724341427,Baltimore,Mist/Light Rain Fog,90.31446711690006,1.0
746.0105672253694,Baltimore,Mostly,40.67747431,1.0
763.9556536837656,Baltimore,Sunny,55.40255826,1.0
796.6377286852738,Baltimore,Fair,45.07485694773141,1.0
802.4180745188586,Baltimore,A Few Clouds,58.29958781526626,1.0
817.6492849364053,Baltimore,Overcast,42.54990567130116,1.0
828.3516047261237,Baltimore,Cloudy,38.3308859,1.0
830.2302213917847,Baltimore,Cloudy,33.73097975,1.0
849.2966911845195,Baltimore,Snow,79.06439852,1.0
861.8024693100854,Baltimore,Light,84.64079234,1.0
881.9787661860281,Baltimore,Sunny,34.27290156,1.0
886.7591120196126,Baltimore,Sunny,37.31493247,1.0
902.5394578531975,Baltimore,Sunny,55.1371074,1.0
915.4845443115935,Charlotte,Mainly Cloudy,66.3266861682277,1.0
917.6492849364053,Charlotte,Partly Cloudy,60.996475052178305,1.0
935.7706682707441,Baltimore,Partly,55.0290948,1.0
946.441187021121,Baltimore,Cloudy,81.02426291,1.0
953.6059276459326,Baltimore,Cloudy,80.90692207,1.0
970.0567922298942,Charlotte,Mostly Cloudy,62.18605271575051,1.0
982.5076568138562,Charlotte,Overcast,71.03656556546241,1.0
1015.6955099409302,Baltimore,Cloudy,82.60452118,1.0
1026.2012880664956,Charlotte,Light Snow,78.65224377212665,1.0
1039.4874120256457,Charlotte,Mist/Fog,84.15025842798482,1.0
1059.6087953599847,Boston,Sunny,42,1.0
1062.5538818183811,Boston,Sunny,37.96346927,1.0
1068.9931901512114,Boston,Mostly Sunny;Partly Cloudy,26.12663412,1.0
1074.3775849424383,Boston,Sunny,35.81839774,1.0
1082.9931901512118,Boston,Cloudy,40,1.0
1085.3226714008345,Boston,Cloudy,44.45064639,1.0
1087.5972391088535,Boston,Mostly Cloudy;Mostly,44,1.0
1091.3111151497033,Boston,Sunny,48,1.0
1099.0365474416842,Boston,Not totally Cloudy;Partly Sunny,36.19981079,1.0
1107.2012880664956,Boston,Partly Cloudy;Mainly Sunny;Mostly Clear,28.50807956,1.0
1144.5538818183811,Boston,Sunny,31,1.0
1148.1030172344192,Boston,Sunny,36,1.0
1159.7186224431923,Boston,Scattered Clouds;Mostly Cloudy;Cloudy;Partly,40.20893997,1.0
1169.4440547351733,Boston,Cloudy,38,1.0
1181.224400568758,Boston,Cloudy,44.98739484,1.0
1187.1145734855502,Boston,Not totally Sunny;Scattered Clouds;Not totally Cloudy,37.79077173,1.0
1189.883363068004,Boston,Partly Cloudy;Scattered Clouds;Partly,35,1.0
1202.553881818381,Boston,Cloudy,58,1.0
1205.3226714008347,Boston,Cloudy,56,1.0
1213.6405963993261,Boston,Sunny,63,1.0
1216.5307693161185,Boston,Sunny,65,1.0
1244.9931901512114,Boston,Partly Sunny;Partly;Scattered Clouds,58,1.0
1252.6405963993261,Chicago,Not totally Cloudy;Partly Cloudy;Mostly Clear,32.83334457702731,1.0
1258.4209422329106,Chicago,Overcast;Cloudy,45.80113121180775,1.0
1263.2012880664954,Chicago,Not totally Cloudy;Partly Cloudy,50.26754721856874,1.0
1267.1463745248918,Chicago,Partly Cloudy;Not totally Cloudy,56.309185355698276,1.0
1274.036547441684,Chicago,Cloudy;Overcast,43.552198796603996,1.0
1320.7301786943237,Chicago,Cloudy,67.17684517744696,1.0
1370.874674530925,Charlotte,Cloudy;Overcast,51.136562763526506,1.0
1375.0394151557364,Charlotte,Partly Cloudy;Scattered Clouds;Mostly Clear,43.220524744582654,1.0
1405.337095366018,Charlotte,Partly Cloudy;Scattered Clouds;Mist;Cloudy,93.31682212089648,1.0
1408.282181824414,Columbus,Mostly Cloudy;Intermittent;Mist;Fog And Mist,95.98434815968642,1.0
1409.282181824414,Columbus,Mostly Cloudy;Mainly Cloudy,91.70541859289703,1.0
1418.952700574791,Charlotte,Not totally Cloudy;Partly Cloudy;Mostly Sunny;Sunny,44.574365708891186,1.0
1478.5480609953543,Charlotte,Cloudy,81.25967281711141,1.0
1484.3833203705428,Charlotte,Cloudy,78.94954471212365,1.0
1488.9758130770533,Charlotte,Partly Cloudy;Cloudy;Scattered,73.44060320439249,1.0
1489.9758130770538,Charlotte,Partly Cloudy;Not totally Cloudy,76.24993132106769,1.0
1492.0307266186574,Charlotte,Partly Cloudy;Not totally Cloudy,78.62317803004366,1.0
1513.799516201111,Charlotte,Sunny;Mainly Sunny;Fair;Partly Cloudy;Partly,51.34371931456236,1.0
1519.524948493092,Charlotte,Clear,68.75865331430985,1.0
1557.865985993846,Columbus,Mostly Cloudy;Mainly Cloudy;Intermittent Clouds,68.23637186338607,1.0
1559.8110724522423,Charlotte,Partly Cloudy;Mainly Sunny;Mostly Clear,48.86816020348437,1.0
1573.07408390913,Charlotte,Cloudy,67.95964262964557,1.0
1589.2503807850728,Columbus,Drizzle;Light Drizzle;Showers,94.12328098724373,1.0
1628.1636662041274,Charlotte,Fog;Overcast;Mist;Light Fog,92.77069952708915,1.0
1630.1636662041276,Charlotte,Fog;Overcast;Mist,91.6646077714638,1.0
1637.779271412901,Charlotte,Fog,97.44912475550669,1.0
1644.0191703675264,Charlotte,Fog,98.43258270106979,1.0
1647.611663074037,Charlotte,Fog,99.41206521811722,1.0
1649.2157120316792,Charlotte,Fog;Overcast;Mist,97.81795403823998,1.0
1692.744602659507,Chicago,Cloudy;Mostly Cloudy;Mostly,57.06874495105487,1.0
1694.7995162011111,Chicago,Cloudy;Mostly Cloudy;Mainly Cloudy,55.89312250381069,1.0
1700.579862034696,Chicago,Mostly Cloudy;Mostly,46.805318951390866,1.0
1704.7446026595073,Chicago,Cloudy;Mostly Cloudy;Partly Sunny,61.61588482434306,1.0
1714.6434641133783,Chicago,Mainly Sunny;Partly Cloudy;Not totally Cloudy,59.105948650146075,1.0
1718.7532911965864,Chicago,Partly Cloudy;Partly;Mostly Clear;Scattered,62.19834637200988,1.0
1723.6983776549823,Chicago,Cloudy;Overcast,64.46565456082733,1.0
1727.918031821398,Chicago,Cloudy,62.514479185045616,1.0
1729.2475130710206,Chicago,Cloudy,63.18793403040398,1.0
1741.80820473819,Chicago,Cloudy;Haze,54.92191223964495,1.0
1744.5769943206435,Dallas,A Few Clouds,61.68113501899831,1.0
1746.796648487059,Dallas,Clean,64.24229703596409,1.0
1753.345783903097,Dallas,Partly Cloudy,65.97447425987728,1.0
1754.7850922359273,Dallas,Partly Cloudy,66.39181734503738,1.0
1755.949832860739,Dallas,A Few Clouds,68.02973988498965,1.0
1764.761979733665,Dallas,Overcast,63.12637354646976,1.0
1779.157930776023,Chicago,Mostly Cloudy;Cloudy;Mostly,64.16292345745205,1.0
1801.3342276519659,Chicago,Partly Cloudy;Scattered Clouds;Not totally Cloudy,56.103930469567025,1.0
1806.1145734855506,Chicago,Mostly Cloudy;Partly;Intermittent Clouds;Partly Cloudy,64.7897278567169,1.0
1815.7301786943237,Chicago,Cloudy;Overcast,73.36120413129154,1.0
1818.949832860739,Chicago,Cloudy;Mostly Cloudy;Mainly Cloudy,71.14356552297738,1.0
1824.9382766096078,Chicago,Mostly Cloudy;Mainly Cloudy,77.54875316453386,1.0
1830.0481036928152,Chicago,Partly Cloudy;Mostly;Not totally Cloudy;Mostly Sunny,72.97397439385642,1.0
1851.1694870271544,Denver,Haze;Partly Cloudy;Hazy,72.4482421249218,1.0
1853.4440547351733,Denver,Cloudy;Haze,76.63930424934348,1.0
1864.1579307760232,Denver,Overcast,72.61921051056784,1.0
1875.608795359985,Denver,Overcast with Haze,78.69158574350332,1.0
1881.608795359985,Denver,Overcast with Haze,78.22195314122372,1.0
1885.5538818183811,Chicago,Partly Cloudy;Cloudy;Partly;Partly Sunny,61.801502466881445,1.0
1898.8400057775314,Chicago,Snow;Flurries;Light Snow;Light,91.55196276439067,1.0
1915.7850922359278,Chicago,Cloudy;Haze,75.29963645222125,1.0
1919.730178694324,Denver,Overcast Haze,63.8733026493142,1.0
1956.753291196586,Chicago,Cloudy;Haze,79.78642686247483,1.0
1967.5885505717747,Chicago,Cloudy;Haze,81.11623553672474,1.0
1980.8631182797938,Denver,Mist/Light Snow Fog,84.72122495024833,1.0
1984.4671672374357,Denver,Light Snow,79.31428960180884,1.0
1994.082772446209,Denver,Overcast with Haze,81.7872765954135,1.0
1999.1925995294164,Denver,Overcast with Haze,81.7039774881105,1.0
2021.0943286973404,Denver,Cloudy;Overcast;Sunny,53.9160780044631,1.0
2024.2041557805478,Denver,Sunny;Cloudy;Clean;Mostly Cloudy,50.695468683588416,1.0
2041.6434641133787,Denver,Sunny;Cloudy;Fair;Mostly Cloudy,73.42731806146483,1.0
2044.3573401542278,Detroit,Partly Cloudy;Sunny;Mostly Clear,79.60319000662422,1.0
2052.2475130710204,Detroit,Haze;Hazy;Sunny,74.91206458666137,1.0
2053.357340154228,Detroit,Haze;Fair;Hazy;Intermittent Clouds,75.10673842421868,1.0
2057.6868214038514,Detroit,Clear;Mostly Cloudy;Fair;Cloudy,57.82159856342482,1.0
2062.741734945455,Detroit,Mostly Cloudy;Cloudy;Clear,47.53160946635159,1.0
2095.9295880725285,Detroit,Cloudy;Overcast,55.249543200080645,1.0
2105.8197609893214,Detroit,Cloudy;Clear,59.04592696484304,1.0
2112.819760989321,Detroit,Cloudy;Overcast,59.1713529451801,1.0
2126.7099339061133,Detroit,Clear;Mostly Clear;Fair,57.16696648705722,1.0
2133.259069322152,Detroit,Partly Cloudy;Clear;Sunny,74.56079078130186,1.0
2150.9180318213976,Detroit,Clear;Sunny;Partly;Fair,60.331550000673815,1.0
2155.6983776549823,Detroit,Sunny,44.891639914501994,1.0
2162.643464113379,Detroit,Cloudy;Overcast,73.635891967638,1.0
2163.9180318213976,Detroit,Cloudy;Overcast,74.33179419484374,1.0
2165.5220807790392,Detroit,Cloudy;Scattered Clouds,81.01625301758854,1.0
2209.160798490075,Detroit,Cloudy;Overcast,67.40427222925418,1.0
2276.3168505778085,Detroit,Cloudy;Snow;Light Snow,74.65769442102564,1.0
2280.030726618658,Detroit,Light Snow;Cloudy;Overcast,81.54236186553328,1.0
2329.8341849545045,Dallas,Light Rain;Rain,89.67513392257383,1.0
2343.779271412901,Dallas,Cloudy;Mostly Cloudy,69.19495297021592,1.0
2361.90065474724,Dallas,Cloudy;Mostly Cloudy,87.99759421095295,1.0
2364.1752224552583,Dallas,Cloudy;Haze,80.80938257072214,1.0
2366.33996308007,Dallas,Cloudy;Haze,76.21982701920969,1.0
2371.7792714129005,Dallas,Cloudy,67.71115257013764,1.0
2388.065395372051,Detroit,Mist/Fog,85.52301456256845,1.0
2398.944012037712,El Paso,Overcast with Haze,76.97589825612425,1.0
2403.877542244977,El Paso,Overcast,66.54930156514152,1.0
2414.657888078562,Dallas,Cloudy;Overcast,74.293292107591,1.0
2418.767715161769,Dallas,Cloudy;Overcast,75.55034828575481,1.0
2428.49314745375,Dallas,Cloudy;Overcast,74.98617729120527,1.0
2430.6029745369583,Dallas,Cloudy;Overcast,72.86373075407985,1.0
2452.042282869789,Dallas,Cloudy;Overcast,77.85947640654895,1.0
2455.932455786581,Dallas,Cloudy;Overcast,78.67215646911376,1.0
2457.932455786581,Dallas,Cloudy;Overcast,82.86436413342683,1.0
2477.2185797457314,Dallas,Cloudy;Overcast,74.57769602601792,1.0
2484.6463318274305,El Paso,Rain;Light Rain;Light,84.54605866098574,1.0
2497.030726618658,El Paso,Mist/Fog,82.49409833790567,1.0
2513.4815912026193,El Paso,Mist/Light Rain Fog,91.52818120727407,1.0
2515.426677661015,Dallas,Light Rain;Rain;Cloudy,84.57350607620161,1.0
2517.0856401602614,El Paso,Light Rain;Rain,85.28586373633297,1.0
2518.5798620346955,El Paso,Overcast;Cloudy,87.53879778040707,1.0
2521.4700349514883,El Paso,Cloudy,69.87808789218622,1.0
2526.3602078682807,El Paso,Cloudy,79.16195739682983,1.0
2529.117441199603,El Paso,Cloudy;Haze,81.96282259224239,1.0
2558.4700349514883,Fort Worth,Overcast with Haze,82.88671355637196,1.0
2567.1405537018654,Fort Worth,Overcast Haze,82.67223374811674,1.0
2580.4266776610157,Fort Worth,Cloudy,58.69629140254259,1.0
2581.4266776610157,Fort Worth,Mostly,55.783513900619305,1.0
2585.2619370362045,Fort Worth,Cloudy;Mostly Cloudy,64.32599424078789,1.0
2614.889098496108,Fort Worth,Mostly,61.19994701356219,1.0
2624.3833203705435,Fort Worth,Overcast,85.8002027227121,1.0
