entity,Domain,Conditions,Humidity,day
2093.7138219852272,Fort Worth,Mostly Cloudy,86.40747557231131,1.0
2096.7138219852277,Fort Worth,Overcast,82.6403187564892,1.0
2116.7824492485156,Fort Worth,Fog;Partly Cloudy;Not totally Cloudy;Scattered Clouds,92.12211687779724,1.0
2136.734654919716,Fort Worth,Partly Cloudy;Mostly Cloudy,77.74739634888813,1.0
2141.2003412880717,Fort Worth,Partly Cloudy;Clear;Clean;Sunny;Intermittent Clouds,74.90313135405573,1.0
2142.491395268293,Fort Worth,Partly Cloudy;Clear,76.52719983862534,1.0
2150.2585520841158,Fort Worth,Partly;Partly Cloudy;Partly Sunny,50.554392324833806,1.0
2173.0361253671813,Fort Worth,Mist/Fog,91.5925244276887,1.0
2176.861492979048,Fort Worth,A Few Clouds,70.04779432880049,1.0
2185.570438998826,Fort Worth,A Few,28.958334131024113,1.0
2187.8614929790483,Fort Worth,A Few Clouds,26.37622617057939,1.0
2191.2689685513596,Fort Worth,Not totally Cloudy,26.609069354757278,1.0
2197.782449248516,Fort Worth,Mostly Clear;Partly;Mainly Sunny,33.61348096407856,1.0
2202.306346412917,Fort Worth,Clear;Sunny,43.37681451694885,1.0
2219.7242384524716,Fort Worth,Not totally Cloudy;Mostly Cloudy;Clear;Mostly;Partly Cloudy,31.724860024519035,1.0
2225.4809788010493,Fort Worth,Mostly Cloudy;Sunny,26.97237110096512,1.0
2228.4227680050058,Fort Worth,Partly Cloudy;Cloudy;Mostly Cloudy;Clear,51.1413915525799,1.0
2235.772032781272,Fort Worth,Mainly Cloudy;Partly Cloudy;Mostly Cloudy;Mostly Clear,58.877593034876035,1.0
2265.2003412880713,Houston,Cloudy,51.058987648641036,1.0
2271.1421304920264,Houston,Cloudy,83.39752782939975,1.0
2285.385390143448,Houston,Overcast,59.50306422991231,1.0
2291.6764441236714,Houston,Overcast,85.87316194066709,1.0
2309.9779145711373,Houston,Clear,44.95990357423187,1.0
2314.607816860382,Houston,Clear,60.86947943711114,1.0
2316.724238452471,Houston,Clear,51.23175860569799,1.0
2322.936248702161,Houston,Clear;Partly Cloudy;Mainly Sunny,46.922067958963346,1.0
2328.7616163140283,Houston,Sunny;Mostly Sunny,44.92935033063191,1.0
2349.655611189183,Houston,Clean,71.52389716440028,1.0
2369.549606064338,Houston,Mainly Cloudy;Mostly Cloudy;Intermittent Clouds,41.41027399107596,1.0
2403.3271793474037,Houston,Cloudy,54.03737786155653,1.0
2410.977914571137,Houston,Partly Cloudy,49.67769661804571,1.0
2415.977914571137,Houston,Not totally Cloudy,39.72549094684623,1.0
2418.2003412880713,Houston,Not totally Cloudy,38.56127502595678,1.0
2421.724238452471,Houston,Not totally Cloudy,32.72549094684622,1.0
2427.433184472249,Houston,Mostly Cloudy,30.667280150801748,1.0
2448.676444123671,Houston,Clear;Mostly Cloudy,53.48524514824255,1.0
2458.200341288071,Houston,Clear;Sunny,66.82135361728653,1.0
2475.248135616872,Houston,Cloudy;Overcast,52.292667446165495,1.0
2481.248135616872,Houston,Cloudy,55.42889753683753,1.0
2495.3645572089604,Houston,Fair,68.25367611866584,1.0
2501.5391895970943,Houston,Clean,77.43872497404323,1.0
2517.607816860382,Houston,Clear;Mostly Clear,52.953287862407535,1.0
2519.7138219852272,Houston,Clear;Mostly Clear,58.59658774185296,1.0
2521.412351537761,Houston,Clear;Sunny,62.738236143687075,1.0
2543.354140741716,Houston,Partly Cloudy;Partly Sunny;Scattered Clouds;Scattered;Not totally Cloudy,58.61848314916831,1.0
2555.888454373361,Houston,Clear;Clean;Mostly Clear,76.30572029765732,1.0
2558.703405517984,Houston,Clear;Fair,77.20099298324227,1.0
2563.227302682384,Houston,Clear;Fair;Mostly Cloudy,82.14716540605745,1.0
2564.2855134784286,Houston,Overcast;Cloudy;Clear,82.29311433257423,1.0
2582.3437242744726,Indianapolis,Cloudy,69.2507840968423,1.0
2584.867621438873,Indianapolis,Clear;Cloudy,74.21914656507394,1.0
2586.2168862151398,Indianapolis,Partly Cloudy;Cloudy,73.46646693585036,1.0
2615.460145866562,Indianapolis,Clean,83.60294089493267,1.0
2619.042253827007,Indianapolis,Clean,84.41789203955527,1.0
2629.5557345241627,Indianapolis,Cloudy,67.04897874801024,1.0
2637.7303669122957,Indianapolis,Cloudy;Overcast;Partly Cloudy,78.05329055899587,1.0
2651.730366912296,Indianapolis,Light Snow;Flurries;Cloudy;Light,80.6638970903462,1.0
2655.7781612410963,Indianapolis,Haze;Hazy;Cloudy;Partly Cloudy,77.97579965768264,1.0
2672.9049993004296,Indianapolis,Overcast,82.26409258590981,1.0
2680.7885777083407,Indianapolis,Mist/Fog,80.6237738294206,1.0
2698.973626563718,Indianapolis,Flurries;Cloudy;Fog And Mist;Light Snow;Light Snow Mist;Mist,89.55662316999408,1.0
2701.3811021360298,Indianapolis,Light Snow;Overcast;Flurries;Snow,90.10303951701924,1.0
2705.26468054394,Indianapolis,Cloudy;Overcast;Fog,84.11845898838875,1.0
2706.3228913399844,Indianapolis,Cloudy;Fog;Mist,89.70881687712551,1.0
2716.857204971629,Indianapolis,Cloudy;Partly;Partly Cloudy,68.96553694248877,1.0
2719.206469747896,Indianapolis,Cloudy,63.12269373983765,1.0
2731.915415767674,Indianapolis,Mist/Light Snow Fog,88.33271984919826,1.0
2737.011004425274,Indianapolis,Mist/Fog,84.68198462546509,1.0
2752.254264076696,Jacksonville,Overcast,64.25367611866584,1.0
2756.719950445052,Jacksonville,Light Snow;Snow;Light Snow Mist;Flurries,89.66769517052403,1.0
2761.069215221319,Jacksonville,Cloudy,82.38873601395031,1.0
2765.5349015896754,Jacksonville,Mostly Cloudy;Cloudy,76.77321867504988,1.0
2771.5349015896745,Jacksonville,Partly Cloudy;Not totally Cloudy;Partly Sunny,62.927716025168074,1.0
2791.4288964648294,Jacksonville,Mostly Cloudy,73.36501223990186,1.0
2794.0692152213187,Jacksonville,Mostly Cloudy;Mainly Cloudy,79.34745967900984,1.0
2811.1378424846066,Jacksonville,Mostly Cloudy,56.94178920395553,1.0
2825.6721561162517,Jacksonville,Mainly Cloudy,80.89399487515503,1.0
2829.613945320207,Jacksonville,Mainly Cloudy,70.6507352237332,1.0
2837.9527936292297,Jacksonville,Partly,39.16421592088945,1.0
2839.243847609452,Jacksonville,Mostly Cloudy,31.0,1.0
2845.2438476094526,Jacksonville,Clear;Fair,60.889752974962974,1.0
2850.243847609452,Jacksonville,Sunny;Clear,73.49049923860322,1.0
2870.254264076696,Jacksonville,Cloudy;Overcast,43.57755365398356,1.0
2877.2542640766965,Jacksonville,Not totally Cloudy;Mostly Clear;Scattered Clouds;Cloudy,63.602940894932665,1.0
2894.2334311422087,Jacksonville,Cloudy,80.69150777215006,1.0
2903.9111277602537,Jacksonville,Cloudy;Mainly Cloudy,44.036270731431216,1.0
2906.0275493523427,Las Vegas,Mostly Cloudy;Cloudy,40.811989192625596,1.0
2921.0753436811433,Las Vegas,Light Rain,88.02966889005877,1.0
2930.667868108833,Las Vegas,Overcast,87.75674034857815,1.0
2940.1439709444317,Las Vegas,Overcast,92.94178920395555,1.0
2955.794706168165,Las Vegas,Mostly Cloudy;Intermittent Clouds;Cloudy,32.07391476755653,1.0
2964.1709323387445,Las Vegas,Mainly Cloudy;Mostly Cloudy;Cloudy,48.79124140753724,1.0
2969.229143134789,Las Vegas,Mostly Cloudy;Mostly,66.37674518407897,1.0
2992.9485056218105,Las Vegas,Overcast,48.57169149320074,1.0
3001.482819253455,Las Vegas,Mostly Cloudy,65.69852955253367,1.0
3015.726078904877,Las Vegas,Mostly,32.9105398022236,1.0
3017.890294825766,Las Vegas,Mostly Cloudy,30.989583532756026,1.0
3042.7260789048773,Las Vegas,Light Rain;Showers,81.17682701942586,1.0
3049.705245970389,Las Vegas,Light Rain;Rain,92.30196403457295,1.0
3058.297770398078,Las Vegas,Overcast,56.53431363164423,1.0
3063.705245970388,Las Vegas,Overcast,72.76715681582212,1.0
3069.4037755229224,Las Vegas,Light Rain,86.40747557231131,1.0
3079.32473179239,Las Vegas,Light,83.69852955253367,1.0
3086.9754670161233,Las Vegas,Light Rain,92.12040152784843,1.0
3094.0336778121678,Las Vegas,Rain,88.44564738074811,1.0
3109.276937463589,Las Vegas,Clear,81.2266082753352,1.0
3128.2291431347885,Las Vegas,Cloudy;Overcast,87.50665059523529,1.0
3133.9380891545666,Las Vegas,Cloudy,76.6449516086422,1.0
3144.1500994042567,Las Vegas,Mist/Fog,83.5447300988882,1.0
3145.2083102003007,Las Vegas,Mist/Fog,86.19546532262136,1.0
3147.4411533844795,Las Vegas,Mist/Fog,85.72977895426558,1.0
3148.6157857726125,Las Vegas,Mist/Fog,90.25367611866584,1.0
3150.8486289567904,Los Angeles,Mist/Fog,86.25367611866584,1.0
3155.790418160746,Los Angeles,Mist/Fog,87.42830850679925,1.0
3175.8590454240343,Los Angeles,Cloudy;Overcast,77.189552720002,1.0
3180.8008346279903,Los Angeles,Cloudy,73.42622538177413,1.0
3186.5097806477684,Los Angeles,Cloudy,75.68936275422564,1.0
3191.975467016123,Los Angeles,Cloudy,72.8304498541692,1.0
3198.6844130359004,Los Angeles,Cloudy,73.18427048615611,1.0
3200.6844130359,Los Angeles,Cloudy,76.86881018763783,1.0
3203.859045424035,Los Angeles,Cloudy,77.49254650750282,1.0
3208.626202239857,Los Angeles,Cloudy,80.69147093279103,1.0
3226.5784079110554,Los Angeles,Cloudy,79.99250699989172,1.0
3234.5201971150113,Los Angeles,Light Rain;Rain,83.6591164918012,1.0
3241.985883483368,Los Angeles,Light Rain;Cloudy,86.53630581367592,1.0
3246.1500994042567,Los Angeles,Light Rain;Rain,90.03985823051208,1.0
3257.742623831945,Los Angeles,Light Rain,83.66115169097715,1.0
3271.5097806477675,Los Angeles,Light Rain,95.66115169097715,1.0
3282.044094279411,Los Angeles,Cloudy,78.72083383596066,1.0
3283.27693746359,Los Angeles,Cloudy,79.18652020431644,1.0
3301.4619863189673,Los Angeles,Cloudy,70.3089337069865,1.0
3308.3933590556794,Los Angeles,Sunny;Not totally Cloudy,58.74376928873098,1.0
3316.9858834833685,Los Angeles,Overcast,79.65073522373318,1.0
3319.451569851722,Los Angeles,Overcast,85.1850488553774,1.0
3337.1023050754566,Los Angeles,Mainly Cloudy,68.58210796044472,1.0
3344.985883483367,Los Angeles,Sunny;Partly Cloudy;Clear,67.82858550049862,1.0
3346.1605158715006,Memphis,Clear;Sunny,71.17295858993366,1.0
3362.044094279411,Memphis,Sunny;Cloudy;Mostly,85.71497322443675,1.0
3367.7426238319454,Memphis,Clear;Sunny;Overcast,69.02946784484045,1.0
3368.9172562200793,Memphis,Light Rain;Cloudy;Clean,70.65935378873448,1.0
3389.0814721409674,Memphis,Clean,88.47610283559976,1.0
3397.2561045291013,Memphis,Fair,80.00000000000001,1.0
3398.954634081634,Memphis,Fair,77.46568636835579,1.0
3400.0710556737245,Memphis,Fair,77.11642159208897,1.0
3420.4307369172348,Memphis,Cloudy,82.19237466040107,1.0
3430.139682937013,Memphis,Partly Cloudy;Fair,75.8502413987063,1.0
3433.3621096539464,Memphis,Partly Cloudy;Clear;Scattered Clouds;Clean,77.3027451050425,1.0
3434.478531246036,Memphis,Partly Cloudy;Not totally Cloudy;Clear,78.57854132004557,1.0
3437.351693186703,Memphis,Partly;Scattered Clouds;Cloudy;Not totally Cloudy,80.47274738873453,1.0
3455.3621096539464,Memphis,Cloudy;Overcast;Fog And Mist,91.24484846670047,1.0
3458.6531636341683,Memphis,Cloudy;Overcast,85.80096413334455,1.0
3470.954634081635,Memphis,Mostly Cloudy,82.47610283559976,1.0
3493.790418160746,Memphis,Cloudy,72.64158057841686,1.0
3508.2083102003003,Memphis,Cloudy,71.38342721339653,1.0
3512.129266469769,Memphis,Cloudy,70.64356503282323,1.0
3514.594952838124,Memphis,Cloudy,69.11793924372081,1.0
3519.7113744302137,Memphis,Cloudy;Mostly Cloudy,61.77407600293882,1.0
3522.4099039827465,Memphis,Cloudy;Mostly,61.348239977624715,1.0
3529.3516931867025,Memphis,Cloudy,72.87438743530222,1.0
3532.224855127369,Memphis,Cloudy,73.57616235255645,1.0
3534.3994875155036,Memphis,Cloudy,72.51225887065472,1.0
3539.5159091075916,Memphis,Cloudy,75.38797341785349,1.0
3548.0502227392362,Memphis,Cloudy,74.95012254617437,1.0
3554.7009579629694,Milwaukee,Cloudy;Mostly Cloudy,69.58029430918332,1.0
3558.3204437849704,Milwaukee,Cloudy;Light;Light Rain,80.44711063030127,1.0
3569.045934731818,Milwaukee,Rain;Cloudy,91.07375643276129,1.0
3575.8130915476395,Milwaukee,Rain;Showers;Cloudy,91.92164997236198,1.0
3590.141523389419,Milwaukee,Mist/Rain Fog,86.40747557231131,1.0
3602.257944981506,Milwaukee,Overcast,90.71936248702163,1.0
3616.548998961729,Milwaukee,Cloudy,89.17472013307581,1.0
3622.3161557775506,Milwaukee,Cloudy,91.36126541101274,1.0
3624.3161557775516,Milwaukee,Cloudy,86.42597564737146,1.0
3630.257944981507,Milwaukee,Cloudy;Overcast,90.22988390806599,1.0
3660.4429938368835,Milwaukee,Mist/Fog,89.88357840791107,1.0
3667.617626225017,Milwaukee,Light Rain,79.94178920395554,1.0
3669.734047817106,Milwaukee,Overcast,76.47610283559976,1.0
3672.2579449815057,Milwaukee,Overcast,77.82536761186658,1.0
3680.9668910012842,Milwaukee,Cloudy;Mostly Cloudy,80.96833309441381,1.0
3690.0251017973296,Milwaukee,Cloudy;Mostly Cloudy;Overcast,79.40185057629435,1.0
3691.0833125933723,Milwaukee,Overcast;Cloudy,80.84500116728638,1.0
3693.2475285142623,Milwaukee,Light Rain;Mostly Cloudy;Cloudy,79.54865183178572,1.0
3694.422160902396,Milwaukee,Light Rain;Showers,81.43605208963096,1.0
3716.199734185463,Milwaukee,Mostly Cloudy,80.29105398022237,1.0
3736.1997341854626,Milwaukee,Overcast,76.94178920395554,1.0
3752.5594154289734,Milwaukee,Mostly Cloudy;Cloudy,61.256065615591176,1.0
3757.025101797329,Milwaukee,Partly Cloudy;Sunny;Cloudy,57.32122533414374,1.0
3768.374366573595,Milwaukee,Mostly Cloudy;Mainly Cloudy;Overcast;Intermittent Clouds,72.41261281315353,1.0
3771.316155777551,Milwaukee,Cloudy;Overcast,70.80095929306839,1.0
3782.6758370210623,Nashville,Mostly Cloudy,56.236981043574374,1.0
3796.860885876439,Nashville,A Few Clouds,69.16421592088945,1.0
3816.8130915476395,Nashville,Mostly Cloudy,42.74632388133417,1.0
3844.416032442572,Nashville,Partly Cloudy;Not totally Cloudy;Sunny;Cloudy;Scattered,57.2048037420548,1.0
3847.2996108504835,Nashville,Partly Cloudy;Not totally Cloudy;Scattered Clouds;Mostly Sunny,57.2048037420548,1.0
3855.696669955549,Nashville,Partly Cloudy;Mostly Clear,73.70686289475249,1.0
3874.1145619951053,Nashville,Clear;Sunny,67.87734321426105,1.0
3877.754880751594,Nashville,Sunny;Clear,58.631930764573866,1.0
3895.7070864227935,Nashville,Cloudy;Overcast,80.428836216259,1.0
3905.3578216465276,Nashville,Fair,77.24325965142187,1.0
3921.2891943832387,Nashville,Mist/Fog,82.66115169097714,1.0
3925.58024836346,Nashville,Partly;Partly Sunny;Mostly Clear,74.00840522233331,1.0
3928.5802483634607,Nashville,Mostly Cloudy;Mainly Cloudy,46.76208654275551,1.0
3930.6384591595056,Nashville,Mostly Cloudy;Cloudy,56.50734063993872,1.0
3945.987723935772,Nashville,Cloudy,76.55537482338438,1.0
3958.511621100173,Nashville,Cloudy,60.724836490727974,1.0
3967.220567119951,Nashville,Overcast,56.87316194066709,1.0
3984.2309835871943,Nashville,Overcast,55.16421592088944,1.0
3988.4638267713717,Nashville,Overcast,58.476102835599754,1.0
3991.7444642843507,Nashville,Overcast,63.746323881334156,1.0
4003.278777915995,Nashville,Cloudy,79.92420681207287,1.0
4006.6280426922617,Nashville,Light Snow;Flurries;Cloudy;Light,84.01862507981167,1.0
4016.1623563239064,Nashville,Haze;Cloudy;Snow,75.04973187430375,1.0
4030.4638267713717,Nashville,Overcast,78.56556303337615,1.0
4042.998140403017,Nashville,Overcast with Haze,78.14767099382087,1.0
4044.17277279115,Nashville,Overcast with Haze,78.43872497404323,1.0
4048.045934731817,Nashville,Overcast with Haze,75.32230338195428,1.0
4071.881718810927,Nashville,Cloudy;Overcast,53.32284946152758,1.0
4075.8235080148825,Nashville,Cloudy,74.12193331164639,1.0
4079.998140403016,Nashville,Cloudy;Mainly Cloudy;Mostly Cloudy;Mostly,75.41727403669059,1.0
4088.3951995080847,New York,Mostly Cloudy;Mainly Cloudy;Clear,77.6279439591148,1.0
4094.395199508084,New York,Cloudy;Overcast;Sunny,84.80607800398018,1.0
4100.919096672484,New York,Cloudy;Overcast,71.56521003457642,1.0
4107.86088587644,New York,Mostly Cloudy,71.81495114462263,1.0
4115.559415428973,New York,Mostly Cloudy,74.84620054635455,1.0
4123.26836144875,New York,Mainly Cloudy,79.01041646724397,1.0
4127.151939856662,New York,Overcast,80.67156815822113,1.0
4139.628042692261,New York,Overcast,80.32230338195428,1.0
4154.104145527861,New York,Cloudy;Overcast,88.15500734468127,1.0
4175.162356323906,New York,Cloudy;Overcast,87.63718596631848,1.0
4187.686253488306,New York,Cloudy,72.5163798587486,1.0
4202.908680205239,New York,Mostly Cloudy;Mainly Cloudy,68.20158934144875,1.0
4214.675837021062,New York,Cloudy;Not totally Cloudy;Mostly,93.91387174615458,1.0
4219.675837021062,New York,Cloudy,80.45061768359871,1.0
4230.093729060617,New York,Mostly Cloudy,77.43872497404323,1.0
4233.093729060617,New York,Not totally Cloudy,82.6819846254651,1.0
4237.210150652707,New York,Overcast,85.39093064524273,1.0
4240.374366573596,Oklahoma City,Overcast,84.1372545265769,1.0
4255.966891001284,Oklahoma City,Cloudy;Light Rain,88.40369263121828,1.0
4269.141523389419,Oklahoma City,Cloudy;Overcast,92.67760970107588,1.0
4274.199734185462,Oklahoma City,Rain;Overcast,92.36043528209748,1.0
4286.316155777551,Oklahoma City,Overcast,86.01041646724399,1.0
4296.083312593373,Oklahoma City,Mist/Light Rain Fog,96.01041646724399,1.0
4326.2683614487505,Oklahoma City,Cloudy,73.53098419960264,1.0
4337.628042692262,Oklahoma City,Partly Cloudy;Sunny;Cloudy,65.40634887542849,1.0
4339.569831896217,Oklahoma City,Mostly Cloudy;Partly Sunny;Mainly Cloudy,68.08889940190282,1.0
4355.919096672484,Oklahoma City,Overcast,73.30147044746634,1.0
4358.559415428974,Oklahoma City,Overcast,77.11642159208897,1.0
4374.686253488305,Oklahoma City,Cloudy,67.69852955253367,1.0
4377.744464284351,Oklahoma City,Mostly Clear,63.401039040826824,1.0
4379.686253488306,Oklahoma City,Clear;Mostly;Cloudy,69.87164209937124,1.0
4382.617626225017,Oklahoma City,Clear;Mainly Cloudy;Cloudy;Fair,68.75387179216084,1.0
4384.617626225017,Oklahoma City,Mostly Cloudy;Clear;Intermittent Clouds;Fair,71.23072313494839,1.0
4395.977307468528,Philadelphia,Mostly Cloudy;Intermittent Clouds;Mostly Sunny;Sunny,35.51159272376927,1.0
4398.665420553817,Philadelphia,Mostly Cloudy;Intermittent Clouds;Fair,35.27237982090132,1.0
4438.395199508084,Philadelphia,Mainly Cloudy,36.02696139431255,1.0
4449.278777915995,Philadelphia,A Few Clouds,72.70894601977764,1.0
4463.871302343683,Philadelphia,Mostly Cloudy;Clear;Intermittent Clouds;Fair,52.342222238390335,1.0
4466.569831896217,Philadelphia,Clear;Mostly;Partly Cloudy;Clean;Mostly Cloudy,62.881472298710044,1.0
4471.453410304129,Philadelphia,Mostly Cloudy;Clear;Clean,68.51294437104734,1.0
4480.035518264573,Philadelphia,Clear;Partly Cloudy;Mostly Sunny;Sunny,75.8960212033766,1.0
4522.881718810927,Philadelphia,Clear;Not totally Cloudy;Sunny;Partly,32.70228098299816,1.0
4526.813091547639,Philadelphia,Sunny;Clear,39.87683625604942,1.0
4528.8130915476395,Philadelphia,Clear,55.02217294568124,1.0
4531.871302343684,Philadelphia,Clear,55.49576157911868,1.0
4539.463826771372,Philadelphia,Clear;Partly Cloudy,61.679174162179066,1.0
4541.0459347318165,Philadelphia,Clear;Mostly Clear;Not totally Cloudy,60.84492540105345,1.0
4559.998140403016,Philadelphia,A Few Clouds,62.11642159208893,1.0
4562.638459159506,Philadelphia,A Few Clouds,63.746323881334156,1.0
4566.580248363461,Philadelphia,Clear;Scattered Clouds;Not totally Sunny;Clean;Sunny,60.94192436098304,1.0
4575.0459347318165,Philadelphia,Mainly Cloudy;Clear;Mostly Cloudy;Cloudy,42.08024132421237,1.0
4588.463826771372,Philadelphia,Cloudy;Not totally Cloudy,66.81984651962783,1.0
4591.522037567416,Philadelphia,Mostly Cloudy;Partly Cloudy,54.97941627705172,1.0
4592.69666995555,Phoenix,Mainly Cloudy;Clear;Sunny,50.167515380877845,1.0
4595.871302343684,Phoenix,Sunny;Mainly Cloudy;Clear;Fair,37.559062537497994,1.0
4598.977307468528,Phoenix,Clear;Mainly Cloudy;Intermittent Clouds;Partly Cloudy,36.63217836427327,1.0
4612.278777915994,Phoenix,Mostly Cloudy,57.45526990111181,1.0
4621.802675080395,Phoenix,Mostly,59.82536761186658,1.0
4623.617626225018,Phoenix,Cloudy,61.28063751297838,1.0
4635.151939856662,Phoenix,Clear;Mainly Cloudy;Clean;Mostly Cloudy,37.66291890804883,1.0
4653.453410304128,Phoenix,Clear;Mostly Clear;Fair,68.1372545265769,1.0
4659.162356323906,Phoenix,Sunny;Clear;Fair;Scattered Clouds;Scattered;Partly Sunny,42.55195677239328,1.0
4662.33698871204,Phoenix,Sunny;Partly Sunny;Fair;Clear,32.86709887988245,1.0
4665.453410304128,Phoenix,Mostly Cloudy,38.270221045734424,1.0
4670.442993836885,Phoenix,Mostly Cloudy,47.70894601977764,1.0
4672.734047817107,Phoenix,Mostly,52.75674034857814,1.0
4696.210150652706,Phoenix,Clear,74.40348477200405,1.0
4706.035518264572,Phoenix,Sunny;Clear,58.74980816944068,1.0
4707.093729060617,Phoenix,Sunny;Clear,57.19785135465781,1.0
4711.675837021063,Phoenix,Sunny;Clear,41.91498068737382,1.0
4728.268361448751,Phoenix,Clear,77.83225148073011,1.0
4745.802675080396,Phoenix,Haze;Sunny;Mainly Sunny,48.4781174768748,1.0
4748.617626225018,Phoenix,Fair,52.66115169097714,1.0
4750.792258613151,Phoenix,Fair,55.47610283559975,1.0
4753.90868020524,Phoenix,Fair,56.58210796044472,1.0
4756.305739310307,Phoenix,Fair,55.47610283559975,1.0
4764.363950106353,Phoenix,Fair,76.30147044746634,1.0
4767.12069045493,Phoenix,Haze,79.91482780964299,1.0
4769.062479658885,Phoenix,Haze,76.14767099382085,1.0
4782.819220007464,Phoenix,Haze,44.32843184177889,1.0
4787.819220007464,Phoenix,Sunny;Clear,61.789417995760076,1.0
4798.702798415375,Phoenix,Cloudy;Haze;Mainly Cloudy;Unclear,81.54627881469183,1.0
4799.935641599553,Phoenix,Hazy;Haze;Partly Cloudy;Fair,82.22649979494564,1.0
4832.247528514264,Phoenix,Clear;Sunny,85.42388692618874,1.0
4836.480371698442,Portland,Haze;Hazy Sunshine;Sunny;Clear,86.83036784867134,1.0
4838.829636474708,Portland,Sunny;Haze;Hazy,76.48245945169178,1.0
4840.1789012509735,Portland,Sunny;Hazy;Haze,66.08661560928341,1.0
4842.0520631916415,Portland,Sunny;Clear,55.18890212132672,1.0
4845.099857520442,Portland,Clear;Haze;Mostly Sunny,49.13249879056301,1.0
4855.80880354022,Portland,Clear,77.25416441882032,1.0
4871.343117171864,Portland,Fair,49.21201024968993,1.0
4880.819220007463,Portland,Overcast,81.40747557231131,1.0
4892.237112047019,Portland,Sunny;Clear,69.48057274646465,1.0
4896.062479658886,Portland,Clear;Sunny,68.45526990111179,1.0
4912.189317718218,Portland,Haze;Hazy,88.0,1.0
4921.898263737995,Portland,Haze;Cloudy,61.68811308528969,1.0
4934.422160902397,Portland,Haze,80.82536761186658,1.0
4936.59679329053,Portland,Fog,85.30147044746634,1.0
4943.538582494485,Portland,Haze,83.59252442768869,1.0
4944.771425678663,Portland,Haze,79.65073522373318,1.0
4948.946058066797,Portland,Haze,76.8253676118666,1.0
4958.480371698442,Portland,Clear;Sunny,58.222426716933924,1.0
4972.781842145907,Portland,Clear,81.76715681582212,1.0
4974.014685330085,Portland,Clear,81.94178920395554,1.0
4990.189317718218,San Antonio,Clean,61.22242671693392,1.0
5012.316155777551,San Antonio,Clean,48.270221045734424,1.0
5015.548998961729,San Antonio,Fair,43.7359074140902,1.0
5018.548998961729,San Antonio,Cloudy,65.6881130852897,1.0
5029.6072097577735,San Antonio,Light Freezing Rain;Sleet;Freezing Rain,85.94178920395554,1.0
5040.781842145907,San Antonio,Mainly Cloudy;Mostly Cloudy;Not totally Cloudy;Partly;Cloudy,76.2806375129784,1.0
5050.840052941951,San Antonio,Mostly Cloudy;Mostly;Mainly Cloudy,80.88357840791106,1.0
5066.90868020524,San Antonio,Cloudy,54.513480697156275,1.0
5082.141523389418,San Antonio,Mainly Cloudy,77.53431363164422,1.0
5103.210150652706,San Antonio,Freezing Rain;Light Freezing,83.42830850679925,1.0
5105.617626225017,San Antonio,Freezing Rain;Light Freezing Rain;Freezing,85.65073522373318,1.0
5106.675837021063,San Antonio,Freezing Drizzle;Freezing Rain;Light Freezing Drizzle;Light Freezing Drizzle Mist,86.00000000000001,1.0
5110.548998961728,San Antonio,Freezing Drizzle;Light Freezing;Light Freezing Drizzle Mist;Rain;Cloudy,86.83578407911055,1.0
5111.956474534039,San Antonio,Freezing Drizzle;Light Freezing Drizzle;Freezing Rain,91.48651930284375,1.0
5112.95647453404,San Antonio,Light Freezing Drizzle;Freezing Drizzle;Rain,85.1850488553774,1.0
5127.072896126129,San Antonio,Cloudy,85.94178920395554,1.0
5145.257944981507,San Antonio,Clear;Sunny,80.12683805933293,1.0
5159.442993836884,San Antonio,Partly Cloudy;Partly Sunny,67.2328431841779,1.0
5165.257944981505,San Antonio,Cloudy,56.979167065512065,1.0
5166.665420553817,San Antonio,Cloudy,56.45526990111181,1.0
5172.3743665735965,San Antonio,Cloudy,65.69852955253367,1.0
5177.141523389419,San Antonio,Cloudy,65.69852955253367,1.0
5186.840052941951,San Diego,Overcast,56.57169149320075,1.0
5194.014685330085,San Diego,Overcast,63.698529552533664,1.0
5206.374366573596,San Diego,Rain,73.34926477626684,1.0
5209.2579449815075,San Diego,Cloudy;Overcast,70.64031875648921,1.0
5213.141523389418,San Diego,Cloudy,58.39705910506734,1.0
5216.131106922175,San Diego,Cloudy,74.16421592088945,1.0
5242.675837021061,San Diego,Overcast,61.513480697156275,1.0
5249.083312593374,San Diego,Overcast,73.58210796044472,1.0
5253.305739310307,San Diego,Overcast,75.82536761186658,1.0
5275.840052941951,San Diego,Cloudy,70.29105398022237,1.0
5278.781842145907,San Diego,Cloudy;Mostly Cloudy,70.11642159208894,1.0
5282.665420553819,San Diego,Clear,74.70894601977766,1.0
5285.781842145908,San Diego,Clear,77.06862726328845,1.0
5290.607209757774,San Diego,Clear;Sunny;Fair,91.13725452657691,1.0
5297.6072097577735,San Diego,Mainly Cloudy;Cloudy,70.17463238813342,1.0
5306.199734185462,San Diego,Overcast,70.29105398022237,1.0
5310.083312593373,San Diego,Fair,75.94178920395552,1.0
5315.083312593374,San Diego,Clean,81.5925244276887,1.0
5316.548998961729,San Diego,Fair,77.82536761186658,1.0
5329.199734185464,San Diego,Not totally Cloudy,60.58210796044472,1.0
5335.850469409194,San Diego,Overcast,51.92095626946759,1.0
5337.199734185462,San Diego,Partly Cloudy;Mostly Clear;Partly;Clear,49.61948582200124,1.0
5343.257944981507,San Diego,Partly Cloudy;Not totally Cloudy,61.862745473423104,1.0
5352.43257736964,San Diego,Partly Cloudy;Not totally Cloudy;Partly;Partly Sunny,53.037377861556536,1.0
5357.840052941951,San Diego,Mostly Cloudy;Cloudy,47.73590741409021,1.0
5368.072896126128,San Diego,Partly Cloudy;Not totally Cloudy;Clear,62.62990228924522,1.0
5376.898263737995,San Francisco,Cloudy,68.51348069715627,1.0
5377.956474534041,San Francisco,Cloudy,68.16421592088945,1.0
5383.014685330085,San Francisco,Cloudy,55.32843184177888,1.0
5390.469955231196,San Francisco,Cloudy;Mostly Cloudy,57.037377861556536,1.0
5403.120690454931,San Francisco,Clean,62.10600512484498,1.0
5405.12069045493,San Francisco,Fair,67.58210796044472,1.0
5406.1789012509735,San Francisco,A Clouds,64.81495114462261,1.0
5409.528166027241,San Francisco,Cloudy,65.04779432880049,1.0
5412.877430803508,San Francisco,Overcast,67.75674034857813,1.0
5415.761009211419,San Francisco,Overcast with Haze,63.16421592088943,1.0
5416.761009211419,San Francisco,Overcast,56.39705910506734,1.0
5417.761009211419,San Francisco,Overcast,53.74632388133416,1.0
5422.867014336265,San Francisco,Overcast,54.57169149320075,1.0
5427.798387072975,San Francisco,Partly Cloudy;Cloudy;Mostly Clear,64.75674034857815,1.0
5429.729759809687,San Francisco,Partly Cloudy;Mostly Cloudy;Scattered Clouds,61.82536761186658,1.0
5436.555127421554,San Francisco,Cloudy;Overcast,56.88357840791106,1.0
5450.380495033421,San Francisco,Light;Light Snow;Snow,85.06862726328846,1.0
5474.099857520443,San Francisco,Mostly Cloudy;Mainly Cloudy,72.70894601977764,1.0
5482.33270070462,San Francisco,Partly Sunny;Cloudy;Partly Cloudy;Sunny,46.52389716440025,1.0
5514.284906375819,San Francisco,A Few Clouds,70.82536761186661,1.0
5518.332700704619,San Francisco,Mist/Fog,81.49693577008769,1.0
5521.904392197821,San Francisco,with Haze,79.48651930284372,1.0
5523.020813789909,San Francisco,Mist/Fog,82.3118869147103,1.0
5534.7297598096875,San Francisco,Partly Cloudy;Partly,57.93137273671156,1.0
5539.602921750355,San Francisco,Cloudy,68.0,1.0
5546.370078566177,San Francisco,Snow;Light Snow;Flurries,84.37009771075479,1.0
5559.719343342443,San Francisco,Snow;Light Snow,85.65073522373318,1.0
5583.846181401776,San Francisco,Light Snow,91.18504885537739,1.0
5586.602921750354,San Francisco,Light Snow,91.53431363164422,1.0
5602.846181401776,San Francisco,Light Snow;Snow,80.53431363164422,1.0
5611.49691662551,San Francisco,Cloudy;Haze,83.61335736217666,1.0
5622.914808665066,San Jose,Cloudy;Haze,72.83578407911057,1.0
5625.671549013643,San Jose,Mostly Cloudy,64.6403187564892,1.0
5629.195446178044,San Jose,Partly Cloudy;Partly Sunny;Scattered Clouds;Scattered,56.17463238813342,1.0
5630.661132546398,San Jose,Partly Cloudy;Scattered Clouds;Partly Sunny;Not totally Cloudy,62.592524427688694,1.0
5654.311867770132,San Jose,Overcast with Haze,73.77757328306609,1.0
5667.7297598096875,San Jose,Cloudy;Overcast,58.05821079604447,1.0
5670.671549013642,San Jose,Light Snow;Snow;Flurries,55.407475572311306,1.0
5688.322284237376,San Jose,Partly Cloudy;Not totally Cloudy;Mostly Clear,87.53431363164422,1.0
5693.205862645286,San Jose,Fog;Freezing Fog,99.30147044746634,1.0
5694.729759809687,San Jose,Fog;Foggy,98.71936248702163,1.0
5709.7297598096875,San Jose,Mostly Cloudy,54.688113085289686,1.0
5711.42828936222,San Jose,Mostly Cloudy;Mostly,56.51348069715629,1.0
5755.750592744174,San Jose,Cloudy;Sleet;Light Sleet;Fog And Mist;Light Snow;Light Snow Mist,91.3596812435108,1.0
5758.750592744175,San Jose,Light Snow;Flurries;Snow,91.18504885537739,1.0
5769.6237546848415,San Jose,Cloudy;Overcast,75.66115169097715,1.0
5774.565543888798,San Jose,Cloudy;Overcast,74.11642159208895,1.0
5788.925225132309,San Jose,Clear,83.53431363164422,1.0
5805.343117171865,Seattle,Clear;Sunny,44.03737786155652,1.0
5807.575960356042,Seattle,Not totally Cloudy;Scattered Clouds;Mostly Sunny;Partly Cloudy,50.92095626946758,1.0
5816.4013279679075,Seattle,Mostly Cloudy;Cloudy,74.8253676118666,1.0
5828.110273987686,Seattle,Cloudy,71,1.0
5833.226695579775,Seattle,Fair,67.58210796044472,1.0
5845.935641599553,Seattle,Overcast,76.2328431841779,1.0
5852.761009211418,Seattle,Cloudy;Overcast,73.58210796044472,1.0
5856.343117171865,Seattle,Cloudy,70.75674034857815,1.0
5860.983435928354,Seattle,Cloudy,78.69852955253367,1.0
5871.623754684843,Seattle,Drizzle;Overcast;Showers;Mist,92.76715681582213,1.0
5873.264073441333,Seattle,Fog;Overcast;Mist,91.83578407911058,1.0
5876.90439219782,Seattle,Drizzle;Light Drizzle;Showers,98.25367611866584,1.0
5878.54471095431,Seattle,Drizzle;Light Drizzle;Showers,100.00000000000001,1.0
5881.6611325464,Seattle,Fog,98.95220567119952,1.0
5887.95218652662,Seattle,Mostly Cloudy;Mostly,58.33884830902287,1.0
5891.893975730578,Seattle,Overcast,76.58210796044473,1.0
5901.54471095431,Seattle,Mist/Light Rain Fog,95.59252442768869,1.0
5913.90439219782,Seattle,Mist/Fog,88.82536761186658,1.0
5921.428289362221,Seattle,Cloudy,58.86274547342312,1.0
5925.010397322666,Seattle,Cloudy,63.862745473423104,1.0
5930.010397322666,Seattle,Cloudy,71.39705910506734,1.0
5933.534294487065,Seattle,Cloudy,72.8731619406671,1.0
5942.592505283111,Seattle,Cloudy,66.8627454734231,1.0
5967.941770059378,Washington,Overcast,70.2328431841779,1.0
5973.349245631688,Washington,Overcast,64.94178920395552,1.0
5980.058191651466,Washington,A Few Clouds,52.047794328800514,1.0
6021.486500158267,Washington,Clear;Sunny,51.397059105067335,1.0
6058.332700704619,Washington,Fair,42.153799453645476,1.0
6088.517749559997,Washington,Cloudy;Partly Cloudy;Scattered Clouds,40.62990228924522,1.0
6092.459538763954,Washington,Mostly Cloudy;Mainly Cloudy,40.33884830902286,1.0
6096.343117171864,Washington,Cloudy,44.57169149320075,1.0
6097.4013279679075,Washington,Cloudy,50.22242671693392,1.0
6114.469955231197,Washington,Clear;Sunny,50.22242671693392,1.0
6119.877430803508,Washington,Sunny;Clear,37.70894601977764,1.0
6122.761009211419,Washington,Clear;Sunny,30.11642159208894,1.0
6137.449122296709,Washington,Clear,59.370097710754784,1.0
6139.9730194611075,Washington,Clear,61.698529552533664,1.0
6152.147651849242,Washington,Overcast,54.94178920395553,1.0
6161.681965480888,Washington,Fair,61.29105398022236,1.0
6175.1580683164875,Washington,Clear,39.74632388133417,1.0
6189.750592744176,Washington,Clear,51.45526990111181,1.0
6200.8461814017755,Washington,Mainly Cloudy;Cloudy,42.185048855377396,1.0
6209.49691662551,Washington,Mainly Cloudy,37.82536761186659,1.0
6215.264073441331,Washington,Fair,45.52389716440026,1.0
6221.089441053198,Washington,Fair,47.52389716440024,1.0
6228.147651849243,Washington,Mostly Cloudy,45.989583532756036,1.0
6233.856597869019,Washington,Mostly Cloudy,41.280637512978394,1.0
6239.7297598096875,Washington,Mostly Cloudy,54.46568636835578,1.0
6246.438705829466,Washington,Light Snow;Flurries;Snow,91.19546532262137,1.0
6252.322284237376,Washington,Cloudy;Light Snow;Overcast,91.07904373053243,1.0
6265.97301946111,Washington,Mostly Cloudy;Mainly Cloudy,63.602940894932665,1.0
6270.555127421553,Washington,Cloudy;Overcast,59.407475572311306,1.0
6271.671549013643,Washington,Overcast,55.70894601977764,1.0
6279.264073441331,Washington,Mist/Light Snow Fog,89.32230338195428,1.0
6293.5655438888,Washington,Mainly Cloudy,76.43872497404321,1.0
6294.623754684843,Washington,Mostly Cloudy,67.904411342399,1.0
6311.44912229671,Washington,Snow;Light Snow;Flurries,82.37009771075478,1.0
6313.85659786902,Washington,Snow;Light Snow;Light,77.89399487515503,1.0
6319.565543888797,Washington,Snow;Overcast,89.19546532262137,1.0
6326.856597869021,Washington,Fog;Foggy;Light Freezing;Light Freezing Rain,96.27450905315379,1.0
6404.247528514262,Washington,Cloudy,75.65073522373318,1.0
6405.538582494485,Washington,Cloudy,77.904411342399,1.0
6412.305739310307,Washington,Cloudy;Overcast,64.904411342399,1.0
6416.247528514263,Washington,Cloudy;Overcast,72.72977895426558,1.0
6419.305739310306,Washington,Cloudy;Overcast,91.32230338195426,1.0
6455.210150652707,Washington,Cloudy;Light Rain,83.07904373053242,1.0
6457.548998961729,Washington,Cloudy;Light Rain,84.3596812435108,1.0
6459.072896126128,Washington,Rain;Light Rain,86.25367611866584,1.0
6489.268361448751,Washington,Freezing Rain;Overcast,65.53431363164422,1.0
6559.193605725638,Washington,Fog;Overcast,89.79840621755405,1.0
6561.124978462348,Washington,Fog;Overcast;Dense Fog,91.12683805933291,1.0
6614.9129682126595,Washington,Clear,39.291053980222365,1.0
6618.796546620572,Washington,Cloudy;Sunny;Mostly Cloudy,43.6403187564892,1.0
6640.5741199036365,Washington,Clear;Sunny,54.11642159208895,1.0
6663.3516931867025,Washington,Clean,53.17463238813341,1.0
6669.06063920648,Washington,Fair,62.592524427688694,1.0
6678.002428410434,Washington,A Few Clouds,53.45526990111181,1.0
6679.060639206482,Washington,A Clouds,50.03737786155652,1.0
6680.118850002525,Washington,A Few Clouds,49.80453467737864,1.0
6681.817379555058,Washington,Few Clouds,43.88357840791105,1.0
6704.711374430212,Washington,Cloudy;Clear,43.931372736711566,1.0
6711.944217614392,Washington,Cloudy;Overcast,43.386642637823364,1.0
6720.478531246036,Washington,Light Snow;Snow,79.1746323881334,1.0
6729.992011943192,Washington,Cloudy;Overcast,50.97916706551205,1.0
6738.700957962969,Washington,Clear;Not totally Cloudy;Mostly Clear,54.97916706551205,1.0
6753.8860068183485,Washington,Sunny;Clear,39.15379945364548,1.0
6778.430736917234,Washington,Mostly,62.05821079604446,1.0
6781.314315325147,Washington,Cloudy,58.5925244276887,1.0
6783.314315325148,Washington,Overcast,62.9522056711995,1.0
6788.663580101413,Washington,Partly Cloudy,47.80453467737864,1.0
6797.129266469768,Washington,Cloudy,63.01041646724398,1.0
6801.478531246035,Washington,Mostly Cloudy;Mainly Cloudy;Clear;Sunny,43.328431841778894,1.0
6816.303898857903,Washington,Clear;Mostly Clear;Partly,68.17463238813342,1.0
6819.362109653948,Washington,Mainly Cloudy;Partly Cloudy,73.59252442768872,1.0
6830.711374430212,Washington,Cloudy;Overcast,46.56127502595678,1.0
6833.17706079857,Washington,Cloudy,48.698529552533664,1.0
6841.409903982746,Washington,Partly Cloudy,69.69852955253367,1.0
6843.409903982747,Washington,Partly Cloudy,69.98958353275601,1.0
6846.642747166926,Washington,Partly Cloudy,72.69852955253369,1.0
6856.1188500025255,Washington,Overcast,50.80453467737864,1.0
6858.2352715946145,Washington,Overcast,42.153799453645476,1.0
6862.584536370882,Washington,Overcast,40.98958353275603,1.0
6874.759168759015,Washington,Light Snow;Snow;Flurries,92.35968124351082,1.0
6875.759168759016,Washington,Light Snow;Snow;Flurries,92.35968124351082,1.0
6882.3412767194595,Washington,Light Snow;Flurries;Snow,91.07904373053243,1.0
6893.098017068038,Washington,Partly Cloudy;Not totally Cloudy;Not totally Sunny,68.60294089493267,1.0
6894.214438660124,Washington,Not totally Cloudy;Partly Sunny;Partly;Partly Cloudy,65.48651930284372,1.0
6917.933801147149,Washington,Mist/Fog,86.60294089493267,1.0
6926.108433535282,Washington,Mostly Cloudy,63.39705910506733,1.0
6937.108433535281,Washington,Not totally Cloudy;Partly Cloudy;Partly,88.18504885537739,1.0
6941.457698311547,Washington,Partly Sunny;Partly Cloudy;Cloudy;Scattered Clouds,74.40747557231133,1.0
6945.27264945617,Washington,Partly Cloudy;Mostly Cloudy;Not totally Cloudy;Scattered Clouds,57.708946019777635,1.0
6953.680125028483,Washington,Partly Cloudy;Cloudy;Clear,38.44485343386784,1.0
6967.204022192882,Washington,Partly Cloudy;Mostly Clear;Sunny;Mainly Sunny,73.69852955253367,1.0
6970.1458113968365,Washington,Partly Cloudy;Clear;Not totally Cloudy,76.58210796044473,1.0
6972.087600600793,Washington,Mostly Cloudy;Mainly Cloudy;Mostly;Clear,73.75674034857813,1.0
6981.68012502848,Washington,Mostly Cloudy;Mainly Cloudy;Sunny,37.1433829864015,1.0
6985.505492640347,Washington,Clean,40.25980457849045,1.0
7001.574119903637,Washington,A Few Clouds,76.58210796044473,1.0
7003.330860252215,Washington,Not totally Cloudy,74.69852955253369,1.0
7011.971179008704,Washington,Cloudy,45.21201024968995,1.0
7017.55328696915,Washington,Partly Cloudy;Sunny;Not totally Cloudy,44.39705910506734,1.0
7022.553286969148,Washington,Partly Cloudy;Mainly Sunny;Mostly Clear,58.76715681582211,1.0
7036.738335824526,Washington,Mostly Cloudy;Mainly Cloudy;Mostly,55.94178920395552,1.0
7040.854757416614,Washington,Mostly Cloudy;Mainly Cloudy;Sunny,38.62990228924523,1.0
7042.087600600794,Washington,Mainly Cloudy;Mostly Cloudy;Intermittent,36.74632388133417,1.0
7043.553286969148,Washington,Cloudy;Mostly Cloudy,35.22242671693391,1.0
7060.91296821266,Washington,Clear;Sunny,73.35968124351082,1.0
7067.320443784971,Washington,Mostly Cloudy;Mostly;Intermittent Clouds,76.76715681582212,1.0
7070.320443784973,Washington,Mostly Cloudy;Cloudy;Mainly Cloudy,57.75674034857815,1.0
7073.378654581014,Washington,Mostly Cloudy;Mostly;Not totally Sunny,41.93137273671156,1.0
7074.43686537706,Washington,Not totally Cloudy;Scattered Clouds;Mostly Cloudy;Not totally Sunny;Mostly,40.97916706551206,1.0
7084.542870501904,Washington,Cloudy;Overcast,41.164215920889454,1.0
7089.601081297949,Washington,Not totally Cloudy;Cloudy;Partly Cloudy,69.23284318417788,1.0
7094.48465970586,Washington,Cloudy;Partly Cloudy,79.76715681582212,1.0
7109.950346074214,Washington,Mostly Cloudy,64.34926477626684,1.0
7112.008556870261,Washington,Few Clouds,69.05821079604446,1.0
7113.183189258394,Washington,A Few Clouds,72.17463238813343,1.0
7129.3682381137705,Washington,Cloudy,39.38664263782337,1.0
7133.426448909817,Washington,Mostly Cloudy;Mostly;Mainly Cloudy,39.31801537453492,1.0
7166.796546620571,Washington,Mainly Cloudy,53.98958353275603,1.0
7168.262232988926,Washington,Overcast,60.58210796044472,1.0
7181.680125028482,Washington,Partly Cloudy,40.212010249689946,1.0
7190.447281844303,Washington,Mostly Cloudy;Intermittent Clouds,32.08517219035703,1.0
7198.981595475949,Washington,Cloudy,60.10600512484498,1.0
7200.680125028482,Washington,Cloudy,62.82536761186658,1.0
7204.854757416615,Washington,Cloudy,63.185048855377396,1.0
7206.796546620571,Washington,Cloudy,62.06862726328844,1.0
7217.505492640348,Washington,Mostly Cloudy;Mostly;Mainly Cloudy;Not totally Sunny,29.862745473423107,1.0
7218.971179008703,Washington,Mostly Cloudy;Sunny;Mainly Cloudy,30.280637512978387,1.0
7226.7965466205715,Washington,Mostly Cloudy,61.010416467243964,1.0
7236.796546620571,Washington,Overcast,65.70894601977764,1.0
7264.632330699682,Washington,Cloudy;Overcast,63.23284318417789,1.0
7269.399487515503,Washington,Mostly Cloudy;Cloudy,75.47610283559975,1.0
7276.283065923415,Washington,Partly Cloudy;Scattered Clouds;Mostly Clear,89.72977895426558,1.0
7282.283065923414,Washington,Not totally Cloudy;Cloudy;Partly Cloudy,90.78798975031009,1.0
7301.875590351105,Washington,Mainly Cloudy,76.06862726328846,1.0
7304.817379555057,Washington,Mainly Cloudy,76.4178920395553,1.0
7310.526325574836,Washington,Mainly Cloudy,76.24325965142188,1.0
7315.409903982748,Washington,Fog,97.90441134239902,1.0
7316.526325574836,Washington,Fog,91.48651930284375,1.0
7328.944217614392,Washington,Lt Rain,85.54473009888821,1.0
7336.536742042081,Washington,Light Rain;Rain;Cloudy,77.60294089493266,1.0
7350.721790897458,Washington,Cloudy;Overcast,79.31188691471031,1.0
7363.197893733058,Washington,Cloudy,80.31188691471031,1.0
7370.965050548881,Washington,Cloudy,91.31188691471033,1.0
7381.382942588434,Washington,Fog;Overcast;Mist,97.78798975031008,1.0
7382.732207364701,Washington,Fog;Overcast;Mist,97.4969357700877,1.0
7397.6739965686575,Washington,Cloudy;Mostly Cloudy,85.05821079604448,1.0
7425.499364180523,Washington,Lt Rain,86.18504885537739,1.0
7438.208310200302,Washington,Cloudy;Overcast,66.71936248702161,1.0
7446.721790897456,Washington,Light Rain;Light;Rain,91.71936248702164,1.0
7458.197893733058,Washington,Cloudy,92.47610283559978,1.0
7459.256104529102,Washington,Mostly Cloudy,92.30147044746636,1.0
7470.615785772613,Washington,Mostly Cloudy;Mainly Cloudy,79.29105398022236,1.0
7480.732207364699,Washington,Overcast,90.90441134239903,1.0
7493.208310200302,Washington,Mostly Cloudy,95.3118869147103,1.0
7496.441153384479,Washington,Not totally Cloudy,88.82536761186658,1.0
7500.023261344925,Washington,Mostly Cloudy,86.00000000000001,1.0
7520.314315325147,Washington,Cloudy,92.00000000000001,1.0
7522.314315325147,Washington,Cloudy;Overcast,79.75674034857813,1.0
7527.071055673724,Washington,Cloudy;Overcast,87.5925244276887,1.0
7554.9068397528345,Washington,Rain,86.94178920395554,1.0
7566.906839752835,Washington,Cloudy;Light Rain;Rain;Showers,89.06862726328846,1.0
7572.673996568657,Washington,Rain;Severe Rain,85.66115169097715,1.0
7576.615785772615,Washington,Scattered Clouds;Showers;Mostly;Mainly Cloudy;Partly Cloudy;Mostly Cloudy;Cloudy,74.83578407911055,1.0
7584.208310200301,Washington,Cloudy,80.89399487515503,1.0
7617.626202239859,Washington,Overcast,81.5925244276887,1.0
7624.091888608212,Washington,Mist/Fog,84.37009771075479,1.0
7628.033677812167,Washington,Mist/Fog,87.02083293448796,1.0
7642.266520996344,Washington,Mist/Light Drizzle Fog,96.47610283559975,1.0
7650.091888608211,Washington,Partly Sunny;Scattered Clouds;Clear;Fair;Sunny,57.61948582200125,1.0
7660.509780647768,Washington,Clear,67.97916706551204,1.0
7663.266520996346,Washington,Clear,70.89399487515504,1.0
7685.927672687321,Washington,Clear,73.83578407911057,1.0
7697.139682937015,Washington,Cloudy;Overcast,88.23284318417788,1.0
7709.557574976569,Washington,Cloudy;Overcast,81.6403187564892,1.0
7717.6739965686575,Washington,Rain;Light Rain,94.89399487515503,1.0
7724.557574976568,Washington,Rain;Light Rain,94.7193624870216,1.0
7732.023261344923,Washington,Cloudy;Overcast;Rain;Mist,99.06862726328846,1.0
7750.906839752834,Washington,Mist/Light Rain Fog,90.03124940173194,1.0
7765.150099404258,Washington,Mist;Fog;Showers,93.2640925859098,1.0
7772.266520996344,Washington,Mist;Showers;Cloudy,94.77757328306608,1.0
7776.7322073647,Washington,Mist;Fog;Showers,90.41176357973066,1.0
7779.848628956791,Washington,Mist;Fog;Showers,94.31188691471029,1.0
7789.081472140968,Washington,Cloudy;Hazy,84.47610283559975,1.0
7802.673996568657,Washington,Mist/Light Drizzle Fog,91.83578407911058,1.0
7805.673996568656,Washington,Light Drizzle,95.42830850679925,1.0
7819.091888608214,Washington,Mist/Fog,85.53431363164424,1.0
7821.557574976567,Washington,Mist/Fog,89.2328431841779,1.0
7833.859045424035,Washington,Rain;Light Rain,93.00000000000003,1.0
7843.451569851723,Washington,Rain,96.23284318417788,1.0
7851.044094279412,Washington,Rain;Light,92.46568636835578,1.0
7852.1605158715,Washington,Rain;Light Rain,96.23284318417788,1.0
7863.811251095234,Washington,Mist/Light Rain Fog,90.90441134239903,1.0
7872.520197115013,Washington,Mist/Rain Fog,94.83578407911055,1.0
7876.869461891278,Washington,Mist/Light Rain Fog,96.0,1.0
7892.694829503145,Washington,Mostly Cloudy;Mainly Cloudy;Intermittent Clouds;Cloudy,77.69852955253369,1.0
7909.1127215427005,Washington,Not totally Cloudy;Partly Cloudy;Mostly Clear,75.83578407911057,1.0
7918.705245970389,Washington,Haze;Fair;Hazy;Intermittent Clouds;Mostly Cloudy,80.83578407911055,1.0
7920.8798783585235,Washington,Mostly;Fair;Hazy;Mainly Cloudy;Intermittent;Mostly Cloudy,81.30147044746634,1.0
7922.93808915457,Washington,Haze;Intermittent Clouds;Mostly Cloudy,81.41789203955528,1.0
7961.133554477188,Washington,Mostly Cloudy,66.88357840791105,1.0
7978.599240845545,Washington,Clear;Mostly;Hazy,84.12683805933293,1.0
7981.715662437633,Washington,Fog;Partly Cloudy;Clear;Fog And Mist,84.77757328306609,1.0
7985.890294825766,Washington,Mostly Cloudy;Not totally Cloudy;Fog And Mist;Mainly Cloudy;Intermittent Clouds;Partly,80.19546532262137,1.0
7994.044094279411,Washington,Not totally Cloudy;Partly Cloudy;Scattered Clouds;Cloudy;Mainly Sunny,61.30147044746633,1.0
7997.2561045290995,Washington,Partly Cloudy;Cloudy;Mostly Sunny;Mostly Cloudy;Scattered;Scattered Clouds,65.42830850679925,1.0
8010.362109653946,Washington,Partly Cloudy;Partly;Clouds,74.78798975031008,1.0
8021.896423285591,Washington,Haze;Partly Cloudy;Mostly Cloudy,79.4969357700877,1.0
8026.838212489547,Washington,Haze;Partly Sunny;Cloudy,76.904411342399,1.0
8029.721790897456,Washington,Not totally Cloudy;Partly Sunny;Partly Cloudy,63.12683805933292,1.0
8035.478531246036,Washington,Partly Cloudy;Partly Sunny;Not totally Cloudy,70.66115169097716,1.0
8045.187477265813,Washington,Not totally Cloudy;Mostly;Cloudy,74.7297789542656,1.0
8051.954634081635,Washington,Haze;Cloudy;Mostly Cloudy,74.26409258590982,1.0
8055.53674204208,Washington,Mostly Cloudy,61,1.0
8057.5367420420835,Washington,A Few Clouds,71.35968124351082,1.0
8060.118850002525,Washington,A Few Clouds,71.01041646724399,1.0
8061.642747166925,Washington,A Few,76.06862726328846,1.0
8067.166644331326,Washington,Partly Cloudy,79.43872497404323,1.0
8069.923384679903,Washington,A Few Clouds,75.42830850679927,1.0
8083.63233069968,Washington,Mostly Cloudy;Cloudy;Mainly Cloudy,70.31188691471033,1.0
8095.457698311547,Washington,Haze;Partly Cloudy;Fair;Hazy,79.43872497404323,1.0
8097.6905414957255,Washington,Cloudy;Haze,77.96262213844348,1.0
8105.574119903637,Washington,Haze;Intermittent Clouds;Mostly Cloudy,79.96262213844348,1.0
8112.574119903637,Washington,Mostly Cloudy;Mainly Cloudy,62.89399487515503,1.0
8127.992011943192,Washington,Haze,77.67156815822112,1.0
8131.108433535282,Washington,Overcast,72.83578407911057,1.0
8141.875590351103,Washington,Mostly Cloudy,65.6881130852897,1.0
8150.700957962969,Washington,Mostly Cloudy,77.93137273671157,1.0
8163.759168759014,Washington,Cloudy;Haze;Partly Cloudy,81.95220567119951,1.0
8168.700957962969,Washington,Cloudy;Haze;Mainly Cloudy,75.95220567119952,1.0
8173.468114778791,Washington,Cloudy;Mostly Cloudy,66.3596812435108,1.0
8181.4681147787915,Washington,Mostly Cloudy,75.98958353275603,1.0
8186.108433535281,Washington,Overcast,78.05821079604448,1.0
8201.235271594613,Washington,Overcast,73.76715681582213,1.0
8208.817379555057,Washington,Cloudy;Mostly;Overcast,88.70894601977764,1.0
8224.002428410435,Washington,Mostly Cloudy;Cloudy;Mainly Cloudy,66.75674034857815,1.0
8253.547158509326,Washington,Mostly Cloudy;Mainly Cloudy,82.52389716440027,1.0
8254.896423285589,Washington,Mostly Cloudy;Cloudy,83.0477943288005,1.0
8261.495076173105,Washington,Mostly Cloudy;Mainly Cloudy,79.76715681582212,1.0
8295.45769831155,Washington,Light Rain;Showers;Cloudy,64.93137273671157,1.0
8297.748752291769,Washington,Light Rain;Showers,87.71936248702161,1.0
8298.923384679903,Washington,Cloudy;Rain;Overcast,91.01041646724399,1.0
8301.923384679903,Washington,Rain;Cloudy;Overcast,88.34926477626684,1.0
8308.84434094937,Washington,Partly Cloudy;Mostly Cloudy;Not totally Cloudy,95.3596812435108,1.0
8315.495076173105,Washington,Partly Cloudy;Mostly Cloudy,92.53431363164424,1.0
8316.495076173103,Washington,Mostly Cloudy;Mostly;Mainly Cloudy,92.70894601977767,1.0
8324.950346074218,Washington,Mostly Cloudy;Cloudy,81.06862726328845,1.0
8330.199734185464,Washington,Mostly Cloudy;Mostly;Not totally Cloudy,82.6403187564892,1.0
8332.141523389419,Washington,Partly;Partly Sunny;Scattered Clouds,77.87316194066709,1.0
8336.343117171864,Washington,Partly Cloudy;Scattered Clouds;Partly,70.07904373053243,1.0
8340.343117171866,Washington,Partly Cloudy;Partly,86.32230338195428,1.0
8342.62375468484,Washington,Partly Cloudy;Not totally Cloudy;Cloudy,86.96262213844348,1.0
8346.846181401776,Washington,Partly Cloudy;Not totally Cloudy,90.67156815822113,1.0
8377.33270070462,Washington,Mostly Cloudy;Mainly Cloudy;Mostly,80.89399487515503,1.0
8378.798387072979,Washington,Not totally Cloudy;Mostly Cloudy;Cloudy;Mostly,80.25367611866585,1.0
8381.681965480888,Washington,Mostly Cloudy;Cloudy;Intermittent Clouds,82.84620054635452,1.0
8414.702798415372,Washington,Cloudy,65.89399487515503,1.0
8415.702798415374,Washington,Cloudy,61.89399487515502,1.0
8442.528166027241,Washington,Cloudy;Mainly Cloudy,77.84620054635454,1.0
8443.877430803508,Washington,Cloudy,74.90441134239902,1.0
8477.363950106352,Washington,Mostly Cloudy;Mainly Cloudy,79.94178920395554,1.0
8479.713214882619,Washington,Cloudy;Overcast,80.07904373053242,1.0
8483.062479658887,Washington,Mostly Cloudy;Cloudy,81.25367611866584,1.0
8485.87743080351,Washington,Mostly Cloudy;Mostly,85.03124940173191,1.0
8488.33270070462,Washington,Mostly Cloudy;Not totally Cloudy;Partly,87.42830850679925,1.0
8546.898263737998,Washington,Cloudy;Mostly Cloudy,91.02083293448796,1.0
8576.210150652709,Washington,Mostly Cloudy;Cloudy,91.31188691471033,1.0
8587.802675080395,Washington,Cloudy,59.18504885537738,1.0
8589.210150652705,Washington,Mostly Cloudy,60.23284318417788,1.0
8592.268361448749,Washington,Mostly,58.89399487515503,1.0
8595.025101797328,Washington,Mainly Cloudy,60.465686368355776,1.0
8601.79225861315,Washington,Mostly,85.30147044746634,1.0
8674.950346074218,Washington,Partly Cloudy;Mainly Cloudy;Partly Sunny;Cloudy,75.07904373053243,1.0
8680.71750289004,Washington,Cloudy;Mostly,51.76715681582211,1.0
8684.950346074216,Washington,Cloudy,79.35968124351082,1.0
8692.60108129795,Washington,Cloudy;Not totally Cloudy,91.60294089493269,1.0
8699.368238113771,Washington,Clear;Cloudy,88.01041646724399,1.0
8704.659292093997,Washington,Mainly Cloudy,70.66115169097716,1.0
8719.84434094937,Washington,Fair,86.14767099382087,1.0
8725.727919357281,Washington,Cloudy;Overcast,50.35968124351082,1.0
8741.495076173103,Washington,Cloudy;Mainly Cloudy;Scattered Clouds,82.6403187564892,1.0
8750.02938980475,Washington,Cloudy;Overcast,86.40747557231131,1.0
8754.145811396837,Washington,Cloudy;Overcast,70.39705910506733,1.0
8792.399487515502,Washington,Cloudy,79.41789203955528,1.0
8796.22485512737,Washington,Partly Cloudy;Cloudy;Not totally Cloudy,91.48651930284375,1.0
8805.214438660127,Washington,Partly Cloudy;Not totally Cloudy,92.70894601977767,1.0
8806.621914232437,Washington,Clear;Mist;Not totally Cloudy,97.78798975031008,1.0
8810.087600600793,Washington,Cloudy;Mainly Cloudy,92.76715681582213,1.0
8816.91296821266,Washington,Not totally Cloudy;Partly;Cloudy,59.87316194066708,1.0
8838.74875229177,Washington,Mostly,93.78798975031005,1.0
8845.806963087816,Washington,Partly,60.48651930284372,1.0
8852.214438660127,Washington,Fair,50.39705910506733,1.0
8858.981595475949,Washington,Mostly Cloudy;Cloudy;Mainly Cloudy,71.29105398022239,1.0
8880.759168759016,Washington,Cloudy,86.18504885537739,1.0
8883.22485512737,Washington,Cloudy;Scattered Clouds;Mostly Cloudy;Mainly Cloudy,83.91482780964297,1.0
8889.10843353528,Washington,Clear;Cloudy,84.08946019777639,1.0
8892.923384679903,Washington,Mostly Cloudy;Cloudy;Fog,92.010416467244,1.0
8893.923384679903,Washington,Cloudy;Partly;Scattered Clouds;Partly Cloudy,86.24325965142187,1.0
8909.457698311546,Washington,Overcast,74.07904373053242,1.0
8912.574119903638,Washington,Overcast,74.07904373053242,1.0
8915.690541495727,Washington,Mostly Cloudy,84.42830850679927,1.0
8924.098017068036,Washington,Fair,87.07904373053242,1.0
8941.283065923415,Washington,Cloudy,76.55514656613217,1.0
8954.526325574838,Washington,Light Rain;Showers,89.62377382942063,1.0
8957.409903982747,Washington,Cloudy;Light;Light Rain,83.91482780964297,1.0
8965.050222739237,Washington,Light Rain;Rain,86.24325965142187,1.0
8968.224855127371,Washington,Cloudy;Overcast,86.41789203955528,1.0
8973.10843353528,Washington,Cloudy;Overcast,90.90441134239903,1.0
8996.827796022302,Washington,Mostly Cloudy;Mainly Cloudy;Cloudy,73.96262213844348,1.0
9011.012844877681,Washington,Cloudy;Mainly Cloudy,84.20588178986534,1.0
9017.187477265814,Washington,Mostly Cloudy,74.84620054635455,1.0
9020.303898857903,Washington,Overcast,85.01041646724399,1.0
9030.012844877681,Washington,Rain,85.65073522373318,1.0
9036.536742042079,Washington,Cloudy,87.5447300988882,1.0
9038.53674204208,Washington,Cloudy,85.95220567119951,1.0
9046.129266469772,Washington,Cloudy;Light Rain;Overcast,85.1850488553774,1.0
9053.711374430213,Washington,Light Rain;Showers,84.08946019777639,1.0
9065.245688061857,Washington,Partly Cloudy;Mostly Cloudy;Not totally Cloudy;Clouds,84.03124940173193,1.0
9082.351693186702,Washington,Overcast,84.07904373053243,1.0
9109.721790897456,Washington,Mostly Cloudy;Mainly Cloudy;Intermittent,65.65073522373316,1.0
9111.478531246037,Washington,Not totally Cloudy;Scattered Clouds;Intermittent Clouds;Partly Cloudy,69.07904373053243,1.0
9117.653163634166,Washington,Mostly Cloudy;Mainly Cloudy,73.26409258590981,1.0
9123.827796022302,Washington,Cloudy;Light Rain,85.37009771075479,1.0
9135.187477265814,Washington,Light Rain;Showers,91.25367611866585,1.0
9138.245688061857,Washington,Mostly Cloudy,61.17463238813342,1.0
9139.303898857901,Washington,Mainly Cloudy,61.11642159208894,1.0
9155.012844877681,Washington,Partly Cloudy,82.62377382942063,1.0
9166.372526121191,Washington,Partly Cloudy;Scattered Clouds;Clear,41.24325965142186,1.0
9179.081472140968,Washington,Cloudy;Overcast,39.397059105067335,1.0
9182.488947713278,Washington,Cloudy;Overcast,36.80453467737864,1.0
9190.769585226259,Washington,Clear;Overcast;Partly Cloudy;Scattered Clouds,44.164215920889454,1.0
9195.769585226259,Washington,Partly Cloudy;Overcast,58.10600512484498,1.0
9208.420320449992,Washington,Mostly Cloudy;Mostly;Sunny;Intermittent Clouds,49.61948582200124,1.0
9212.53674204208,Washington,Cloudy;Overcast,41.201593782445975,1.0
9238.187477265814,Washington,Mainly Cloudy,50.62990228924522,1.0
9258.139682937011,Washington,Cloudy;Overcast,40.27022104573442,1.0
9265.081472140972,Washington,Cloudy;Overcast,44.03737786155652,1.0
9271.023261344924,Washington,Snow;Light Rain,80.22242671693391,1.0
9275.790418160746,Washington,Snow;Light Rain;Light,74.16421592088945,1.0
9280.314315325146,Washington,Snow;Light Snow;Light Rain,79.46568636835578,1.0
9308.09188860821,Washington,Sunny;Clear,33.79411821013466,1.0
9310.848628956788,Washington,Sunny;Clear;Overcast,32.96875059826808,1.0
9313.488947713278,Washington,Cloudy;Light Rain;Mainly Cloudy,63.16421592088943,1.0
9320.547158509324,Washington,Cloudy;Overcast,63.80453467737863,1.0
9351.324731792392,Washington,Fair,56.67769661804573,1.0
9369.27693746359,Washington,Mostly Cloudy;Mainly Cloudy;Light Rain,70.80453467737864,1.0
9376.742623831944,Washington,Cloudy;Overcast,74.64031875648921,1.0
9379.314315325146,Washington,Cloudy;Overcast,70.04779432880049,1.0
9392.314315325146,Washington,Mostly,35.97916706551206,1.0
9402.139682937011,Washington,Mostly,67.57169149320075,1.0
9403.780001693502,Washington,Mostly Cloudy,70.39705910506733,1.0
9406.663580101413,Washington,Mostly Cloudy,76.0477943288005,1.0
9438.441153384478,Washington,Overcast;Light Snow;Flurries;Cloudy,84.65073522373316,1.0
9439.965050548879,Washington,Cloudy;Overcast,86.40747557231131,1.0
9443.547158509324,Washington,Fog;Overcast;Mist;Light Fog;Fog And Mist,87.58210796044473,1.0
9444.663580101413,Washington,Fog;Light Fog;Fog And Mist;Light Snow;Scattered Clouds;Light Snow Mist,87.11642159208895,1.0
9445.780001693502,Washington,Fog;Cloudy;Overcast;Mostly Cloudy;Mainly Cloudy,85.05821079604448,1.0
9447.88600681835,Washington,Cloudy;Haze;Overcast,78.81495114462261,1.0
9453.653163634168,Washington,Cloudy;Overcast;Light,62.98958353275602,1.0
9470.838212489547,Washington,Mist/Fog,85.17463238813342,1.0
448.30217327296833,Austin,Rain,93.75799718,1.0
451.8260704373686,Austin,Rain,95.35747527,1.0
456.88428123341305,Austin,Rain,99.85597987,1.0
459.9424920294575,Austin,Cloudy,80.03415066,1.0
471.70964884527956,Austin,Cloudy,81.48832604,1.0
479.3395511345248,Austin,Cloudy,79.31755889,1.0
483.45597272661377,Austin,Cloudy,79.35060168,1.0
486.51418352265824,Austin,Cloudy,85.39001802,1.0
488.27092387123645,Austin,Cloudy,87.01744313,1.0
492.5037670554143,Austin,Cloudy,91.90191549,1.0
499.7366102395921,Austin,Cloudy,82.5142044,1.0
509.27092387123633,Austin,Overcast,84.18018725840462,1.0
539.863448298925,Austin,Cloudy,68.03302461,1.0
552.6306051147473,Austin,Sunny,67.23131057,1.0
560.9216590949695,Austin,Sunny,58.41671257,1.0
578.3395511345249,Austin,Cloudy,85.94285724,1.0
580.6306051147473,Austin,Cloudy,93.08269049,1.0
593.2813403384804,Austin,Cloudy,78.88021894,1.0
598.1545022791474,Austin,Rain,93.34047688,1.0
603.7366102395922,Austin,Cloudy,100.8980354,1.0
606.0276642198145,Austin,Rain,100,1.0
616.6201886475033,Austin,Cloudy;Fog;Fog And Mist;Light Rain;Light Rain Mist,100.2930165,1.0
623.3873454633253,Austin,Mist/Fog,92.79063980986955,1.0
653.106707950347,Austin,Fog,101.5545108,1.0
657.6888159107917,Austin,Fog,93.29876588,1.0
697.4185948650572,Austin,Mist/Fog,87.130387141161,1.0
701.0589136215464,Austin,Mist/Fog,86.15101348153631,1.0
704.0007028255019,Baltimore,Overcast with Haze,80.31420165513084,1.0
706.6410215819911,Austin,Cloudy,72.88036911,1.0
720.4081783978132,Austin,Rain,87.18640074,1.0
722.7574431740802,Austin,Rain,91.09180308,1.0
727.5245999899023,Austin,Rain,95.49626495,1.0
748.9424920294575,Baltimore,Overcast,80.60734507237102,1.0
760.7678596413241,Baltimore,Mist/Light Rain Fog,93.4218462592729,1.0
761.9424920294575,Baltimore,Mist/Light Rain Fog,90.33412794830075,1.0
771.3499676017689,Baltimore,Mostly,40.67747431,1.0
789.2917568057244,Baltimore,Sunny,55.40255826,1.0
821.8946977006569,Baltimore,Fair,45.20290421798523,1.0
827.661854516479,Baltimore,A Few Clouds,58.381420572575884,1.0
842.8469033718566,Baltimore,Overcast,42.69038053750586,1.0
853.651438049235,Baltimore,Cloudy,38.3308859,1.0
855.5828107859468,Baltimore,Cloudy,33.73097975,1.0
874.5932272531908,Baltimore,Snow,79.06439852,1.0
887.0693300887905,Baltimore,Light,84.64079234,1.0
907.1961681481233,Baltimore,Sunny,30.56148757,1.0
911.9633249639455,Baltimore,Sunny,37.31493247,1.0
927.7304817797675,Baltimore,Sunny,55.1371074,1.0
940.6722709837231,Charlotte,Mainly Cloudy,66.38595235770151,1.0
942.8469033718565,Charlotte,Partly Cloudy,61.05873976567801,1.0
960.915530635145,Baltimore,Partly,55.0290948,1.0
971.5662658588781,Baltimore,Cloudy,81.02426291,1.0
978.7408982470116,Baltimore,Cloudy,80.90692207,1.0
995.1587902865667,Charlotte,Mostly Cloudy,62.24132114909584,1.0
1007.5766823261222,Charlotte,Overcast,70.7905388032877,1.0
1040.6557260566547,Baltimore,Cloudy,82.60452118,1.0
1051.1318288922544,Charlotte,Light Snow,78.62946240077326,1.0
1064.3750885436762,Charlotte,Mist/Fog,84.12052633884615,1.0
1084.4437158069645,Boston,Sunny,42,1.0
1087.38550501092,Boston,Sunny,37.96346927,1.0
1093.851191379276,Boston,Mostly Sunny;Partly Cloudy,26.12663412,1.0
1099.2586669515872,Boston,Sunny,35.81839774,1.0
1107.851191379276,Boston,Cloudy,40,1.0
1110.2004561555427,Boston,Cloudy,44.45064639,1.0
1112.491510135765,Boston,Mostly Cloudy;Mostly,44,1.0
1116.248250484343,Boston,Sunny,48,1.0
1123.957196504121,Boston,Not totally Cloudy;Partly Sunny,36.19981079,1.0
1132.1318288922544,Boston,Partly Cloudy;Mainly Sunny;Mostly Clear,28.50807956,1.0
1169.3855050109203,Boston,Sunny,31,1.0
1172.9676129713648,Boston,Sunny,36,1.0
1184.5601373990535,Boston,Scattered Clouds;Mostly Cloudy;Cloudy;Partly,40.20893997,1.0
1194.269083418831,Boston,Cloudy,38,1.0
1206.0362402346534,Boston,Cloudy,44.98739484,1.0
1211.9198186425645,Boston,Not totally Sunny;Scattered Clouds;Not totally Cloudy,37.79077173,1.0
1214.734769787187,Boston,Partly Cloudy;Scattered Clouds;Partly,35,1.0
1227.38550501092,Boston,Cloudy,58,1.0
1230.200456155543,Boston,Cloudy,56,1.0
1238.5975152606102,Boston,Sunny,63,1.0
1241.4810936685212,Boston,Sunny,65,1.0
1269.851191379276,Boston,Partly Sunny;Partly;Scattered Clouds,58,1.0
1277.5975152606102,Chicago,Not totally Cloudy;Partly Cloudy;Mostly Clear,32.94223384629904,1.0
1283.364672076432,Chicago,Overcast;Cloudy,45.941277661277375,1.0
1288.1318288922544,Chicago,Not totally Cloudy;Partly Cloudy,50.41097596234369,1.0
1292.0736180962099,Chicago,Partly Cloudy;Not totally Cloudy,56.42536719270103,1.0
1298.957196504121,Chicago,Cloudy;Overcast,43.728110718569575,1.0
1345.512343070253,Chicago,Cloudy,67.26037515901882,1.0
1395.4853816759403,Charlotte,Cloudy;Overcast,51.26454904913741,1.0
1399.660014064074,Charlotte,Partly Cloudy;Scattered Clouds;Mostly Clear,43.348946981727636,1.0
1429.8554793866952,Charlotte,Partly Cloudy;Scattered Clouds;Mist;Cloudy,93.26644951447105,1.0
1432.797268590651,Columbus,Mostly Cloudy;Intermittent;Mist;Fog And Mist,95.89232225653048,1.0
1433.7972685906511,Columbus,Mostly Cloudy;Mainly Cloudy,91.62431309866972,1.0
1443.448003814384,Charlotte,Not totally Cloudy;Partly Cloudy;Mostly Sunny;Sunny,44.71720462266033,1.0
1502.8389344596264,Charlotte,Cloudy,81.29093008551449,1.0
1508.6643020714937,Charlotte,Cloudy,79.0022063056974,1.0
1513.352415156783,Charlotte,Partly Cloudy;Cloudy;Scattered,73.47406224851376,1.0
1514.352415156783,Charlotte,Partly Cloudy;Not totally Cloudy,76.27859405400497,1.0
1516.4106259528276,Charlotte,Partly Cloudy;Not totally Cloudy,78.6428298165327,1.0
1538.22557709745,Charlotte,Sunny;Mainly Sunny;Fair;Partly Cloudy;Partly,51.42908478630831,1.0
1543.9345231172279,Charlotte,Clear,68.76917032207135,1.0
1582.2359935646941,Columbus,Mostly Cloudy;Mainly Cloudy;Intermittent Clouds,68.26802093091094,1.0
1584.1777827686494,Charlotte,Partly Cloudy;Mainly Sunny;Mostly Clear,48.95047004456025,1.0
1597.5166310776726,Charlotte,Cloudy,67.97408001725691,1.0
1613.6434691370055,Columbus,Drizzle;Light Drizzle;Showers,94.11476411070548,1.0
1652.4314588873156,Charlotte,Fog;Overcast;Mist;Light Fog,92.73350521352438,1.0
1654.4314588873153,Charlotte,Fog;Overcast;Mist,91.64704950795704,1.0
1662.0239833150042,Charlotte,Fog,97.4157478009984,1.0
1668.458420281628,Charlotte,Fog,98.41397649427323,1.0
1672.1465333669173,Charlotte,Fog,99.387496187997,1.0
1673.786852123407,Charlotte,Fog;Overcast;Mist,97.68287243451078,1.0
1717.1673663014055,Chicago,Cloudy;Mostly Cloudy;Mostly,57.081261789715796,1.0
1719.22557709745,Chicago,Cloudy;Mostly Cloudy;Mainly Cloudy,55.91380115582101,1.0
1724.9927339132723,Chicago,Mostly Cloudy;Mostly,46.839199929818655,1.0
1729.1673663014055,Chicago,Cloudy;Mostly Cloudy;Partly Sunny,61.700319112480805,1.0
1739.300332820563,Chicago,Mainly Sunny;Partly Cloudy;Not totally Cloudy,59.18620209312758,1.0
1743.416754412652,Chicago,Partly Cloudy;Partly;Mostly Clear;Scattered,62.1910596795748,1.0
1748.358543616608,Chicago,Cloudy;Overcast,64.53488892418422,1.0
1752.5913868007851,Chicago,Cloudy,62.608358531348465,1.0
1753.940651577052,Chicago,Cloudy,63.276820121330665,1.0
1766.4749652086966,Chicago,Cloudy;Haze,54.99074733876928,1.0
1769.289916353319,Dallas,A Few Clouds,61.77747978128248,1.0
1771.5227595374972,Dallas,Clean,64.19622607345653,1.0
1778.1048674979415,Dallas,Partly Cloudy,66.03086217948619,1.0
1779.5705538662974,Dallas,Partly Cloudy,66.46300979296932,1.0
1780.745186254431,Dallas,A Few Clouds,68.03283142072657,1.0
1789.6661425238985,Dallas,Overcast,63.18685128641649,1.0
1804.0258237674093,Chicago,Mostly Cloudy;Cloudy;Mostly,64.26291814119277,1.0
1826.1526618267424,Chicago,Partly Cloudy;Scattered Clouds;Not totally Cloudy,56.25571926134718,1.0
1830.919818642564,Chicago,Mostly Cloudy;Partly;Intermittent Clouds;Partly Cloudy,64.93967149930245,1.0
1840.512343070253,Chicago,Cloudy;Overcast,73.43103965177231,1.0
1843.745186254431,Chicago,Cloudy;Mostly Cloudy;Mainly Cloudy,71.12710038478956,1.0
1849.7929805832316,Chicago,Mostly Cloudy;Mainly Cloudy,77.60439194290929,1.0
1854.9094021753203,Chicago,Partly Cloudy;Mostly;Not totally Cloudy;Mostly Sunny,72.97839405469007,1.0
1875.9780294386087,Denver,Haze;Partly Cloudy;Hazy,72.36228589788098,1.0
1878.2690834188315,Denver,Cloudy;Haze,76.65235854457484,1.0
1889.0258237674095,Denver,Overcast,72.66699821693673,1.0
1900.443715806965,Denver,Overcast with Haze,78.72287388772904,1.0
1906.4437158069645,Denver,Overcast with Haze,78.24940345562406,1.0
1910.38550501092,Chicago,Partly Cloudy;Cloudy;Partly;Partly Sunny,61.91976612572466,1.0
1923.628764662342,Chicago,Snow;Flurries;Light Snow;Light,91.54119171545982,1.0
1940.5705538662976,Chicago,Cloudy;Haze,75.306345266385,1.0
1944.512343070253,Denver,Overcast Haze,63.91746978863899,1.0
1981.4167544126522,Chicago,Cloudy;Haze,79.81047930166307,1.0
1992.2421220245185,Chicago,Cloudy;Haze,81.14160637087127,1.0
2005.5331760047413,Denver,Mist/Light Snow Fog,84.70185579382753,1.0
2009.1734947612304,Denver,Light Snow,79.35673699768522,1.0
2018.7660191889188,Denver,Overcast with Haze,81.81080121801936,1.0
2023.8824407810077,Denver,Overcast with Haze,81.72682139179506,1.0
2045.7182248601187,Denver,Cloudy;Overcast;Sunny,54.05221964003934,1.0
2048.8346464522074,Denver,Sunny;Cloudy;Clean;Mostly Cloudy,50.847797933965154,1.0
2066.3003328205637,Denver,Sunny;Cloudy;Fair;Mostly Cloudy,73.44352694476181,1.0
2069.0570731691414,Detroit,Partly Cloudy;Sunny;Mostly Clear,79.62801967656286,1.0
2076.9406515770524,Detroit,Haze;Hazy;Sunny,74.94221622249128,1.0
2078.057073169141,Detroit,Haze;Fair;Hazy;Intermittent Clouds,75.16382169179508,1.0
2082.406337945408,Detroit,Clear;Mostly Cloudy;Fair;Cloudy,57.949240240529704,1.0
2087.464548741453,Detroit,Mostly Cloudy;Cloudy;Clear,47.694220954919345,1.0
2120.5435924719845,Detroit,Cloudy;Overcast,55.357396478479124,1.0
2130.4271708798956,Detroit,Cloudy;Clear,59.15190988445376,1.0
2137.427170879896,Detroit,Cloudy;Overcast,59.28710032811957,1.0
2151.310749287807,Detroit,Clear;Mostly Clear;Fair,57.304800719440806,1.0
2157.892857248252,Detroit,Partly Cloudy;Clear;Sunny,74.6092562906748,1.0
2175.5913868007856,Detroit,Clear;Sunny;Partly;Fair,60.38588528815937,1.0
2180.358543616608,Detroit,Sunny,44.985328818026105,1.0
2187.300332820563,Detroit,Cloudy;Overcast,73.65825331115983,1.0
2188.591386800785,Detroit,Cloudy;Overcast,74.40147942217845,1.0
2190.2317055572744,Detroit,Cloudy;Scattered Clouds,81.05225571503999,1.0
2233.7286413273623,Detroit,Cloudy;Overcast,67.41061742979879,1.0
2300.65388560425,Detroit,Cloudy;Snow;Light Snow,74.61451522664437,1.0
2304.4106259528276,Detroit,Light Snow;Cloudy;Overcast,81.55162236680472,1.0
2354.082194111049,Dallas,Light Rain;Rain,89.49149051201931,1.0
2368.0239833150044,Dallas,Cloudy;Mostly Cloudy,69.09581383341396,1.0
2386.092610578293,Dallas,Cloudy;Mostly Cloudy,87.79472148935109,1.0
2388.383664558515,Dallas,Cloudy;Haze,80.70105517120712,1.0
2390.558296946648,Dallas,Cloudy;Haze,76.16447092322954,1.0
2396.0239833150044,Dallas,Cloudy,67.6412012561821,1.0
2412.267242966426,Detroit,Mist/Fog,85.36034758417766,1.0
2423.198615703138,El Paso,Overcast with Haze,76.87390227357017,1.0
2428.1881992358935,El Paso,Overcast,66.45199142490468,1.0
2438.955356051716,Dallas,Cloudy;Overcast,74.19816178681559,1.0
2443.0717776438046,Dallas,Cloudy;Overcast,75.55461231157254,1.0
2452.780723663582,Dallas,Cloudy;Overcast,74.98839146673075,1.0
2454.897145255671,Dallas,Cloudy;Overcast,72.88444289957201,1.0
2476.362831624027,Dallas,Cloudy;Overcast,77.67879817314234,1.0
2480.246410031938,Dallas,Cloudy;Overcast,78.50330211785091,1.0
2482.2464100319376,Dallas,Cloudy;Overcast,82.78257807822656,1.0
2501.48966968336,Dallas,Cloudy;Overcast,74.54003018304864,1.0
2509.0031503805158,El Paso,Rain;Light Rain;Light,84.42945429232282,1.0
2521.4106259528276,El Paso,Mist/Fog,82.45008509145524,1.0
2537.8285179923832,El Paso,Mist/Light Rain Fog,91.47305247790297,1.0
2539.7703071963388,Dallas,Light Rain;Rain;Cloudy,84.51725341793671,1.0
2541.4688367488716,El Paso,Light Rain;Rain,85.13031418645294,1.0
2542.9927339132723,El Paso,Overcast;Cloudy,87.47982285466783,1.0
2545.876312321183,El Paso,Cloudy,69.86015589173434,1.0
2550.7598907290944,El Paso,Cloudy,79.1256314740936,1.0
2553.6226362025177,El Paso,Cloudy;Haze,81.98661253506494,1.0
2582.876312321183,Fort Worth,Overcast with Haze,82.89433328710857,1.0
2591.5270475449165,Fort Worth,Overcast Haze,82.69196974059456,1.0
2604.7703071963388,Fort Worth,Cloudy,58.795608524432126,1.0
2605.7703071963383,Fort Worth,Mostly,55.88639230520514,1.0
2609.5956748082053,Fort Worth,Cloudy;Mostly Cloudy,64.34952248480936,1.0
2639.140404907093,Fort Worth,Mostly,61.20442947912673,1.0
2648.6643020714932,Fort Worth,Overcast,85.79572148078995,1.0
