entity,Domain,Conditions,Humidity,day
2093.7684055445293,Fort Worth,Mostly Cloudy,86.40730353948146,1.0
2096.7684055445297,Fort Worth,Overcast,82.64004841918513,1.0
2116.837426025715,Fort Worth,Fog;Partly Cloudy;Not totally Cloudy;Scattered Clouds,92.12214797537156,1.0
2136.790074067049,Fort Worth,Partly Cloudy;Mostly Cloudy,77.74757645046502,1.0
2141.255563826456,Fort Worth,Partly Cloudy;Clear;Clean;Sunny;Intermittent Clouds,74.9023158625494,1.0
2142.5464949260854,Fort Worth,Partly Cloudy;Clear,76.52652770680253,1.0
2150.3137500463818,Fort Worth,Partly;Partly Cloudy;Partly Sunny,50.55361273220704,1.0
2173.091839427938,Fort Worth,Mist/Fog,91.59269646051857,1.0
2176.91728076816,Fort Worth,A Few Clouds,70.0473519586666,1.0
2185.62634966853,Fort Worth,A Few,28.956662954962628,1.0
2187.9172807681593,Fort Worth,A Few Clouds,26.374800755703422,1.0
2191.324584307641,Fort Worth,Not totally Cloudy,26.607545635407106,1.0
2197.8374260257146,Fort Worth,Mostly Clear;Partly;Mainly Sunny,33.61271130099401,1.0
2202.361102005048,Fort Worth,Clear;Sunny,43.37553721732617,1.0
2219.7792398057895,Fort Worth,Not totally Cloudy;Mostly Cloudy;Clear;Mostly;Partly Cloudy,31.724445050212253,1.0
2225.535660664826,Fort Worth,Mostly Cloudy;Sunny,26.970747129558323,1.0
2228.4774744449005,Fort Worth,Partly Cloudy;Cloudy;Mostly Cloudy;Clear,51.14037022916929,1.0
2235.8265917644558,Fort Worth,Mainly Cloudy;Partly Cloudy;Mostly Cloudy;Mostly Clear,58.8764239855968,1.0
2265.255563826456,Houston,Cloudy,51.0578964659861,1.0
2271.19737760653,Houston,Cloudy,83.39765807865172,1.0
2285.4409567474927,Houston,Overcast,59.5020074568146,1.0
2291.731887847123,Houston,Overcast,85.87279329888884,1.0
2310.0336532080114,Houston,Clear,44.9584237763037,1.0
2314.662867365938,Houston,Clear,60.869199796740105,1.0
2316.779239805789,Houston,Clear,51.229740321402836,1.0
2322.9903161629745,Houston,Clear;Partly Cloudy;Mainly Sunny,46.91981826078078,1.0
2328.815757503197,Houston,Sunny;Mostly Sunny,44.92771092829872,1.0
2349.7102193246037,Houston,Clean,71.52367597933332,1.0
2369.604681146011,Houston,Mainly Cloudy;Mostly Cloudy;Intermittent Clouds,41.40965012785745,1.0
2403.382770527567,Houston,Cloudy,54.036517697407234,1.0
2411.033653208012,Houston,Partly Cloudy,49.67656611659236,1.0
2416.033653208012,Houston,Not totally Cloudy,39.72391807525896,1.0
2418.255563826456,Houston,Not totally Cloudy,38.56019367674053,1.0
2421.779239805789,Houston,Not totally Cloudy,32.72391807525896,1.0
2427.48830870616,Houston,Mostly Cloudy,30.665731855333036,1.0
2448.731887847123,Houston,Clear;Mostly Cloudy,53.48547183676147,1.0
2458.2555638264557,Houston,Clear;Sunny,66.82174394721774,1.0
2475.3029157851224,Houston,Cloudy;Overcast,52.29287406795945,1.0
2481.302915785123,Houston,Cloudy,55.4285965045443,1.0
2495.4192882249745,Houston,Fair,68.25441340222238,1.0
2501.593846884752,Houston,Clean,77.4398063232595,1.0
2517.662867365937,Houston,Clear;Mostly Clear,52.95348259621404,1.0
2519.7684055445297,Houston,Clear;Mostly Clear,58.5960317026461,1.0
2521.466640183641,Houston,Clear;Sunny,62.737796595475785,1.0
2543.408453963715,Houston,Partly Cloudy;Partly Sunny;Scattered Clouds;Scattered;Not totally Cloudy,58.619532995814296,1.0
2555.9429642043074,Houston,Clear;Clean;Mostly Clear,76.30675642604999,1.0
2558.757571283271,Houston,Clear;Fair,77.20153167129118,1.0
2563.2812472626033,Houston,Clear;Fair;Mostly Cloudy,82.14795370063574,1.0
2564.3394334825302,Houston,Overcast;Cloudy;Clear,82.29385828827354,1.0
2582.397619702456,Indianapolis,Cloudy,69.25095127305656,1.0
2584.9212956817887,Indianapolis,Clear;Cloudy,74.2190212844201,1.0
2586.2704130013444,Indianapolis,Partly Cloudy;Cloudy,73.46648023494875,1.0
2615.513992142307,Indianapolis,Clean,83.60353072177791,1.0
2619.095854341567,Indianapolis,Clean,84.41813780074081,1.0
2629.608696059641,Indianapolis,Cloudy,67.04884576967497,1.0
2637.783254719419,Indianapolis,Cloudy;Overcast;Partly Cloudy,78.05324051483346,1.0
2651.7832547194184,Indianapolis,Light Snow;Flurries;Cloudy;Light,80.66371658227813,1.0
2655.830606678085,Indianapolis,Haze;Hazy;Cloudy;Partly Cloudy,77.9767146748036,1.0
2672.957813379196,Indianapolis,Overcast,82.26524766348173,1.0
2680.8414409393445,Indianapolis,Mist/Fog,80.6251992442966,1.0
2699.026833860382,Indianapolis,Flurries;Cloudy;Fog And Mist;Light Snow;Light Snow Mist;Mist,89.55806011076525,1.0
2701.4341373998627,Indianapolis,Light Snow;Overcast;Flurries;Snow,90.10431585128624,1.0
2705.3177649600116,Indianapolis,Cloudy;Overcast;Fog,84.11945511137571,1.0
2706.375951179937,Indianapolis,Cloudy;Fog;Mist,89.71014416973253,1.0
2716.9104614205294,Indianapolis,Cloudy;Partly;Partly Cloudy,68.96588980302467,1.0
2719.259578740085,Indianapolis,Cloudy,63.12322640156121,1.0
2731.9686476404554,Indianapolis,Mist/Light Snow Fog,88.33426814466699,1.0
2737.0633515577892,Indianapolis,Mist/Fog,84.68338546422251,1.0
2752.306930698752,Jacksonville,Overcast,64.25441340222237,1.0
2756.772420458159,Jacksonville,Light Snow;Snow;Light Snow Mist;Flurries,89.66896166306765,1.0
2761.1215377777144,Jacksonville,Cloudy,82.38988765262826,1.0
2765.587027537122,Jacksonville,Mostly Cloudy;Cloudy,76.77427060733933,1.0
2771.587027537122,Jacksonville,Partly Cloudy;Not totally Cloudy;Partly Sunny,62.92841996835412,1.0
2791.48148935853,Jacksonville,Mostly Cloudy,73.36611517685131,1.0
2794.1215377777144,Jacksonville,Mostly Cloudy;Mainly Cloudy,79.34811166838158,1.0
2811.1905582589,Jacksonville,Mostly Cloudy,56.94181378007408,1.0
2825.7250684994924,Jacksonville,Mainly Cloudy,80.8944618214075,1.0
2829.6668822795664,Jacksonville,Mainly Cloudy,70.6508826804445,1.0
2838.0051653378628,Jacksonville,Partly,39.163724398518426,1.0
2839.296096437492,Jacksonville,Mostly Cloudy,31.0,1.0
2845.296096437492,Jacksonville,Clear;Fair,60.890204704280706,1.0
2850.2960964374925,Jacksonville,Sunny;Clear,73.49116871409394,1.0
2870.3069306987513,Jacksonville,Cloudy;Overcast,43.57728642007035,1.0
2877.306930698752,Jacksonville,Not totally Cloudy;Mostly Clear;Scattered Clouds;Cloudy,63.60353072177791,1.0
2894.285262176233,Jacksonville,Cloudy,80.69199065654199,1.0
2903.9618282928245,Jacksonville,Cloudy;Mainly Cloudy,44.03609622625838,1.0
2906.0782007326775,Las Vegas,Mostly Cloudy;Cloudy,40.81201173032571,1.0
2921.125552691344,Las Vegas,Light Rain,88.0293503361629,1.0
2930.7182491518624,Las Vegas,Overcast,87.75642085903698,1.0
2940.1945731725295,Las Vegas,Overcast,92.9418137800741,1.0
2955.845455852974,Las Vegas,Mostly Cloudy;Intermittent Clouds;Cloudy,32.073623207685486,1.0
2964.220256608677,Las Vegas,Mainly Cloudy;Mostly Cloudy;Cloudy,48.79044136259497,1.0
2969.278442828603,Las Vegas,Mostly Cloudy;Mostly,66.37644334778838,1.0
2992.998345990233,Las Vegas,Overcast,48.57102793799987,1.0
3001.532856230826,Las Vegas,Mostly Cloudy,65.69823463911106,1.0
3015.7764353717885,Las Vegas,Mostly,32.90931099629606,1.0
3017.9401597703068,Las Vegas,Mostly Cloudy,30.989165738740663,1.0
3042.776435371789,Las Vegas,Light Rain;Showers,81.17712537174242,1.0
3049.7547668492693,Las Vegas,Light Rain;Rain,92.30246133051223,1.0
3058.3474633097885,Las Vegas,Overcast,56.53451024059264,1.0
3063.75476684927,Las Vegas,Overcast,72.76725512029634,1.0
3069.453001488381,Las Vegas,Light Rain,86.40730353948146,1.0
3079.373146745936,Las Vegas,Light,83.69823463911106,1.0
3087.0240294263813,Las Vegas,Light Rain,92.12038287201975,1.0
3094.0822156463064,Las Vegas,Rain,88.44526226162117,1.0
3109.3257947872703,Las Vegas,Clear,81.22609518556806,1.0
3128.2784428286027,Las Vegas,Cloudy;Overcast,87.5064854608629,1.0
3133.9875117289735,Las Vegas,Cloudy,76.64442755238116,1.0
3144.198588086159,Las Vegas,Mist/Fog,83.54534450185199,1.0
3145.2567743060845,Las Vegas,Mist/Fog,86.19622718229645,1.0
3147.489519185789,Las Vegas,Mist/Fog,85.73073742288909,1.0
3148.6640778455658,Las Vegas,Mist/Fog,90.25441340222238,1.0
3150.8968227252694,Los Angeles,Mist/Fog,86.25441340222238,1.0
3155.8386365053434,Los Angeles,Mist/Fog,87.42897206200013,1.0
3175.907656986529,Los Angeles,Cloudy;Overcast,77.18989672312286,1.0
3180.8494707666027,Los Angeles,Cloudy,73.42652677441183,1.0
3186.558539666973,Los Angeles,Cloudy,75.68976915543936,1.0
3192.0240294263804,Los Angeles,Cloudy,72.83094424317524,1.0
3198.733098326751,Los Angeles,Cloudy,73.18463500672323,1.0
3200.733098326752,Los Angeles,Cloudy,76.86922662011713,1.0
3203.9076569865288,Los Angeles,Cloudy,77.4928591192561,1.0
3208.674912106825,Los Angeles,Cloudy,80.69185231758263,1.0
3226.627560148158,Los Angeles,Cloudy,79.99285681215518,1.0
3234.569373928233,Los Angeles,Light Rain;Rain,83.65966379995957,1.0
3242.0348636876397,Los Angeles,Light Rain;Cloudy,86.536882050068,1.0
3246.1985880861594,Los Angeles,Light Rain;Rain,90.04096771331824,1.0
3257.7912845466767,Los Angeles,Light Rain,83.66171694170383,1.0
3271.558539666974,Los Angeles,Light Rain,95.66171694170382,1.0
3282.093049907566,Los Angeles,Cloudy,78.72103055496733,1.0
3283.3257947872694,Los Angeles,Cloudy,79.1865203143747,1.0
3301.5111877083064,Los Angeles,Cloudy,70.3088369268405,1.0
3308.442167227121,Los Angeles,Sunny;Not totally Cloudy,58.74337441724629,1.0
3317.0348636876397,Los Angeles,Overcast,79.6508826804445,1.0
3319.500353447047,Los Angeles,Overcast,85.18539292103712,1.0
3337.1512361274918,Los Angeles,Mainly Cloudy,68.58186219925923,1.0
3345.0348636876397,Los Angeles,Sunny;Partly Cloudy;Clear,67.82832141990274,1.0
3346.2094223474173,Memphis,Clear;Sunny,71.17323636395089,1.0
3362.0930499075657,Memphis,Sunny;Cloudy;Mostly,85.71476973770044,1.0
3367.7912845466767,Memphis,Clear;Sunny;Overcast,69.02892368050674,1.0
3368.9658432064552,Memphis,Light Rain;Cloudy;Clean,70.65954627905569,1.0
3389.1295676049726,Memphis,Clean,88.47632402066672,1.0
3397.3041262647516,Memphis,Fair,80.00000000000003,1.0
3399.0023609038617,Memphis,Fair,77.46548975940738,1.0
3400.118733343713,Memphis,Fair,77.11637243985186,1.0
3420.4786849245293,Memphis,Cloudy,82.19236872936989,1.0
3430.1877538248996,Memphis,Partly Cloudy;Fair,75.85003174257925,1.0
3433.4096644433434,Memphis,Partly Cloudy;Clear;Scattered Clouds;Clean,77.30339856803128,1.0
3434.5260368831955,Memphis,Partly Cloudy;Not totally Cloudy;Clear,78.57938752984101,1.0
3437.3988301820837,Memphis,Partly;Scattered Clouds;Cloudy;Not totally Cloudy,80.4728769070672,1.0
3455.409664443343,Memphis,Cloudy;Overcast;Fog And Mist,91.24535156165803,1.0
3458.700595542972,Memphis,Cloudy;Overcast,85.80125882229744,1.0
3471.0023609038626,Memphis,Mostly Cloudy,82.47632402066672,1.0
3493.838636505344,Memphis,Cloudy,72.64194250566851,1.0
3508.2567743060845,Memphis,Cloudy,71.38434185234301,1.0
3512.17691956364,Memphis,Cloudy,70.64400548953942,1.0
3514.642409323047,Memphis,Cloudy,69.11825663380802,1.0
3519.758781762899,Memphis,Cloudy;Mostly Cloudy,61.77417155678082,1.0
3522.457016402011,Memphis,Cloudy;Mostly,61.34832031313542,1.0
3529.3988301820846,Memphis,Cloudy,72.87447881612215,1.0
3532.2716234809727,Memphis,Cloudy,73.57667482726383,1.0
3534.4461821407504,Memphis,Cloudy,72.51315204313688,1.0
3539.5625545806033,Memphis,Cloudy,75.38800741884822,1.0
3548.097064821196,Memphis,Cloudy,74.95020275374512,1.0
3554.74794750164,Milwaukee,Cloudy;Mostly Cloudy,69.58018486441448,1.0
3558.3663273983066,Milwaukee,Cloudy;Light;Light Rain,80.44783597713325,1.0
3569.0902454735647,Milwaukee,Rain;Cloudy,91.07419935613622,1.0
3575.857500593861,Milwaukee,Rain;Showers;Cloudy,91.92192062093366,1.0
3590.184949390898,Milwaukee,Mist/Rain Fog,86.40730353948146,1.0
3602.30132183075,Milwaukee,Overcast,90.71990316162976,1.0
3616.59225293038,Milwaukee,Cloudy,89.17470538219517,1.0
3622.3595080506757,Milwaukee,Cloudy,91.36173100709912,1.0
3624.359508050676,Milwaukee,Cloudy,86.42626630303953,1.0
3630.3013218307497,Milwaukee,Cloudy;Overcast,90.23055620783111,1.0
3660.4867147517875,Milwaukee,Mist/Fog,89.88362756014816,1.0
3667.6612734115647,Milwaukee,Light Rain,79.9418137800741,1.0
3669.777645851417,Milwaukee,Overcast,76.47632402066672,1.0
3672.30132183075,Milwaukee,Overcast,77.82544134022224,1.0
3681.01039073112,Milwaukee,Cloudy;Mostly Cloudy,80.96857338929792,1.0
3690.0685769510465,Milwaukee,Cloudy;Mostly Cloudy;Overcast,79.40204611386885,1.0
3691.126763170973,Milwaukee,Overcast;Cloudy,80.84532093681334,1.0
3693.29048756949,Milwaukee,Light Rain;Mostly Cloudy;Cloudy,79.54856780993612,1.0
3694.465046229268,Milwaukee,Light Rain;Showers,81.43613137928514,1.0
3716.2431356108245,Milwaukee,Mostly Cloudy,80.29093109962962,1.0
3736.243135610824,Milwaukee,Overcast,76.94181378007409,1.0
3752.6030871916387,Milwaukee,Mostly Cloudy;Cloudy,61.25530912187106,1.0
3757.068576951047,Milwaukee,Partly Cloudy;Sunny;Cloudy,57.32044979971812,1.0
3768.417694270602,Milwaukee,Mostly Cloudy;Mainly Cloudy;Overcast;Intermittent Clouds,72.41192981727426,1.0
3771.359508050677,Milwaukee,Cloudy;Overcast,70.8002564091118,1.0
3782.7194596314907,Nashville,Mostly Cloudy,56.236307710899396,1.0
3796.9048525525277,Nashville,A Few Clouds,69.16372439851844,1.0
3816.8575005938615,Nashville,Mostly Cloudy,42.74558659777763,1.0
3844.4610313156395,Nashville,Partly Cloudy;Not totally Cloudy;Sunny;Cloudy;Scattered,57.204077359866275,1.0
3847.344658875787,Nashville,Partly Cloudy;Not totally Cloudy;Scattered Clouds;Mostly Sunny,57.204077359866275,1.0
3855.74112815401,Nashville,Partly Cloudy;Mostly Clear,73.7066236127821,1.0
3874.15926595475,Nashville,Clear;Sunny,67.87700169175675,1.0
3877.799314373935,Nashville,Sunny;Clear,58.63188599796813,1.0
3895.751962415269,Nashville,Cloudy;Overcast,80.42925294218297,1.0
3905.402845095714,Nashville,Fair,77.24357914096304,1.0
3921.333824614528,Nashville,Mist/Fog,82.66171694170383,1.0
3925.6247557141573,Nashville,Partly;Partly Sunny;Mostly Clear,74.00805476819264,1.0
3928.624755714158,Nashville,Mostly Cloudy;Mainly Cloudy,46.761194250855475,1.0
3930.6829419340843,Nashville,Mostly Cloudy;Cloudy,56.5065803091142,1.0
3946.032059253639,Nashville,Cloudy,76.5548797174998,1.0
3958.5557352329724,Nashville,Cloudy,60.72424493193331,1.0
3967.264804133342,Nashville,Overcast,56.87279329888884,1.0
3984.2756383946025,Nashville,Overcast,55.16372439851844,1.0
3988.508383274306,Nashville,Overcast,58.47632402066672,1.0
3991.7884801126756,Nashville,Overcast,63.745586597777624,1.0
4003.3229903532697,Nashville,Cloudy,79.92439967921149,1.0
4006.672107672824,Nashville,Light Snow;Flurries;Cloudy;Light,84.0202399059992,1.0
4016.2066179134163,Nashville,Haze;Cloudy;Snow,75.05103311569654,1.0
4030.5083832743067,Nashville,Overcast,78.56701302437067,1.0
4043.0428935148984,Nashville,Overcast with Haze,78.14887522362989,1.0
4044.2174521746756,Nashville,Overcast with Haze,78.43980632325949,1.0
4048.0902454735656,Nashville,Overcast with Haze,75.32343388340765,1.0
4071.9265210750464,Nashville,Cloudy;Overcast,53.32361512081896,1.0
4075.8683348551203,Nashville,Cloudy,74.1225428097759,1.0
4080.0428935148984,Nashville,Cloudy;Mainly Cloudy;Mostly Cloudy;Mostly,75.41756476371009,1.0
4088.439362793121,New York,Mostly Cloudy;Mainly Cloudy;Clear,77.62808624229586,1.0
4094.43936279312,New York,Cloudy;Overcast;Sunny,84.80535767698959,1.0
4100.963038772454,New York,Cloudy;Overcast,71.56558198208705,1.0
4107.904852552528,New York,Mostly Cloudy,71.81460707896292,1.0
4115.603087191639,New York,Mostly Cloudy,74.84710986274094,1.0
4123.312156092009,New York,Mainly Cloudy,79.01083426125936,1.0
4127.195783652158,New York,Overcast,80.67255120296318,1.0
4139.6721076728245,New York,Overcast,80.32343388340765,1.0
4154.148431693491,New York,Cloudy;Overcast,88.15591261514312,1.0
4175.206617913415,New York,Cloudy;Overcast,87.63776534250843,1.0
4187.73029389275,New York,Cloudy,72.51690882670059,1.0
4202.9522045111935,New York,Mostly Cloudy;Mainly Cloudy,68.20223346950854,1.0
4214.71945963149,New York,Cloudy;Not totally Cloudy;Mostly,93.91534239246187,1.0
4219.71945963149,New York,Cloudy,80.45136392074288,1.0
4230.137597432231,New York,Mostly Cloudy,77.4398063232595,1.0
4233.137597432232,New York,Not totally Cloudy,82.68338546422252,1.0
4237.253969872084,New York,Overcast,85.3924543645929,1.0
4240.417694270602,Oklahoma City,Overcast,84.13804096237054,1.0
4256.01039073112,Oklahoma City,Cloudy;Light Rain,88.40408495066347,1.0
4269.1849493908985,Oklahoma City,Cloudy;Overcast,92.6784109121245,1.0
4274.243135610824,Oklahoma City,Rain;Overcast,92.361208563476,1.0
4286.359508050677,Oklahoma City,Overcast,86.01083426125935,1.0
4296.1267631709725,Oklahoma City,Mist/Light Rain Fog,96.01083426125935,1.0
4326.312156092009,Oklahoma City,Cloudy,73.53126002043962,1.0
4337.672107672824,Oklahoma City,Partly Cloudy;Sunny;Cloudy,65.40649945392691,1.0
4339.6139214528985,Oklahoma City,Mostly Cloudy;Partly Sunny;Mainly Cloudy,68.0893853880482,1.0
4355.963038772455,Oklahoma City,Overcast,73.30176536088896,1.0
4358.603087191639,Oklahoma City,Overcast,77.11637243985186,1.0
4374.73029389275,Oklahoma City,Cloudy,67.69823463911106,1.0
4377.788480112677,Oklahoma City,Mostly Clear,63.40047971038999,1.0
4379.7302938927505,Oklahoma City,Clear;Mostly;Cloudy,69.87142904800656,1.0
4382.661273411566,Oklahoma City,Clear;Mainly Cloudy;Cloudy;Fair,68.75388595739047,1.0
4384.661273411564,Oklahoma City,Mostly Cloudy;Clear;Intermittent Clouds;Fair,71.23052625272553,1.0
4396.021224992379,Philadelphia,Mostly Cloudy;Intermittent Clouds;Mostly Sunny;Sunny,35.510586174383405,1.0
4398.708625370231,Philadelphia,Mostly Cloudy;Intermittent Clouds;Fair,35.27107440664941,1.0
4438.43936279312,Philadelphia,Mainly Cloudy,36.025683436147894,1.0
4449.322990353268,Philadelphia,A Few Clouds,72.70906890037041,1.0
4463.915686813788,Philadelphia,Mostly Cloudy;Clear;Intermittent Clouds;Fair,52.34208064330282,1.0
4466.6139214528985,Philadelphia,Clear;Mostly;Partly Cloudy;Clean;Mostly Cloudy,62.88164879652404,1.0
4471.497549013046,Philadelphia,Mostly Cloudy;Clear;Clean,68.51267491262482,1.0
4480.079411212306,Philadelphia,Clear;Partly Cloudy;Mostly Sunny;Sunny,75.89586242195233,1.0
4522.926521075046,Philadelphia,Clear;Not totally Cloudy;Sunny;Partly,32.70087206502481,1.0
4526.857500593861,Philadelphia,Sunny;Clear,39.8754195826958,1.0
4528.857500593861,Philadelphia,Clear,55.02154989546148,1.0
4531.915686813788,Philadelphia,Clear,55.49509582101133,1.0
4539.508383274306,Philadelphia,Clear;Partly Cloudy,61.678398203607955,1.0
4541.090245473566,Philadelphia,Clear;Mostly Clear;Not totally Cloudy,60.844744230091266,1.0
4560.042893514898,Philadelphia,A Few Clouds,62.11637243985184,1.0
4562.682941934085,Philadelphia,A Few Clouds,63.745586597777624,1.0
4566.624755714159,Philadelphia,Clear;Scattered Clouds;Not totally Sunny;Clean;Sunny,60.94122571024438,1.0
4575.090245473565,Philadelphia,Mainly Cloudy;Clear;Mostly Cloudy;Cloudy,42.0796236604486,1.0
4588.508383274306,Philadelphia,Cloudy;Not totally Cloudy,66.81935849537764,1.0
4591.566569494231,Philadelphia,Mostly Cloudy;Partly Cloudy,54.97854807856613,1.0
4592.741128154009,Phoenix,Mainly Cloudy;Clear;Sunny,50.166494866616844,1.0
4595.915686813788,Phoenix,Sunny;Mainly Cloudy;Clear;Fair,37.55831178230693,1.0
4599.021224992381,Phoenix,Clear;Mainly Cloudy;Intermittent Clouds;Partly Cloudy,36.63112273516565,1.0
4612.322990353269,Phoenix,Mostly Cloudy,57.45465549814805,1.0
4621.846666332602,Phoenix,Mostly,59.82544134022225,1.0
4623.661273411566,Phoenix,Cloudy,61.280096838370284,1.0
4635.195783652158,Phoenix,Clear;Mainly Cloudy;Clean;Mostly Cloudy,37.66212678622966,1.0
4653.497549013047,Phoenix,Clear;Mostly Clear;Fair,68.13804096237054,1.0
4659.206617913417,Phoenix,Sunny;Clear;Fair;Scattered Clouds;Scattered;Partly Sunny,42.55240179994215,1.0
4662.381176573194,Phoenix,Sunny;Partly Sunny;Fair;Clear,32.86633757913262,1.0
4665.497549013047,Phoenix,Mostly Cloudy,38.269262577110936,1.0
4670.486714751787,Phoenix,Mostly Cloudy,47.70906890037041,1.0
4672.777645851417,Phoenix,Mostly,52.75642085903698,1.0
4696.253969872084,Phoenix,Clear,74.40331935793364,1.0
4706.079411212306,Phoenix,Sunny;Clear,58.74997520685697,1.0
4707.137597432231,Phoenix,Sunny;Clear,57.19825951910908,1.0
4711.719459631491,Phoenix,Sunny;Clear,41.91369864500502,1.0
4728.31215609201,Phoenix,Clear,77.83201552520495,1.0
4745.846666332602,Phoenix,Haze;Sunny;Mainly Sunny,48.476918688821534,1.0
4748.661273411565,Phoenix,Fair,52.66171694170384,1.0
4750.835832071343,Phoenix,Fair,55.47632402066674,1.0
4753.952204511194,Phoenix,Fair,56.581862199259234,1.0
4756.348673789417,Phoenix,Fair,55.47632402066674,1.0
4764.406860009344,Phoenix,Fair,76.30176536088895,1.0
4767.16328086838,Phoenix,Haze,79.9161303439262,1.0
4769.105094648454,Phoenix,Haze,76.14887522362989,1.0
4782.86151550749,Phoenix,Haze,44.32744879703685,1.0
4787.86151550749,Phoenix,Sunny;Clear,61.78862187938011,1.0
4798.745143067639,Phoenix,Cloudy;Haze;Mainly Cloudy;Unclear,81.546890340127,1.0
4799.977887947343,Phoenix,Hazy;Haze;Partly Cloudy;Fair,82.22673304848031,1.0
4832.290487569491,Phoenix,Clear;Sunny,85.42385900110067,1.0
4836.523232449194,Portland,Haze;Hazy Sunshine;Sunny;Clear,86.83060715145793,1.0
4838.87234976875,Portland,Sunny;Haze;Hazy,76.48206383459181,1.0
4840.221467088305,Portland,Sunny;Hazy;Haze,66.08602361765843,1.0
4842.094260387194,Portland,Sunny;Clear,55.1882379773828,1.0
4845.141612345861,Portland,Clear;Haze;Mostly Sunny,49.13149768384998,1.0
4855.850681246232,Portland,Clear,77.2541916736257,1.0
4871.385191486825,Portland,Fair,49.21107635718499,1.0
4880.861515507491,Portland,Overcast,81.40730353948146,1.0
4892.279653308232,Portland,Sunny;Clear,69.48044367553398,1.0
4896.105094648453,Portland,Clear;Sunny,68.45465549814804,1.0
4912.232301349565,Portland,Haze;Hazy,88.00000000000001,1.0
4921.941370249935,Portland,Haze;Cloudy,61.68740037785172,1.0
4934.465046229268,Portland,Haze,80.82544134022226,1.0
4936.639604889047,Portland,Fog,85.30176536088896,1.0
4943.58141866912,Portland,Haze,83.59269646051857,1.0
4944.814163548825,Portland,Haze,79.6508826804445,1.0
4948.988722208602,Portland,Haze,76.82544134022224,1.0
4958.523232449194,Portland,Clear;Sunny,58.22191061844435,1.0
4972.824997810084,Portland,Clear,81.76725512029633,1.0
4974.057742689789,Portland,Clear,81.94181378007409,1.0
4990.232301349565,San Antonio,Clean,61.22191061844436,1.0
5012.359508050676,San Antonio,Clean,48.269262577110936,1.0
5015.59225293038,San Antonio,Fair,43.73475233651829,1.0
5018.592252930381,San Antonio,Cloudy,65.6874003778517,1.0
5029.650439150308,San Antonio,Light Freezing Rain;Sleet;Freezing Rain,85.9418137800741,1.0
5040.824997810084,San Antonio,Mainly Cloudy;Mostly Cloudy;Not totally Cloudy;Partly;Cloudy,76.28009683837027,1.0
5050.88318403001,San Antonio,Mostly Cloudy;Mostly;Mainly Cloudy,80.88362756014817,1.0
5066.952204511194,San Antonio,Cloudy,54.51284171807396,1.0
5082.1849493908985,San Antonio,Mainly Cloudy,77.53451024059264,1.0
5103.253969872084,San Antonio,Freezing Rain;Light Freezing,83.42897206200014,1.0
5105.661273411566,San Antonio,Freezing Rain;Light Freezing Rain;Freezing,85.6508826804445,1.0
5106.71945963149,San Antonio,Freezing Drizzle;Freezing Rain;Light Freezing Drizzle;Light Freezing Drizzle Mist,86.00000000000001,1.0
5110.59225293038,San Antonio,Freezing Drizzle;Light Freezing;Light Freezing Drizzle Mist;Rain;Cloudy,86.83627560148159,1.0
5111.999556469862,San Antonio,Freezing Drizzle;Light Freezing Drizzle;Freezing Rain,91.48715828192609,1.0
5112.999556469862,San Antonio,Light Freezing Drizzle;Freezing Drizzle;Rain,85.18539292103712,1.0
5127.115928909714,San Antonio,Cloudy,85.9418137800741,1.0
5145.30132183075,San Antonio,Clear;Sunny,80.12720670111119,1.0
5159.486714751787,San Antonio,Partly Cloudy;Partly Sunny,67.2327448797037,1.0
5165.301321830751,San Antonio,Cloudy,56.97833147748132,1.0
5166.708625370232,San Antonio,Cloudy,56.45465549814804,1.0
5172.417694270603,San Antonio,Cloudy,65.69823463911106,1.0
5177.184949390898,San Antonio,Cloudy,65.69823463911106,1.0
5186.88318403001,San Diego,Overcast,56.57102793799988,1.0
5194.057742689787,San Diego,Overcast,63.69823463911107,1.0
5206.417694270602,San Diego,Rain,73.34911731955555,1.0
5209.301321830751,San Diego,Cloudy;Overcast,70.64004841918515,1.0
5213.1849493909,San Diego,Cloudy,58.39646927822211,1.0
5216.174115129639,San Diego,Cloudy,74.16372439851844,1.0
5242.719459631491,San Diego,Overcast,61.51284171807397,1.0
5249.126763170973,San Diego,Overcast,73.58186219925923,1.0
5253.348673789416,San Diego,Overcast,75.82544134022224,1.0
5275.883184030009,San Diego,Cloudy,70.29093109962962,1.0
5278.824997810084,San Diego,Cloudy;Mostly Cloudy,70.11637243985186,1.0
5282.708625370232,San Diego,Clear,74.70906890037041,1.0
5285.824997810083,San Diego,Clear,77.06902048118528,1.0
5290.650439150306,San Diego,Clear;Sunny;Fair,91.13804096237055,1.0
5297.650439150305,San Diego,Mainly Cloudy;Cloudy,70.17455865977777,1.0
5306.2431356108245,San Diego,Overcast,70.29093109962962,1.0
5310.1267631709725,San Diego,Fair,75.94181378007409,1.0
5315.126763170973,San Diego,Clean,81.59269646051855,1.0
5316.592252930379,San Diego,Fair,77.82544134022224,1.0
5329.2431356108245,San Diego,Not totally Cloudy,60.58186219925923,1.0
5335.894018291268,San Diego,Overcast,51.920145257555404,1.0
5337.2431356108245,San Diego,Partly Cloudy;Mostly Clear;Partly;Clear,49.61837989666644,1.0
5343.3013218307515,San Diego,Partly Cloudy;Not totally Cloudy,61.86195903762949,1.0
5352.475880490529,San Diego,Partly Cloudy;Not totally Cloudy;Partly;Partly Sunny,53.03651769740725,1.0
5357.883184030009,San Diego,Mostly Cloudy;Cloudy,47.73475233651829,1.0
5368.115928909713,San Diego,Partly Cloudy;Not totally Cloudy;Clear,62.6292141579258,1.0
5376.941370249936,San Francisco,Cloudy,68.51284171807396,1.0
5377.999556469861,San Francisco,Cloudy,68.16372439851843,1.0
5383.057742689787,San Francisco,Cloudy,55.327448797036844,1.0
5390.512398187935,San Francisco,Cloudy;Mostly Cloudy,57.03651769740724,1.0
5403.163280868381,San Francisco,Clean,62.10553817859252,1.0
5405.16328086838,San Francisco,Fair,67.58186219925923,1.0
5406.221467088306,San Francisco,A Clouds,64.8146070789629,1.0
5409.570584407861,San Francisco,Cloudy,65.04735195866658,1.0
5412.919701727416,San Francisco,Overcast,67.756420859037,1.0
5415.803329287563,San Francisco,Overcast with Haze,63.163724398518426,1.0
5416.803329287564,San Francisco,Overcast,56.39646927822212,1.0
5417.803329287564,San Francisco,Overcast,53.74558659777764,1.0
5422.908867466158,San Francisco,Overcast,54.57102793799988,1.0
5427.8398469849735,San Francisco,Partly Cloudy;Cloudy;Mostly Clear,64.75642085903698,1.0
5429.770826503787,San Francisco,Partly Cloudy;Mostly Cloudy;Scattered Clouds,61.825441340222234,1.0
5436.596267844009,San Francisco,Cloudy;Overcast,56.883627560148156,1.0
5450.421709184232,San Francisco,Light;Light Snow;Snow,85.06902048118528,1.0
5474.14161234586,San Francisco,Mostly Cloudy;Mainly Cloudy,72.70906890037041,1.0
5482.374357225566,San Francisco,Partly Sunny;Cloudy;Partly Cloudy;Sunny,46.52367597933329,1.0
5514.3270052668995,San Francisco,A Few Clouds,70.82544134022226,1.0
5518.374357225564,San Francisco,Mist/Fog,81.49799254318542,1.0
5521.945385163564,San Francisco,with Haze,79.48715828192606,1.0
5523.061757603417,San Francisco,Mist/Fog,82.3125996221483,1.0
5534.770826503786,San Francisco,Partly Cloudy;Partly,57.93097951881474,1.0
5539.643619802676,San Francisco,Cloudy,68.00000000000003,1.0
5546.410874922973,San Francisco,Snow;Light Snow;Flurries,84.37078584207423,1.0
5559.759992242527,San Francisco,Snow;Light Snow,85.6508826804445,1.0
5583.887198943638,San Francisco,Light Snow,91.18539292103712,1.0
5586.643619802677,San Francisco,Light Snow,91.53451024059265,1.0
5602.887198943638,San Francisco,Light Snow;Snow,80.53451024059265,1.0
5611.538081624084,San Francisco,Cloudy;Haze,83.61436498303726,1.0
5622.956219424824,San Jose,Cloudy;Haze,72.83627560148159,1.0
5625.712640283862,San Jose,Mostly Cloudy,64.64004841918513,1.0
5629.236316263194,San Jose,Partly Cloudy;Partly Sunny;Scattered Clouds;Scattered,56.17455865977778,1.0
5630.701806022603,San Jose,Partly Cloudy;Scattered Clouds;Partly Sunny;Not totally Cloudy,62.59269646051857,1.0
5654.352688703046,San Jose,Overcast with Haze,73.77808938155567,1.0
5667.770826503787,San Jose,Cloudy;Overcast,58.05818621992594,1.0
5670.712640283861,San Jose,Light Snow;Snow;Flurries,55.407303539481454,1.0
5688.363522964305,San Jose,Partly Cloudy;Not totally Cloudy;Mostly Clear,87.53451024059265,1.0
5693.247150524453,San Jose,Fog;Freezing Fog,99.30176536088896,1.0
5694.770826503786,San Jose,Fog;Foggy,98.71990316162974,1.0
5709.770826503785,San Jose,Mostly Cloudy,54.68740037785172,1.0
5711.469061142898,San Jose,Mostly Cloudy;Mostly,56.51284171807396,1.0
5755.792495026305,San Jose,Cloudy;Sleet;Light Sleet;Fog And Mist;Light Snow;Light Snow Mist,91.35995158081488,1.0
5758.792495026305,San Jose,Light Snow;Flurries;Snow,91.18539292103712,1.0
5769.665288325194,San Jose,Cloudy;Overcast,75.66171694170382,1.0
5774.6071021052685,San Jose,Cloudy;Overcast,74.11637243985186,1.0
5788.967053686083,San Jose,Clear,83.53451024059265,1.0
5805.385191486824,Seattle,Clear;Sunny,44.03651769740724,1.0
5807.617936366529,Seattle,Not totally Cloudy;Scattered Clouds;Mostly Sunny;Partly Cloudy,50.92014525755541,1.0
5816.44337770675,Seattle,Mostly Cloudy;Cloudy,74.82544134022226,1.0
5828.152446607121,Seattle,Cloudy,71,1.0
5833.2688190469735,Seattle,Fair,67.58186219925923,1.0
5845.977887947343,Seattle,Overcast,76.23274487970369,1.0
5852.803329287567,Seattle,Cloudy;Overcast,73.58186219925923,1.0
5856.385191486823,Seattle,Cloudy,70.756420859037,1.0
5861.02523990601,Seattle,Cloudy,78.69823463911106,1.0
5871.665288325195,Seattle,Drizzle;Overcast;Showers;Mist,92.76725512029635,1.0
5873.305336744379,Seattle,Fog;Overcast;Mist,91.8362756014816,1.0
5876.945385163564,Seattle,Drizzle;Light Drizzle;Showers,98.25441340222238,1.0
5878.585433582752,Seattle,Drizzle;Light Drizzle;Showers,100.00000000000001,1.0
5881.7018060226,Seattle,Fog,98.95264804133343,1.0
5887.992737122229,Seattle,Mostly Cloudy;Mostly,58.33828305829619,1.0
5891.934550902306,Seattle,Overcast,76.5818621992592,1.0
5901.58543358275,Seattle,Mist/Light Rain Fog,95.59269646051857,1.0
5913.945385163564,Seattle,Mist/Fog,88.82544134022224,1.0
5921.469061142898,Seattle,Cloudy,58.86195903762947,1.0
5925.050923342156,Seattle,Cloudy,63.86195903762947,1.0
5930.050923342157,Seattle,Cloudy,71.39646927822211,1.0
5933.5745993214905,Seattle,Cloudy,72.87279329888884,1.0
5942.632785541416,Seattle,Cloudy,66.86195903762949,1.0
5967.981902860973,Washington,Overcast,70.23274487970369,1.0
5973.389206400453,Washington,Overcast,64.94181378007409,1.0
5980.098275300825,Washington,A Few Clouds,52.04735195866658,1.0
6021.527247362825,Washington,Clear;Sunny,51.396469278222106,1.0
6058.374357225565,Washington,Fair,42.15289013725909,1.0
6088.559750146604,Washington,Cloudy;Partly Cloudy;Scattered Clouds,40.629214157925794,1.0
6092.501563926677,Washington,Mostly Cloudy;Mainly Cloudy,40.338283058296184,1.0
6096.385191486825,Washington,Cloudy,44.57102793799988,1.0
6097.443377706752,Washington,Cloudy,50.221910618444355,1.0
6114.512398187936,Washington,Clear;Sunny,50.221910618444355,1.0
6119.919701727416,Washington,Sunny;Clear,37.7090689003704,1.0
6122.803329287564,Washington,Clear;Sunny,30.11637243985185,1.0
6137.490729665417,Washington,Clear,59.37078584207423,1.0
6140.01440564475,Washington,Clear,61.69823463911107,1.0
6152.188964304529,Washington,Overcast,54.941813780074085,1.0
6161.72347454512,Washington,Fair,61.290931099629624,1.0
6175.199798565788,Washington,Clear,39.74558659777763,1.0
6189.792495026306,Washington,Clear,51.45465549814803,1.0
6200.887198943639,Washington,Mainly Cloudy;Cloudy,42.18539292103711,1.0
6209.538081624083,Washington,Mainly Cloudy,37.82544134022224,1.0
6215.30533674438,Washington,Fair,45.52367597933329,1.0
6221.130778084603,Washington,Fair,47.523675979333284,1.0
6228.188964304529,Washington,Mostly Cloudy,45.98916573874066,1.0
6233.898033204899,Washington,Mostly Cloudy,41.28009683837027,1.0
6239.770826503787,Washington,Mostly Cloudy,54.46548975940738,1.0
6246.479895404158,Washington,Light Snow;Flurries;Snow,91.19622718229648,1.0
6252.363522964304,Washington,Cloudy;Light Snow;Overcast,91.07985474244464,1.0
6266.014405644751,Washington,Mostly Cloudy;Mainly Cloudy,63.60353072177791,1.0
6270.59626784401,Washington,Cloudy;Overcast,59.407303539481454,1.0
6271.712640283864,Washington,Overcast,55.70906890037041,1.0
6279.305336744379,Washington,Mist/Light Snow Fog,89.32343388340766,1.0
6293.607102105269,Washington,Mainly Cloudy,76.43980632325949,1.0
6294.6652883251945,Washington,Mostly Cloudy,67.90529608266685,1.0
6311.490729665418,Washington,Snow;Light Snow;Flurries,82.37078584207423,1.0
6313.898033204898,Washington,Snow;Light Snow;Light,77.89446182140752,1.0
6319.6071021052685,Washington,Snow;Overcast,89.19622718229647,1.0
6326.898033204899,Washington,Fog;Foggy;Light Freezing;Light Freezing Rain,96.27608192474105,1.0
6404.290487569491,Washington,Cloudy,75.65088268044448,1.0
6405.5814186691205,Washington,Cloudy,77.90529608266687,1.0
6412.348673789416,Washington,Cloudy;Overcast,64.90529608266685,1.0
6416.290487569491,Washington,Cloudy;Overcast,72.73073742288909,1.0
6419.348673789415,Washington,Cloudy;Overcast,91.32343388340763,1.0
6455.253969872084,Washington,Cloudy;Light Rain,83.07985474244462,1.0
6457.592252930379,Washington,Cloudy;Light Rain,84.3599515808149,1.0
6459.115928909713,Washington,Rain;Light Rain,86.25441340222238,1.0
6489.312156092009,Washington,Freezing Rain;Overcast,65.53451024059264,1.0
6559.239120697196,Washington,Fog;Overcast,89.79975790407437,1.0
6561.170100216012,Washington,Fog;Overcast;Dense Fog,91.12720670111119,1.0
6614.959023858824,Washington,Clear,39.29093109962961,1.0
6618.842651418973,Washington,Cloudy;Sunny;Mostly Cloudy,43.64004841918514,1.0
6640.620740800529,Washington,Clear;Sunny,54.11637243985186,1.0
6663.398830182084,Washington,Clean,53.174558659777766,1.0
6669.107899082454,Washington,Fair,62.59269646051857,1.0
6678.049712862529,Washington,A Few Clouds,53.454655498148036,1.0
6679.107899082454,Washington,A Clouds,50.03651769740725,1.0
6680.16608530238,Washington,A Few Clouds,49.80377281770357,1.0
6681.864319941494,Washington,Few Clouds,43.88362756014816,1.0
6704.758781762901,Washington,Cloudy;Clear,43.93097951881475,1.0
6711.991526642603,Washington,Cloudy;Overcast,43.385635016962766,1.0
6720.526036883196,Washington,Light Snow;Snow,79.17455865977779,1.0
6730.03887860127,Washington,Cloudy;Overcast,50.97833147748133,1.0
6738.74794750164,Washington,Clear;Not totally Cloudy;Mostly Clear,54.97833147748132,1.0
6753.933340422676,Washington,Sunny;Clear,39.152890137259085,1.0
6778.478684924529,Washington,Mostly,62.058186219925915,1.0
6781.362312484678,Washington,Cloudy,58.59269646051856,1.0
6783.362312484677,Washington,Overcast,62.952648041333426,1.0
6788.7114298042325,Washington,Partly Cloudy,47.80377281770356,1.0
6797.176919563641,Washington,Cloudy,63.01083426125935,1.0
6801.526036883195,Washington,Mostly Cloudy;Mainly Cloudy;Clear;Sunny,43.327448797036844,1.0
6816.351478223418,Washington,Clear;Mostly Clear;Partly,68.17455865977779,1.0
6819.409664443345,Washington,Mainly Cloudy;Partly Cloudy,73.59269646051857,1.0
6830.758781762899,Washington,Cloudy;Overcast,46.560193676740525,1.0
6833.224271522307,Washington,Cloudy,48.698234639111064,1.0
6841.457016402011,Washington,Partly Cloudy,69.69823463911108,1.0
6843.45701640201,Washington,Partly Cloudy,69.98916573874067,1.0
6846.689761281715,Washington,Partly Cloudy,72.69823463911108,1.0
6856.166085302382,Washington,Overcast,50.80377281770357,1.0
6858.2824577422325,Washington,Overcast,42.15289013725909,1.0
6862.63157506179,Washington,Overcast,40.98916573874067,1.0
6874.806133721566,Washington,Light Snow;Snow;Flurries,92.3599515808149,1.0
6875.806133721567,Washington,Light Snow;Snow;Flurries,92.3599515808149,1.0
6882.387995920826,Washington,Light Snow;Flurries;Snow,91.07985474244464,1.0
6893.144416779863,Washington,Partly Cloudy;Not totally Cloudy;Not totally Sunny,68.6035307217779,1.0
6894.260789219715,Washington,Not totally Cloudy;Partly Sunny;Partly;Partly Cloudy,65.48715828192607,1.0
6917.980692381345,Washington,Mist/Fog,86.6035307217779,1.0
6926.155251041122,Washington,Mostly Cloudy,63.396469278222106,1.0
6937.155251041123,Washington,Not totally Cloudy;Partly Cloudy;Partly,88.1853929210371,1.0
6941.504368360678,Washington,Partly Sunny;Partly Cloudy;Cloudy;Scattered Clouds,74.40730353948146,1.0
6945.31897543964,Washington,Partly Cloudy;Mostly Cloudy;Not totally Cloudy;Scattered Clouds,57.70906890037041,1.0
6953.726278979122,Washington,Partly Cloudy;Cloudy;Clear,38.443821236888695,1.0
6967.2499549584545,Washington,Partly Cloudy;Mostly Clear;Sunny;Mainly Sunny,73.69823463911108,1.0
6970.191768738529,Washington,Partly Cloudy;Clear;Not totally Cloudy,76.5818621992592,1.0
6972.133582518603,Washington,Mostly Cloudy;Mainly Cloudy;Mostly;Clear,73.756420859037,1.0
6981.726278979121,Washington,Mostly Cloudy;Mainly Cloudy;Sunny,37.14205587599975,1.0
6985.551720319343,Washington,Clean,40.25842831585158,1.0
7001.620740800529,Washington,A Few Clouds,76.5818621992592,1.0
7003.377161659567,Washington,Not totally Cloudy,74.69823463911108,1.0
7012.017210078751,Washington,Cloudy,45.21107635718501,1.0
7017.599072278011,Washington,Partly Cloudy;Sunny;Not totally Cloudy,44.39646927822211,1.0
7022.599072278011,Washington,Partly Cloudy;Mainly Sunny;Mostly Clear,58.76725512029632,1.0
7036.784465199049,Washington,Mostly Cloudy;Mainly Cloudy;Mostly,55.9418137800741,1.0
7040.900837638901,Washington,Mostly Cloudy;Mainly Cloudy;Sunny,38.629214157925794,1.0
7042.133582518602,Washington,Mainly Cloudy;Mostly Cloudy;Intermittent,36.74558659777763,1.0
7043.599072278011,Washington,Cloudy;Mostly Cloudy,35.221910618444355,1.0
7060.959023858826,Washington,Clear;Sunny,73.35995158081488,1.0
7067.366327398307,Washington,Mostly Cloudy;Mostly;Intermittent Clouds,76.76725512029633,1.0
7070.366327398307,Washington,Mostly Cloudy;Cloudy;Mainly Cloudy,57.75642085903698,1.0
7073.424513618233,Washington,Mostly Cloudy;Mostly;Not totally Sunny,41.93097951881474,1.0
7074.4826998381595,Washington,Not totally Cloudy;Scattered Clouds;Mostly Cloudy;Not totally Sunny;Mostly,40.97833147748132,1.0
7084.588238016753,Washington,Cloudy;Overcast,41.163724398518426,1.0
7089.6464242366765,Washington,Not totally Cloudy;Cloudy;Partly Cloudy,69.2327448797037,1.0
7094.530051796825,Washington,Cloudy;Partly Cloudy,79.76725512029634,1.0
7109.995541556234,Washington,Mostly Cloudy,64.34911731955553,1.0
7112.053727776159,Washington,Few Clouds,69.05818621992594,1.0
7113.228286435936,Washington,A Few Clouds,72.17455865977779,1.0
7129.413679356974,Washington,Cloudy,39.385635016962766,1.0
7133.4718655768975,Washington,Mostly Cloudy;Mostly;Mainly Cloudy,39.31661453577751,1.0
7166.842651418973,Washington,Mainly Cloudy,53.98916573874067,1.0
7168.3081411783805,Washington,Overcast,60.58186219925923,1.0
7181.72627897912,Washington,Partly Cloudy,40.211076357185,1.0
7190.493534099419,Washington,Mostly Cloudy;Intermittent Clouds,32.08386965607382,1.0
7199.028044340011,Washington,Cloudy,60.10553817859251,1.0
7200.726278979121,Washington,Cloudy,62.825441340222255,1.0
7204.900837638899,Washington,Cloudy,63.18539292103711,1.0
7206.842651418973,Washington,Cloudy,62.06902048118529,1.0
7217.551720319343,Washington,Mostly Cloudy;Mostly;Mainly Cloudy;Not totally Sunny,29.861959037629486,1.0
7219.017210078752,Washington,Mostly Cloudy;Sunny;Mainly Cloudy,30.280096838370273,1.0
7226.842651418973,Washington,Mostly Cloudy,61.01083426125935,1.0
7236.842651418974,Washington,Overcast,65.7090689003704,1.0
7264.678927020455,Washington,Cloudy;Overcast,63.2327448797037,1.0
7269.446182140752,Washington,Mostly Cloudy;Cloudy,75.47632402066672,1.0
7276.329809700901,Washington,Partly Cloudy;Scattered Clouds;Mostly Clear,89.73073742288909,1.0
7282.329809700899,Washington,Not totally Cloudy;Cloudy;Partly Cloudy,90.78892364281502,1.0
7301.922506161418,Washington,Mainly Cloudy,76.06902048118526,1.0
7304.864319941491,Washington,Mainly Cloudy,76.4181378007408,1.0
7310.573388841863,Washington,Mainly Cloudy,76.24357914096304,1.0
7315.457016402011,Washington,Fog,97.90529608266685,1.0
7316.573388841863,Washington,Fog,91.48715828192609,1.0
7328.991526642602,Washington,Lt Rain,85.54534450185199,1.0
7336.584223103122,Washington,Light Rain;Rain;Cloudy,77.60353072177791,1.0
7350.769616024159,Washington,Cloudy;Overcast,79.31259962214831,1.0
7363.245940044825,Washington,Cloudy,80.31259962214828,1.0
7371.013195165122,Washington,Cloudy,91.31259962214833,1.0
7381.4313329658635,Washington,Fog;Overcast;Mist,97.788923642815,1.0
7382.780450285418,Washington,Fog;Overcast;Mist,97.4979925431854,1.0
7397.722264065492,Washington,Cloudy;Mostly Cloudy,85.05818621992593,1.0
7425.547705405715,Washington,Lt Rain,86.18539292103712,1.0
7438.256774306085,Washington,Cloudy;Overcast,66.71990316162977,1.0
7446.7696160241585,Washington,Light Rain;Light;Rain,91.71990316162977,1.0
7458.245940044824,Washington,Cloudy,92.47632402066674,1.0
7459.304126264753,Washington,Mostly Cloudy,92.30176536088898,1.0
7470.664077845566,Washington,Mostly Cloudy;Mainly Cloudy,79.29093109962963,1.0
7480.780450285419,Washington,Overcast,90.90529608266687,1.0
7493.256774306085,Washington,Mostly Cloudy,95.3125996221483,1.0
7496.489519185788,Washington,Not totally Cloudy,88.82544134022224,1.0
7500.071381385048,Washington,Mostly Cloudy,86.00000000000001,1.0
7520.362312484678,Washington,Cloudy,92.00000000000003,1.0
7522.362312484677,Washington,Cloudy;Overcast,79.756420859037,1.0
7527.118733343716,Washington,Cloudy;Overcast,87.59269646051857,1.0
7554.955008945197,Washington,Rain,86.9418137800741,1.0
7566.955008945197,Washington,Cloudy;Light Rain;Rain;Showers,89.06902048118526,1.0
7572.722264065492,Washington,Rain;Severe Rain,85.66171694170383,1.0
7576.664077845566,Washington,Scattered Clouds;Showers;Mostly;Mainly Cloudy;Partly Cloudy;Mostly Cloudy;Cloudy,74.83627560148159,1.0
7584.256774306085,Washington,Cloudy,80.8944618214075,1.0
7617.674912106824,Washington,Overcast,81.59269646051855,1.0
7624.140401866235,Washington,Mist/Fog,84.37078584207423,1.0
7628.082215646307,Washington,Mist/Fog,87.02166852251868,1.0
7642.314960526011,Washington,Mist/Light Drizzle Fog,96.47632402066672,1.0
7650.140401866233,Washington,Partly Sunny;Scattered Clouds;Clear;Fair;Sunny,57.618379896666454,1.0
7660.558539666973,Washington,Clear,67.97833147748132,1.0
7663.314960526012,Washington,Clear,70.89446182140752,1.0
7685.976677467715,Washington,Clear,73.83627560148159,1.0
7697.187753824901,Washington,Cloudy;Overcast,88.23274487970369,1.0
7709.605891625642,Washington,Cloudy;Overcast,81.64004841918513,1.0
7717.722264065492,Washington,Rain;Light Rain,94.89446182140752,1.0
7724.605891625642,Washington,Rain;Light Rain,94.71990316162976,1.0
7732.071381385048,Washington,Cloudy;Overcast;Rain;Mist,99.06902048118528,1.0
7750.955008945196,Washington,Mist/Light Rain Fog,90.03250278377806,1.0
7765.19858808616,Washington,Mist;Fog;Showers,93.26524766348174,1.0
7772.314960526012,Washington,Mist;Showers;Cloudy,94.77808938155567,1.0
7776.780450285418,Washington,Mist;Fog;Showers,90.4141228871116,1.0
7779.896822725271,Washington,Mist;Fog;Showers,94.31259962214833,1.0
7789.129567604975,Washington,Cloudy;Hazy,84.47632402066674,1.0
7802.722264065494,Washington,Mist/Light Drizzle Fog,91.8362756014816,1.0
7805.722264065493,Washington,Light Drizzle,95.42897206200014,1.0
7819.140401866234,Washington,Mist/Fog,85.53451024059265,1.0
7821.60589162564,Washington,Mist/Fog,89.23274487970369,1.0
7833.90765698653,Washington,Rain;Light Rain,93.00000000000003,1.0
7843.500353447047,Washington,Rain,96.23274487970372,1.0
7851.093049907567,Washington,Rain;Light,92.46548975940739,1.0
7852.20942234742,Washington,Rain;Light Rain,96.23274487970372,1.0
7863.860305027863,Washington,Mist/Light Rain Fog,90.90529608266687,1.0
7872.569373928233,Washington,Mist/Rain Fog,94.8362756014816,1.0
7876.918491247789,Washington,Mist/Light Rain Fog,96.00000000000003,1.0
7892.7439325880105,Washington,Mostly Cloudy;Mainly Cloudy;Intermittent Clouds;Cloudy,77.69823463911105,1.0
7909.162070388752,Washington,Not totally Cloudy;Partly Cloudy;Mostly Clear,75.83627560148159,1.0
7918.754766849271,Washington,Haze;Fair;Hazy;Intermittent Clouds;Mostly Cloudy,80.83627560148159,1.0
7920.929325509048,Washington,Mostly;Fair;Hazy;Mainly Cloudy;Intermittent;Mostly Cloudy,81.30176536088895,1.0
7922.987511728974,Washington,Haze;Intermittent Clouds;Mostly Cloudy,81.4181378007408,1.0
7961.183738911271,Washington,Mostly Cloudy,66.88362756014817,1.0
7978.64922867068,Washington,Clear;Mostly;Hazy,84.1272067011112,1.0
7981.765601110529,Washington,Fog;Partly Cloudy;Clear;Fog And Mist,84.77808938155567,1.0
7985.940159770307,Washington,Mostly Cloudy;Not totally Cloudy;Fog And Mist;Mainly Cloudy;Intermittent Clouds;Partly,80.19622718229645,1.0
7994.093049907568,Washington,Not totally Cloudy;Partly Cloudy;Scattered Clouds;Cloudy;Mainly Sunny,61.30176536088895,1.0
7997.304126264752,Washington,Partly Cloudy;Cloudy;Mostly Sunny;Mostly Cloudy;Scattered;Scattered Clouds,65.42897206200016,1.0
8010.409664443342,Washington,Partly Cloudy;Partly;Clouds,74.788923642815,1.0
8021.9441746839375,Washington,Haze;Partly Cloudy;Mostly Cloudy,79.4979925431854,1.0
8026.885988464013,Washington,Haze;Partly Sunny;Cloudy,76.90529608266687,1.0
8029.769616024158,Washington,Not totally Cloudy;Partly Sunny;Partly Cloudy,63.12720670111119,1.0
8035.526036883196,Washington,Partly Cloudy;Partly Sunny;Not totally Cloudy,70.66171694170384,1.0
8045.235105783567,Washington,Not totally Cloudy;Mostly;Cloudy,74.73073742288909,1.0
8052.002360903864,Washington,Haze;Cloudy;Mostly Cloudy,74.26524766348172,1.0
8055.58422310312,Washington,Mostly Cloudy,61,1.0
8057.584223103121,Washington,A Few Clouds,71.3599515808149,1.0
8060.166085302382,Washington,A Few Clouds,71.01083426125936,1.0
8061.689761281714,Washington,A Few,76.06902048118526,1.0
8067.213437261045,Washington,Partly Cloudy,79.43980632325948,1.0
8069.9698581200855,Washington,A Few Clouds,75.42897206200014,1.0
8083.678927020455,Washington,Mostly Cloudy;Cloudy;Mainly Cloudy,70.31259962214831,1.0
8095.504368360678,Washington,Haze;Partly Cloudy;Fair;Hazy,79.43980632325948,1.0
8097.737113240381,Washington,Cloudy;Haze,77.9634823025928,1.0
8105.620740800531,Washington,Haze;Intermittent Clouds;Mostly Cloudy,79.96348230259277,1.0
8112.6207408005275,Washington,Mostly Cloudy;Mainly Cloudy,62.8944618214075,1.0
8128.038878601271,Washington,Haze,77.67255120296318,1.0
8131.155251041119,Washington,Overcast,72.83627560148159,1.0
8141.922506161418,Washington,Mostly Cloudy,65.6874003778517,1.0
8150.74794750164,Washington,Mostly Cloudy,77.93097951881474,1.0
8163.806133721565,Washington,Cloudy;Haze;Partly Cloudy,81.95264804133343,1.0
8168.7479475016435,Washington,Cloudy;Haze;Mainly Cloudy,75.95264804133343,1.0
8173.5152026219375,Washington,Cloudy;Mostly Cloudy,66.35995158081488,1.0
8181.5152026219375,Washington,Mostly Cloudy,75.98916573874067,1.0
8186.155251041121,Washington,Overcast,78.05818621992593,1.0
8201.282457742233,Washington,Overcast,73.76725512029633,1.0
8208.864319941493,Washington,Cloudy;Mostly;Overcast,88.7090689003704,1.0
8224.04971286253,Washington,Mostly Cloudy;Cloudy;Mainly Cloudy,66.75642085903698,1.0
8253.595057364382,Washington,Mostly Cloudy;Mainly Cloudy,82.52367597933329,1.0
8254.944174683937,Washington,Mostly Cloudy;Cloudy,83.04735195866658,1.0
8261.540886058086,Washington,Mostly Cloudy;Mainly Cloudy,79.76725512029634,1.0
8295.504368360676,Washington,Light Rain;Showers;Cloudy,64.93097951881474,1.0
8297.795299460306,Washington,Light Rain;Showers,87.71990316162974,1.0
8298.969858120085,Washington,Cloudy;Rain;Overcast,91.01083426125935,1.0
8301.969858120086,Washington,Rain;Cloudy;Overcast,88.34911731955553,1.0
8308.890003377639,Washington,Partly Cloudy;Mostly Cloudy;Not totally Cloudy,95.35995158081488,1.0
8315.540886058085,Washington,Partly Cloudy;Mostly Cloudy,92.53451024059267,1.0
8316.540886058085,Washington,Mostly Cloudy;Mostly;Mainly Cloudy,92.70906890037043,1.0
8324.99554155623,Washington,Mostly Cloudy;Cloudy,81.06902048118526,1.0
8330.243135610825,Washington,Mostly Cloudy;Mostly;Not totally Cloudy,82.64004841918513,1.0
8332.1849493909,Washington,Partly;Partly Sunny;Scattered Clouds,77.87279329888882,1.0
8336.385191486825,Washington,Partly Cloudy;Scattered Clouds;Partly,70.07985474244462,1.0
8340.385191486825,Washington,Partly Cloudy;Partly,86.32343388340763,1.0
8342.665288325194,Washington,Partly Cloudy;Not totally Cloudy;Cloudy,86.96348230259277,1.0
8346.88719894364,Washington,Partly Cloudy;Not totally Cloudy,90.67255120296318,1.0
8377.374357225564,Washington,Mostly Cloudy;Mainly Cloudy;Mostly,80.8944618214075,1.0
8378.839846984973,Washington,Not totally Cloudy;Mostly Cloudy;Cloudy;Mostly,80.25441340222237,1.0
8381.72347454512,Washington,Mostly Cloudy;Cloudy;Intermittent Clouds,82.84710986274095,1.0
8414.745143067637,Washington,Cloudy,65.89446182140752,1.0
8415.74514306764,Washington,Cloudy,61.894461821407525,1.0
8442.570584407862,Washington,Cloudy;Mainly Cloudy,77.84710986274095,1.0
8443.919701727418,Washington,Cloudy,74.90529608266685,1.0
8477.406860009345,Washington,Mostly Cloudy;Mainly Cloudy,79.9418137800741,1.0
8479.755977328898,Washington,Cloudy;Overcast,80.07985474244461,1.0
8483.105094648454,Washington,Mostly Cloudy;Cloudy,81.25441340222238,1.0
8485.919701727418,Washington,Mostly Cloudy;Mostly,85.03250278377804,1.0
8488.374357225564,Washington,Mostly Cloudy;Not totally Cloudy;Partly,87.42897206200013,1.0
8546.941370249937,Washington,Cloudy;Mostly Cloudy,91.02166852251871,1.0
8576.253969872085,Washington,Mostly Cloudy;Cloudy,91.31259962214833,1.0
8587.846666332603,Washington,Cloudy,59.18539292103713,1.0
8589.253969872085,Washington,Mostly Cloudy,60.2327448797037,1.0
8592.31215609201,Washington,Mostly,58.89446182140752,1.0
8595.068576951047,Washington,Mainly Cloudy,60.46548975940738,1.0
8601.835832071345,Washington,Mostly,85.30176536088896,1.0
8674.995541556233,Washington,Partly Cloudy;Mainly Cloudy;Partly Sunny;Cloudy,75.07985474244461,1.0
8680.762796676527,Washington,Cloudy;Mostly,51.767255120296326,1.0
8684.99554155623,Washington,Cloudy,79.3599515808149,1.0
8692.646424236676,Washington,Cloudy;Not totally Cloudy,91.60353072177793,1.0
8699.413679356974,Washington,Clear;Cloudy,88.01083426125935,1.0
8704.704610456605,Washington,Mainly Cloudy,70.66171694170384,1.0
8719.89000337764,Washington,Fair,86.14887522362987,1.0
8725.773630937789,Washington,Cloudy;Overcast,50.35995158081487,1.0
8741.540886058086,Washington,Cloudy;Mainly Cloudy;Scattered Clouds,82.64004841918513,1.0
8750.075396298678,Washington,Cloudy;Overcast,86.40730353948146,1.0
8754.19176873853,Washington,Cloudy;Overcast,70.39646927822211,1.0
8792.446182140753,Washington,Cloudy,79.41813780074081,1.0
8796.271623480972,Washington,Partly Cloudy;Cloudy;Not totally Cloudy,91.48715828192609,1.0
8805.260789219714,Washington,Partly Cloudy;Not totally Cloudy,92.70906890037043,1.0
8806.668092759195,Washington,Clear;Mist;Not totally Cloudy,97.788923642815,1.0
8810.133582518602,Washington,Cloudy;Mainly Cloudy,92.76725512029635,1.0
8816.959023858828,Washington,Not totally Cloudy;Partly;Cloudy,59.87279329888882,1.0
8838.795299460307,Washington,Mostly,93.78892364281502,1.0
8845.853485680233,Washington,Partly,60.48715828192605,1.0
8852.260789219716,Washington,Fair,50.39646927822212,1.0
8859.028044340012,Washington,Mostly Cloudy;Cloudy;Mainly Cloudy,71.29093109962963,1.0
8880.806133721566,Washington,Cloudy,86.18539292103712,1.0
8883.271623480974,Washington,Cloudy;Scattered Clouds;Mostly Cloudy;Mainly Cloudy,83.9161303439262,1.0
8889.15525104112,Washington,Clear;Cloudy,84.09068900370396,1.0
8892.969858120085,Washington,Mostly Cloudy;Cloudy;Fog,92.01083426125936,1.0
8893.969858120083,Washington,Cloudy;Partly;Scattered Clouds;Partly Cloudy,86.24357914096304,1.0
8909.504368360678,Washington,Overcast,74.07985474244461,1.0
8912.620740800528,Washington,Overcast,74.07985474244461,1.0
8915.737113240382,Washington,Mostly Cloudy,84.42897206200014,1.0
8924.144416779862,Washington,Fair,87.07985474244461,1.0
8941.329809700901,Washington,Cloudy,76.55617876311133,1.0
8954.573388841864,Washington,Light Rain;Showers,89.62519924429661,1.0
8957.45701640201,Washington,Cloudy;Light;Light Rain,83.9161303439262,1.0
8965.097064821197,Washington,Light Rain;Rain,86.24357914096304,1.0
8968.271623480972,Washington,Cloudy;Overcast,86.41813780074081,1.0
8973.15525104112,Washington,Cloudy;Overcast,90.90529608266687,1.0
8996.875154202753,Washington,Mostly Cloudy;Mainly Cloudy;Cloudy,73.96348230259277,1.0
9011.060547123789,Washington,Cloudy;Mainly Cloudy,84.2070614435558,1.0
9017.235105783568,Washington,Mostly Cloudy,74.84710986274094,1.0
9020.35147822342,Washington,Overcast,85.01083426125936,1.0
9030.060547123789,Washington,Rain,85.6508826804445,1.0
9036.584223103122,Washington,Cloudy,87.54534450185197,1.0
9038.584223103124,Washington,Cloudy,85.95264804133343,1.0
9046.176919563639,Washington,Cloudy;Light Rain;Overcast,85.18539292103712,1.0
9053.7587817629,Washington,Light Rain;Showers,84.09068900370396,1.0
9065.293292003491,Washington,Partly Cloudy;Mostly Cloudy;Not totally Cloudy;Clouds,84.03250278377804,1.0
9082.398830182085,Washington,Overcast,84.07985474244462,1.0
9109.76961602416,Washington,Mostly Cloudy;Mainly Cloudy;Intermittent,65.65088268044448,1.0
9111.526036883195,Washington,Not totally Cloudy;Scattered Clouds;Intermittent Clouds;Partly Cloudy,69.07985474244462,1.0
9117.700595542974,Washington,Mostly Cloudy;Mainly Cloudy,73.26524766348172,1.0
9123.875154202753,Washington,Cloudy;Light Rain,85.37078584207421,1.0
9135.235105783568,Washington,Light Rain;Showers,91.2544134022224,1.0
9138.293292003493,Washington,Mostly Cloudy,61.17455865977778,1.0
9139.351478223422,Washington,Mainly Cloudy,61.11637243985186,1.0
9155.060547123789,Washington,Partly Cloudy,82.6251992442966,1.0
9166.420498704603,Washington,Partly Cloudy;Scattered Clouds;Clear,41.243579140963035,1.0
9179.129567604974,Washington,Cloudy;Overcast,39.396469278222106,1.0
9182.536871144455,Washington,Cloudy;Overcast,36.80377281770355,1.0
9190.816967982826,Washington,Clear;Overcast;Partly Cloudy;Scattered Clouds,44.163724398518426,1.0
9195.816967982824,Washington,Partly Cloudy;Overcast,58.105538178592504,1.0
9208.467850663274,Washington,Mostly Cloudy;Mostly;Sunny;Intermittent Clouds,49.61837989666644,1.0
9212.584223103124,Washington,Cloudy;Overcast,41.20024209592566,1.0
9238.235105783564,Washington,Mainly Cloudy,50.6292141579258,1.0
9258.187753824897,Washington,Cloudy;Overcast,40.26926257711092,1.0
9265.129567604976,Washington,Cloudy;Overcast,44.03651769740724,1.0
9271.071381385049,Washington,Snow;Light Rain,80.22191061844435,1.0
9275.838636505347,Washington,Snow;Light Rain;Light,74.16372439851844,1.0
9280.362312484676,Washington,Snow;Light Snow;Light Rain,79.46548975940739,1.0
9308.140401866232,Washington,Sunny;Clear,33.792938556444206,1.0
9310.89682272527,Washington,Sunny;Clear;Overcast,32.96749721622198,1.0
9313.536871144457,Washington,Cloudy;Light Rain;Mainly Cloudy,63.163724398518426,1.0
9320.595057364382,Washington,Cloudy;Overcast,63.803772817703546,1.0
9351.373146745937,Washington,Fair,56.67656611659238,1.0
9369.32579478727,Washington,Mostly Cloudy;Mainly Cloudy;Light Rain,70.80377281770357,1.0
9376.791284546678,Washington,Cloudy;Overcast,74.64004841918513,1.0
9379.362312484678,Washington,Cloudy;Overcast,70.0473519586666,1.0
9392.362312484678,Washington,Mostly,35.978331477481326,1.0
9402.187753824901,Washington,Mostly,67.57102793799987,1.0
9403.827802244086,Washington,Mostly Cloudy,70.39646927822211,1.0
9406.711429804236,Washington,Mostly Cloudy,76.0473519586666,1.0
9438.489519185789,Washington,Overcast;Light Snow;Flurries;Cloudy,84.6508826804445,1.0
9440.013195165122,Washington,Cloudy;Overcast,86.40730353948146,1.0
9443.595057364382,Washington,Fog;Overcast;Mist;Light Fog;Fog And Mist,87.58186219925922,1.0
9444.711429804234,Washington,Fog;Light Fog;Fog And Mist;Light Snow;Scattered Clouds;Light Snow Mist,87.11637243985184,1.0
9445.827802244086,Washington,Fog;Cloudy;Overcast;Mostly Cloudy;Mainly Cloudy,85.05818621992593,1.0
9447.933340422678,Washington,Cloudy;Haze;Overcast,78.8146070789629,1.0
9453.700595542976,Washington,Cloudy;Overcast;Light,62.98916573874066,1.0
9470.885988464011,Washington,Mist/Fog,85.17455865977777,1.0
448.11374817203654,Austin,Rain,93.75799718,1.0
451.6374241513699,Austin,Rain,95.35747527,1.0
456.6956103712958,Austin,Rain,99.85597987,1.0
459.75379659122166,Austin,Cloudy,80.03415066,1.0
471.521051711518,Austin,Cloudy,81.48832604,1.0
479.15026586944373,Austin,Cloudy,79.31755889,1.0
483.2666383092957,Austin,Cloudy,79.35060168,1.0
486.32482452922153,Austin,Cloudy,85.39001802,1.0
488.0812453882585,Austin,Cloudy,87.01744313,1.0
492.3139902679622,Austin,Cloudy,91.90191549,1.0
499.5467351476659,Austin,Cloudy,82.5142044,1.0
509.0812453882585,Austin,Overcast,84.18050074372562,1.0
539.6739418487771,Austin,Cloudy,68.03302461,1.0
552.4411969690734,Austin,Sunny,67.23131057,1.0
560.732128068703,Austin,Sunny,58.41671257,1.0
578.1502658694437,Austin,Cloudy,85.94285724,1.0
580.4411969690734,Austin,Cloudy,93.08269049,1.0
593.0920796495179,Austin,Cloudy,78.88021894,1.0
597.9648729484067,Austin,Rain,93,1.0
603.5467351476659,Austin,Cloudy,100.8980354,1.0
605.8376662472955,Austin,Rain,100,1.0
616.4303627078141,Austin,Cloudy;Fog;Fog And Mist;Light Rain;Light Rain Mist,100.2930165,1.0
623.1976178281104,Austin,Mist/Fog,92.79052952707421,1.0
652.9175209897401,Austin,Fog,101.5545108,1.0
657.4993831889993,Austin,Fog,93.29876588,1.0
697.2301206118884,Austin,Mist/Fog,87.13016345625657,1.0
700.8701690310736,Austin,Mist/Fog,86.15102785736939,1.0
703.8119828111477,Baltimore,Overcast with Haze,80.31396050795452,1.0
706.4520312303328,Austin,Cloudy,72.88036911,1.0
720.2192863506291,Austin,Rain,87.18640074,1.0
722.5684036701847,Austin,Rain,91.09180308,1.0
727.335658790481,Austin,Rain,95.49626495,1.0
748.7537965912217,Baltimore,Overcast,80.60701136104298,1.0
760.579237931444,Baltimore,Mist/Light Rain Fog,93.4217960646131,1.0
761.7537965912218,Baltimore,Mist/Light Rain Fog,90.33397905062859,1.0
771.1611001307033,Baltimore,Mostly,40.67747431,1.0
789.1029139107773,Baltimore,Sunny,55.40255826,1.0
821.7064446325551,Baltimore,Fair,45.20193934108965,1.0
827.4736997528514,Baltimore,A Few Clouds,58.38079913947408,1.0
842.6590926738886,Baltimore,Overcast,42.689371713649564,1.0
853.4628654915921,Baltimore,Cloudy,38.3308859,1.0
855.3938450104068,Baltimore,Cloudy,33.73097975,1.0
874.4046792716663,Baltimore,Snow,79.06439852,1.0
886.8810032923328,Baltimore,Light,84.64079234,1.0
907.008209993444,Baltimore,Sunny,30.56148757,1.0
911.7754651137404,Baltimore,Sunny,37.31493247,1.0
927.5427202340368,Baltimore,Sunny,55.1371074,1.0
940.4845340141107,Charlotte,Mainly Cloudy,66.38557229629126,1.0
942.6590926738888,Charlotte,Partly Cloudy,61.05826831996693,1.0
960.728113155074,Baltimore,Partly,55.0290948,1.0
971.3789958355184,Baltimore,Cloudy,81.02426291,1.0
978.553554495296,Baltimore,Cloudy,80.90692207,1.0
994.971692296037,Charlotte,Mostly Cloudy,62.24095743695304,1.0
1007.3898300967777,Charlotte,Overcast,70.79239689588354,1.0
1040.4696848392223,Baltimore,Cloudy,82.60452118,1.0
1050.9460088598892,Charlotte,Light Snow,78.62963794993911,1.0
1064.1895880008522,Charlotte,Mist/Fog,84.12068355702637,1.0
1084.2586084820375,Boston,Sunny,42,1.0
1087.2004222621115,Boston,Sunny,37.96346927,1.0
1093.6659120215188,Boston,Mostly Sunny;Partly Cloudy,26.12663412,1.0
1099.073215561,Boston,Sunny,35.81839774,1.0
1107.6659120215188,Boston,Cloudy,40,1.0
1110.0150293410743,Boston,Cloudy,44.45064639,1.0
1112.305960440704,Boston,Mostly Cloudy;Mostly,44,1.0
1116.0623812997408,Boston,Sunny,48,1.0
1123.7714502001113,Boston,Not totally Cloudy;Partly Sunny,36.19981079,1.0
1131.9460088598892,Boston,Partly Cloudy;Mainly Sunny;Mostly Clear,28.50807956,1.0
1169.2004222621115,Boston,Sunny,31,1.0
1172.7822844613706,Boston,Sunny,36,1.0
1184.3749809218891,Boston,Scattered Clouds;Mostly Cloudy;Cloudy;Partly,40.20893997,1.0
1194.0840498222594,Boston,Cloudy,38,1.0
1205.8513049425558,Boston,Cloudy,44.98739484,1.0
1211.7349325027042,Boston,Not totally Sunny;Scattered Clouds;Not totally Cloudy,37.79077173,1.0
1214.5495395816667,Boston,Partly Cloudy;Scattered Clouds;Partly,35,1.0
1227.2004222621115,Boston,Cloudy,58,1.0
1230.015029341074,Boston,Cloudy,56,1.0
1238.4114986192965,Boston,Sunny,63,1.0
1241.2951261794444,Boston,Sunny,65,1.0
1269.6659120215186,Boston,Partly Sunny;Partly;Scattered Clouds,58,1.0
1277.4114986192963,Chicago,Not totally Cloudy;Partly Cloudy;Mostly Clear,32.941458132252215,1.0
1283.1787537395926,Chicago,Overcast;Cloudy,45.940260648147735,1.0
1287.946008859889,Chicago,Not totally Cloudy;Partly Cloudy,50.40988849205074,1.0
1291.8878226399631,Chicago,Partly Cloudy;Not totally Cloudy,56.42450784857261,1.0
1298.7714502001113,Chicago,Cloudy;Overcast,43.72679449448048,1.0
1345.3276289632227,Chicago,Cloudy,67.25985680829676,1.0
1395.3019455270746,Charlotte,Cloudy;Overcast,51.26355335654145,1.0
1399.4765041868525,Charlotte,Partly Cloudy;Scattered Clouds;Mostly Clear,43.34817716748327,1.0
1429.6727313691492,Charlotte,Partly Cloudy;Scattered Clouds;Mist;Cloudy,93.26676107754211,1.0
1432.6145451492232,Columbus,Mostly Cloudy;Intermittent;Mist;Fog And Mist,95.89287295651953,1.0
1433.6145451492232,Columbus,Mostly Cloudy;Mainly Cloudy,91.62526289563618,1.0
1443.2654278296675,Charlotte,Not totally Cloudy;Partly Cloudy;Mostly Sunny;Sunny,44.71606329315047,1.0
1502.6578821942603,Charlotte,Cloudy,81.29059334597827,1.0
1508.4833235344827,Charlotte,Cloudy,79.0016916547511,1.0
1513.1707239123343,Charlotte,Partly Cloudy;Cloudy;Scattered,73.47368412220685,1.0
1514.1707239123343,Charlotte,Partly Cloudy;Not totally Cloudy,76.27819020203215,1.0
1516.2289101322604,Charlotte,Partly Cloudy;Not totally Cloudy,78.64243774277058,1.0
1538.0435172112234,Charlotte,Sunny;Mainly Sunny;Fair;Partly Cloudy;Partly,51.42868016013684,1.0
1543.7525861115937,Charlotte,Clear,68.76883581169527,1.0
1582.0543514724827,Columbus,Mostly Cloudy;Mainly Cloudy;Intermittent Clouds,68.26798600913301,1.0
1583.9961652525565,Charlotte,Partly Cloudy;Mainly Sunny;Mostly Clear,48.94980310545904,1.0
1597.3344483108526,Charlotte,Cloudy,67.97399308362797,1.0
1613.461655011964,Columbus,Drizzle;Light Drizzle;Showers,94.11465318811591,1.0
1652.250578654779,Charlotte,Fog;Overcast;Mist;Light Fog,92.73371421300858,1.0
1654.2505786547788,Charlotte,Fog;Overcast;Mist,91.64708060172958,1.0
1661.8432751152975,Charlotte,Fog,97.41564532888447,1.0
1668.276262090927,Charlotte,Fog,98.41378793832894,1.0
1671.9636624687787,Charlotte,Fog,99.38768028612873,1.0
1673.6037108879636,Charlotte,Fog;Overcast;Mist,97.68396577577816,1.0
1716.9853309912974,Chicago,Cloudy;Mostly Cloudy;Mostly,57.08075399496029,1.0
1719.0435172112232,Chicago,Cloudy;Mostly Cloudy;Mainly Cloudy,55.91338395265618,1.0
1724.81077233152,Chicago,Mostly Cloudy;Mostly,46.83877246003964,1.0
1728.9853309912974,Chicago,Cloudy;Mostly Cloudy;Partly Sunny,61.699683728194685,1.0
1739.1165526060377,Chicago,Mainly Sunny;Partly Cloudy;Not totally Cloudy,59.18542099564421,1.0
1743.2329250458895,Chicago,Partly Cloudy;Partly;Mostly Clear;Scattered,62.19076919569452,1.0
1748.1747388259635,Chicago,Cloudy;Overcast,64.5342433522637,1.0
1752.4074837056673,Chicago,Cloudy,62.607668942451724,1.0
1753.7566010252228,Chicago,Cloudy,63.27615639175266,1.0
1766.2911112658153,Chicago,Cloudy;Haze,54.99007306080762,1.0
1769.1057183447783,Dallas,A Few Clouds,61.77677558116909,1.0
1771.3384632244822,Dallas,Clean,64.19657120313927,1.0
1777.9203254237411,Dallas,Partly Cloudy,66.03044831502024,1.0
1779.3858151831487,Dallas,Partly Cloudy,66.46251659695247,1.0
1780.5603738429265,Dallas,A Few Clouds,68.03280442860081,1.0
1789.4805191004816,Dallas,Overcast,63.18642215390606,1.0
1803.8404706812964,Chicago,Mostly Cloudy;Cloudy;Mostly,64.26201373379662,1.0
1825.9676773824078,Chicago,Partly Cloudy;Scattered Clouds;Not totally Cloudy,56.2543724794996,1.0
1830.7349325027044,Chicago,Mostly Cloudy;Partly;Intermittent Clouds;Partly Cloudy,64.9384407052016,1.0
1840.3276289632229,Chicago,Cloudy;Overcast,73.43031053639982,1.0
1843.5603738429263,Chicago,Cloudy;Mostly Cloudy;Mainly Cloudy,71.1269819410223,1.0
1849.6077258015928,Chicago,Mostly Cloudy;Mainly Cloudy,77.6036554302548,1.0
1854.724098241445,Chicago,Partly Cloudy;Mostly;Not totally Cloudy;Mostly Sunny,72.97824302909727,1.0
1875.7931187226302,Denver,Haze;Partly Cloudy;Hazy,72.3628490796117,1.0
1878.0840498222597,Denver,Cloudy;Haze,76.65208474434027,1.0
1888.8404706812967,Denver,Overcast,72.66660994925985,1.0
1900.2586084820375,Denver,Overcast with Haze,78.72267164438921,1.0
1906.2586084820377,Denver,Overcast with Haze,78.2491561399382,1.0
1910.2004222621115,Chicago,Partly Cloudy;Cloudy;Partly;Partly Sunny,61.91861439972871,1.0
1923.4440014030745,Chicago,Snow;Flurries;Light Snow;Light,91.54128007784223,1.0
1940.3858151831487,Chicago,Cloudy;Haze,75.30628371616865,1.0
1944.3276289632229,Denver,Overcast Haze,63.91716559984832,1.0
1981.2329250458897,Chicago,Cloudy;Haze,79.8101753800677,1.0
1992.0583663861116,Chicago,Cloudy;Haze,81.14165719981945,1.0
2005.3492974857413,Denver,Mist/Light Snow Fog,84.70200811699698,1.0
2008.9893459049267,Denver,Light Snow,79.35634931201213,1.0
2018.5820423654452,Denver,Overcast with Haze,81.81069769758962,1.0
2023.698414805297,Denver,Overcast with Haze,81.72670987684752,1.0
2045.5346904067787,Denver,Cloudy;Overcast;Sunny,54.05103275479775,1.0
2048.651062846631,Denver,Sunny;Cloudy;Clean;Mostly Cloudy,50.846602664968444,1.0
2066.116552606038,Denver,Sunny;Cloudy;Fair;Mostly Cloudy,73.44331427339881,1.0
2068.872973465075,Detroit,Partly Cloudy;Sunny;Mostly Clear,79.62788005528921,1.0
2076.7566010252226,Detroit,Haze;Hazy;Sunny,74.94187126496651,1.0
2077.8729734650747,Detroit,Haze;Fair;Hazy;Intermittent Clouds,75.16324897261518,1.0
2082.2220907846304,Detroit,Clear;Mostly Cloudy;Fair;Cloudy,57.94819699659115,1.0
2087.280277004556,Detroit,Mostly Cloudy;Cloudy;Clear,47.69294189731114,1.0
2120.3601317470007,Detroit,Cloudy;Overcast,55.3565993456188,1.0
2130.243759307149,Detroit,Cloudy;Clear,59.15099554555852,1.0
2137.243759307149,Detroit,Cloudy;Overcast,59.286151195231064,1.0
2151.1273868672974,Detroit,Clear;Mostly Clear;Fair,57.303679934127665,1.0
2157.7092490665564,Detroit,Partly Cloudy;Clear;Sunny,74.60877222718224,1.0
2175.407483705667,Detroit,Clear;Sunny;Partly;Fair,60.385536008231064,1.0
2180.1747388259632,Detroit,Sunny,44.98470643414012,1.0
2187.1165526060377,Detroit,Cloudy;Overcast,73.65821145248195,1.0
2188.4074837056673,Detroit,Cloudy;Overcast,74.40089191110413,1.0
2190.0475321248528,Detroit,Cloudy;Scattered Clouds,81.05199739381628,1.0
2233.545524668038,Detroit,Cloudy;Overcast,67.41050031998819,1.0
2300.4724892732233,Detroit,Cloudy;Snow;Light Snow,74.61489172259061,1.0
2304.228910132261,Detroit,Light Snow;Cloudy;Overcast,81.55170658627462,1.0
2353.9014613352238,Dallas,Light Rain;Rain,89.49282647691436,1.0
2367.8432751152977,Dallas,Cloudy;Mostly Cloudy,69.09656985602625,1.0
2385.912295596483,Dallas,Cloudy;Mostly Cloudy,87.79634626975356,1.0
2388.2032266961123,Dallas,Cloudy;Haze,80.70172211432416,1.0
2390.3777853558904,Dallas,Cloudy;Haze,76.16502976498398,1.0
2395.8432751152977,Dallas,Cloudy,67.64182491063383,1.0
2412.0868542562607,Detroit,Mist/Fog,85.36160217741778,1.0
2423.017833775076,El Paso,Overcast with Haze,76.87460340429226,1.0
2428.006999513816,El Paso,Overcast,66.4527475872243,1.0
2438.7742546341124,Dallas,Cloudy;Overcast,74.19882374838367,1.0
2442.890627073964,Dallas,Cloudy;Overcast,75.55470014403316,1.0
2452.5996959743347,Dallas,Cloudy;Overcast,74.98853338643485,1.0
2454.7160684141863,Dallas,Cloudy;Overcast,72.88408166875304,1.0
2476.181558173594,Dallas,Cloudy;Overcast,77.6799544263211,1.0
2480.0651857337425,Dallas,Cloudy;Overcast,78.50443882060445,1.0
2482.0651857337416,Dallas,Cloudy;Overcast,82.7832003920876,1.0
2501.308764874705,Dallas,Cloudy;Overcast,74.54018222264553,1.0
2508.821606592779,El Paso,Rain;Light Rain;Light,84.43045290057832,1.0
2521.22891013226,El Paso,Mist/Fog,82.4504543874232,1.0
2537.647047933001,El Paso,Mist/Light Rain Fog,91.47354443040976,1.0
2539.5888617130754,Dallas,Light Rain;Rain;Cloudy,84.51767913632403,1.0
2541.2870963521864,El Paso,Light Rain;Rain,85.13132337322354,1.0
2542.8107723315193,El Paso,Overcast;Cloudy,87.48012631085916,1.0
2545.694399891668,El Paso,Cloudy,69.86023100710499,1.0
2550.5780274518156,El Paso,Cloudy,79.1259514396787,1.0
2553.439986489446,El Paso,Cloudy;Haze,81.98659508513857,1.0
2582.6943998916677,Fort Worth,Overcast with Haze,82.89423287548567,1.0
2591.345282572113,Fort Worth,Overcast Haze,82.69188502545555,1.0
2604.588861713075,Fort Worth,Cloudy,58.79487593256134,1.0
2605.588861713076,Fort Worth,Mostly,55.8856382380237,1.0
2609.4143030532978,Fort Worth,Cloudy;Mostly Cloudy,64.34932553875093,1.0
2638.95964755515,Fort Worth,Mostly,61.20441882239711,1.0
2648.483323534483,Fort Worth,Overcast,85.79573215189033,1.0
