entity,source,brand,number,screen_type,supported_aspect_ratio,response_time(ms),screen_size_diagonal,day
22,3,Philips_Electronics,410,LCD Monitor;LCD Monitor;LCD,5:04,5,48.3,1
25,3,Philips_Electronics,1540,LCD Monitor;LCD,16:10,5,55.9,1
27,3,Philips_Electronics,772,LCD Monitor;LCD;TFT Brilliance LCD 16.7 Million Colour,16:09,5,54.6,1
28,3,Philips_Electronics,576,TFT LCD 16.7 Million Colour;LED,16:09,5,54.6,1
193,3,iiyama_North_America,362,LED Backlight LCD IPS Panel 16.7 million Colour;Brilliance LCD Monitor,16:09,5,58.4,1
