entity_id,brand,number,screen_type,supported_aspect_ratio,response_time(ms),screen_size_diagonal,day
22,Philips_Electronics,295,TFT LCD 16.7 Million Colour,5:04,5.400235618,51.34841766,1
25,Philips_Electronics,311,LCD,16:10,4.678791561,53.39001563,1
27,Philips_Electronics,125,TFT Brilliance LCD 16.7 Million Colour,16:09,4.941355792,50.57930786,1
28,Philips_Electronics,322,TFT LCD 16.7 Million Colour,16:09,4.956908763,63.26740814,1
193,iiyama_North_America,213,LED Backlight LCD IPS Panel 16.7 million Colour,16:10,5.44966093,60.24475778,1
