entity_id,brand,number,screen_type,supported_aspect_ratio,response_time(ms),screen_size_diagonal,day
22,Philips_Electronics,410,Brilliance LCD Monitor,5:04,5.252174642,46.79495392,1
25,Philips_Electronics,1540,Brilliance LCD monitor,16:09,4.871696934,54.3211644,1
27,Philips_Electronics,772,Brilliance Monitor LED Backlight with PowerSensor,16:09,4.946323687,56.31519869,1
28,Philips_Electronics,322,TFT LCD 16.7 Million Colour,16:09,4.956908763,63.26740814,1
193,iiyama_North_America,362,IPS,16:10,4.805533954,61.80027728,1
