entity,Domain,Conditions,Humidity,day
1718.4700291294635,Fort Worth,Mostly Cloudy,87.59014398743528,1.0
1721.4700291294632,Fort Worth,Overcast,84.49879769454114,1.0
1738.8354143010401,Fort Worth,Fog;Partly Cloudy;Not totally Cloudy;Scattered Clouds,92.22716342677647,1.0
1755.7464726190635,Fort Worth,Partly Cloudy;Mostly Cloudy,80.22716342677647,1.0
1761.5637800332752,Fort Worth,Partly Cloudy;Clear;Clean;Sunny;Intermittent Clouds,73.27163426776467,1.0
1763.699597167158,Fort Worth,Partly Cloudy;Clear,76.27163426776468,1.0
1770.7909434600517,Fort Worth,Partly;Partly Cloudy;Partly Sunny,57.042066230070525,1.0
1790.020511497746,Fort Worth,Mist/Fog,90.40985601256472,1.0
1793.3390212174165,Fort Worth,A Few Clouds,73.08894168197642,1.0
1801.203204083534,Fort Worth,A Few,40.447113020799854,1.0
1804.3390212174163,Fort Worth,A Few Clouds,36.17547875303517,1.0
1808.9291652048516,Fort Worth,Not totally Cloudy,37.08413246014104,1.0
1819.83541430104,Fort Worth,Mostly Clear;Partly;Mainly Sunny,39.26922965684699,1.0
1825.8798851420283,Fort Worth,Clear;Sunny,46.76802735138814,1.0
1841.6082508742634,Fort Worth,Not totally Cloudy;Mostly Cloudy;Clear;Mostly;Partly Cloudy,36.770431962305835,1.0
1849.5613754223577,Fort Worth,Mostly Cloudy;Sunny,37.76562274047045,1.0
1852.3342119955812,Fort Worth,Partly Cloudy;Cloudy;Mostly Cloudy;Clear,57.086537071058736,1.0
1860.6971925562398,Fort Worth,Mainly Cloudy;Partly Cloudy;Mostly Cloudy;Mostly Clear,58.58773937651759,1.0
1885.5637800332752,Houston,Cloudy,58.22235420494108,1.0
1891.3366166064989,Houston,Cloudy,86.81730741421174,1.0
1903.3834920584047,Houston,Overcast,66.76802735138814,1.0
1910.519309192287,Houston,Overcast,88.40745140164702,1.0
1926.7933480709694,Houston,Clear,52.03966161915283,1.0
1936.1539240207105,Houston,Clear,69.81490280329406,1.0
1938.6082508742634,Houston,Clear,54.35817133882342,1.0
1951.2404610917692,Houston,Clear;Partly Cloudy;Mainly Sunny,48.13100791204695,1.0
1956.5589708114396,Houston,Sunny;Mostly Sunny,50.44951763171755,1.0
1974.2428657026867,Houston,Clean,73.04447084098821,1.0
1990.9267605939342,Houston,Mainly Cloudy;Mostly Cloudy;Intermittent Clouds,48.950719937176395,1.0
2021.156328631628,Houston,Cloudy,59.950719937176395,1.0
2027.7933480709694,Houston,Partly Cloudy,57.44951763171754,1.0
2032.7933480709692,Houston,Not totally Cloudy,50.53845931369398,1.0
2038.5637800332752,Houston,Not totally Cloudy,45.99519077816461,1.0
2043.6082508742636,Houston,Not totally Cloudy,43.538459313693984,1.0
2048.472433740381,Houston,Mostly Cloudy,41.31129588691751,1.0
2067.519309192287,Houston,Clear;Mostly Cloudy,51.50120230545885,1.0
2078.5637800332756,Houston,Clear;Sunny,64.36538517157649,1.0
2098.6527217152516,Houston,Cloudy;Overcast,50.72836573223532,1.0
2104.652721715251,Houston,Cloudy,54.6814902803294,1.0
2119.107048568804,Houston,Fair,63.18509719670595,1.0
2125.788538849134,Houston,Clean,70.00480922183539,1.0
2139.1539240207103,Houston,Clear;Mostly Clear,49.13822174480003,1.0
2144.4700291294635,Houston,Clear;Mostly Clear,61.9975953890823,1.0
2148.195990250781,Houston,Clear;Sunny,66.08894168197642,1.0
2169.9688268240047,Houston,Partly Cloudy;Partly Sunny;Scattered Clouds;Scattered;Not totally Cloudy,55.41226062348241,1.0
2181.151519409793,Houston,Clear;Clean;Mostly Clear,69.45913607538832,1.0
2186.3318073846635,Houston,Clear;Fair,74.91105831802356,1.0
2192.3762782256517,Houston,Clear;Fair;Mostly Cloudy,80.45673146447062,1.0
2193.6034416524285,Houston,Overcast;Cloudy;Clear,79.32091433058828,1.0
2211.8306050792044,Indianapolis,Cloudy,65.81971202512943,1.0
2215.8750759201926,Indianapolis,Clear;Cloudy,75.59014398743528,1.0
2218.2380564808514,Indianapolis,Partly Cloudy;Cloudy,75.59014398743528,1.0
2245.284931932758,Indianapolis,Clean,79.54807775736475,1.0
2250.556566200522,Indianapolis,Clean,82.7283657322353,1.0
2265.4628152967102,Indianapolis,Cloudy,72.08894168197642,1.0
2274.1443055770396,Indianapolis,Cloudy;Overcast;Partly Cloudy,77.45432685355293,1.0
2288.1443055770396,Indianapolis,Light Snow;Flurries;Cloudy;Light,81.13581713388234,1.0
2295.233247259016,Indianapolis,Haze;Hazy;Cloudy;Partly Cloudy,71.3677897824942,1.0
2309.825795857369,Indianapolis,Overcast,74.32331894150597,1.0
2317.371469003816,Indianapolis,Mist/Fog,70.82452124696482,1.0
2333.1911810289457,Indianapolis,Flurries;Cloudy;Fog And Mist;Light Snow;Light Snow Mist;Mist,80.05168467374128,1.0
2336.7813250163813,Indianapolis,Light Snow;Overcast;Flurries;Snow,80.96033838084716,1.0
2340.326998162828,Indianapolis,Cloudy;Overcast;Fog,76.45913607538832,1.0
2341.5541615896045,Indianapolis,Cloudy;Fog;Mist,81.86899208795303,1.0
2350.7368541753926,Indianapolis,Cloudy;Partly;Partly Cloudy,64.22956803769416,1.0
2354.099834736051,Indianapolis,Cloudy,57.63942405025888,1.0
2365.964017602169,Indianapolis,Mist/Light Snow Fog,77.68870411308248,1.0
2377.141900966122,Indianapolis,Mist/Fog,75.05168467374129,1.0
2390.188776418028,Jacksonville,Overcast,59.18509719670595,1.0
2396.0060838322397,Jacksonville,Light Snow;Snow;Light Snow Mist;Flurries,80.96033838084716,1.0
2401.3690643928985,Jacksonville,Cloudy,74.32331894150597,1.0
2407.1863718071104,Jacksonville,Mostly Cloudy;Cloudy,72.0492800628236,1.0
2413.18637180711,Jacksonville,Partly Cloudy;Not totally Cloudy;Partly Sunny,58.866587477035345,1.0
2429.8702666983577,Jacksonville,Mostly Cloudy,66.68629950216479,1.0
2434.3690643928985,Jacksonville,Mostly Cloudy;Mainly Cloudy,75.77524118414122,1.0
2448.7344495644747,Jacksonville,Mostly Cloudy,56.77283657322353,1.0
2461.9171421502633,Jacksonville,Mainly Cloudy,77.68389489124709,1.0
2465.6899787234865,Jacksonville,Mainly Cloudy,69.63701943934117,1.0
2477.9147375393454,Jacksonville,Partly,42.543268535529364,1.0
2480.0505546732284,Jacksonville,Mostly Cloudy,30.999999999999996,1.0
2486.050554673228,Jacksonville,Clear;Fair,57.911058318023564,1.0
2491.050554673228,Jacksonville,Sunny;Clear,68.86658747703535,1.0
2508.1887764180283,Jacksonville,Cloudy;Overcast,45.498797694541146,1.0
2515.188776418028,Jacksonville,Not totally Cloudy;Mostly Clear;Scattered Clouds;Cloudy,59.548077757364744,1.0
2537.9123329284275,Jacksonville,Cloudy,78.36538517157649,1.0
2555.3618505601457,Jacksonville,Cloudy;Mainly Cloudy,45.362980560658805,1.0
2557.8161774136984,Las Vegas,Mostly Cloudy;Cloudy,40.99999999999999,1.0
2575.9051190956748,Las Vegas,Light Rain,88.81730741421174,1.0
2584.314975108239,Las Vegas,Overcast,89.95312454809408,1.0
2592.270504267251,Las Vegas,Overcast,92.77283657322351,1.0
2606.9075237065927,Las Vegas,Mostly Cloudy;Intermittent Clouds;Cloudy,33.72596112131762,1.0
2625.0830024596276,Las Vegas,Mainly Cloudy;Mostly Cloudy;Cloudy,54.723556510399916,1.0
2630.3101658864043,Las Vegas,Mostly Cloudy;Mostly,69.18028797487055,1.0
2650.3125704973213,Las Vegas,Overcast,53.13341252296464,1.0
2657.49526308311,Las Vegas,Mostly Cloudy,67.72596112131761,1.0
2669.542138535016,Las Vegas,Mostly,41.358171338823425,1.0
2675.085407070545,Las Vegas,Mostly Cloudy,33.861778255199965,1.0
2696.542138535016,Las Vegas,Light Rain;Showers,79.27403887868238,1.0
2709.2656950454157,Las Vegas,Light Rain;Rain,87.09375090381181,1.0
2716.6755510579806,Las Vegas,Overcast,55.18269258578825,1.0
2723.2656950454157,Las Vegas,Overcast,72.09134629289412,1.0
2730.9916561667333,Las Vegas,Light Rain,87.59014398743528,1.0
2746.488049250357,Las Vegas,Light,85.72596112131762,1.0
2753.1250686896983,Las Vegas,Light Rain,92.22716342677647,1.0
2760.352232116474,Las Vegas,Rain,89.95312454809408,1.0
2773.3991075683807,Las Vegas,Clear,84.54326853552938,1.0
2789.3101658864043,Las Vegas,Cloudy;Overcast,90.72596112131761,1.0
2794.1743487525214,Las Vegas,Cloudy,81.45192224263523,1.0
2810.8065589700273,Las Vegas,Mist/Fog,79.32091433058828,1.0
2812.033722396804,Las Vegas,Mist/Fog,80.95793376992947,1.0
2814.94237610391,Las Vegas,Mist/Fog,79.14062635571771,1.0
2816.6238663842396,Las Vegas,Mist/Fog,85.18509719670594,1.0
2819.5325200913453,Los Angeles,Mist/Fog,81.18509719670594,1.0
2824.305356664568,Los Angeles,Mist/Fog,82.86658747703535,1.0
2841.6707418361448,Los Angeles,Cloudy;Overcast,74.59254859835298,1.0
2846.4435784093685,Los Angeles,Cloudy,71.27403887868238,1.0
2851.3077612754864,Los Angeles,Cloudy,73.59254859835296,1.0
2858.1250686896983,Los Angeles,Cloudy,69.68389489124709,1.0
2863.9892515558163,Los Angeles,Cloudy,70.81971202512943,1.0
2865.9892515558154,Los Angeles,Cloudy,75.0468754519059,1.0
2869.6707418361448,Los Angeles,Cloudy,75.0468754519059,1.0
2873.7620881290395,Los Angeles,Cloudy,77.3653851715765,1.0
2888.673146447063,Los Angeles,Cloudy,78.0468754519059,1.0
2896.445983020287,Los Angeles,Light Rain;Rain,79.77524118414122,1.0
2905.2632904344982,Los Angeles,Light Rain;Cloudy,82.77524118414121,1.0
2912.8065589700277,Los Angeles,Light Rain;Rain,84.14062635571771,1.0
2923.216414982592,Los Angeles,Light Rain,79.77524118414122,1.0
2936.3077612754864,Los Angeles,Light Rain,91.77524118414121,1.0
2945.490453861275,Los Angeles,Cloudy,77.18269258578826,1.0
2947.3991075683803,Los Angeles,Cloudy,79.0,1.0
2963.2188195935096,Los Angeles,Cloudy,70.22716342677646,1.0
2972.8534344219324,Los Angeles,Sunny;Not totally Cloudy,61.634614828423494,1.0
2980.2632904344982,Los Angeles,Overcast,78.63701943934119,1.0
2984.0805978487106,Los Angeles,Overcast,82.81971202512945,1.0
3000.717617288051,Los Angeles,Mainly Cloudy,70.27163426776468,1.0
3008.2632904344982,Los Angeles,Sunny;Partly Cloudy;Clear,69.49879769454114,1.0
3009.944780714827,Memphis,Clear;Sunny,69.50120230545883,1.0
3025.4904538612745,Memphis,Sunny;Cloudy;Mostly,86.81730741421174,1.0
3033.216414982592,Memphis,Clear;Sunny;Overcast,67.81730741421174,1.0
3034.8979052629215,Memphis,Light Rain;Cloudy;Clean,69.18269258578825,1.0
3058.4411737984506,Memphis,Clean,86.95552915901177,1.0
3067.1226640787804,Memphis,Fair,80.0,1.0
3070.848625200098,Memphis,Fair,78.81730741421174,1.0
3072.3029520536506,Memphis,Fair,77.45432685355293,1.0
3090.8041543591103,Memphis,Cloudy,81.77283657322351,1.0
3099.6683372252273,Memphis,Partly Cloudy;Fair,76.36298056065881,1.0
3106.438769187533,Memphis,Partly Cloudy;Clear;Scattered Clouds;Clean,72.86658747703535,1.0
3107.8930960410867,Memphis,Partly Cloudy;Not totally Cloudy;Clear,73.50360691637654,1.0
3113.300547442733,Memphis,Partly;Scattered Clouds;Cloudy;Not totally Cloudy,79.18269258578826,1.0
3128.438769187533,Memphis,Cloudy;Overcast;Fog And Mist,89.81971202512943,1.0
3132.5745863214156,Memphis,Cloudy;Overcast,83.27403887868238,1.0
3142.8486252000976,Memphis,Mostly Cloudy,80.95552915901179,1.0
3162.3053566645685,Memphis,Cloudy,68.91105831802355,1.0
3175.0337223968036,Memphis,Cloudy,67.95793376992947,1.0
3184.5301154804274,Memphis,Cloudy,67.68389489124709,1.0
3188.347422894639,Memphis,Cloudy,67.04687545190592,1.0
3193.8017497481924,Memphis,Cloudy;Mostly Cloudy,60.86418286611766,1.0
3198.52771086951,Memphis,Cloudy;Mostly,59.182692585788246,1.0
3205.3005474427327,Memphis,Cloudy,73.0,1.0
3210.7079988443807,Memphis,Cloudy,70.91105831802356,1.0
3213.3894891247096,Memphis,Cloudy,67.730770343153,1.0
3218.843815978263,Memphis,Cloudy,74.31850971967059,1.0
3226.0265085640517,Memphis,Cloudy,74.31850971967059,1.0
3231.6635280033915,Milwaukee,Cloudy;Mostly Cloudy,72.27163426776468,1.0
3242.885882208333,Milwaukee,Cloudy;Light;Light Rain,79.13822174480003,1.0
3264.4243415220267,Milwaukee,Rain;Cloudy,88.13822174480005,1.0
3270.515687814921,Milwaukee,Rain;Showers;Cloudy,89.50120230545885,1.0
3291.60222488598,Milwaukee,Mist/Rain Fog,87.59014398743528,1.0
3304.056551739533,Milwaukee,Overcast,87.0024046109177,1.0
3319.192368873415,Milwaukee,Cloudy,89.6814902803294,1.0
3324.283715166309,Milwaukee,Cloudy,90.27403887868236,1.0
3326.2837151663093,Milwaukee,Cloudy,84.27403887868238,1.0
3332.0565517395326,Milwaukee,Cloudy;Overcast,87.32091433058828,1.0
3359.876263764663,Milwaukee,Mist/Fog,89.54567314644706,1.0
3367.5577540449913,Milwaukee,Light Rain,79.77283657322354,1.0
3370.012080898545,Milwaukee,Overcast,74.95552915901177,1.0
3374.056551739533,Milwaukee,Overcast,77.3185097196706,1.0
3381.9207346056505,Milwaukee,Cloudy;Mostly Cloudy,80.40985601256472,1.0
3391.147898032427,Milwaukee,Cloudy;Mostly Cloudy;Overcast,78.63701943934119,1.0
3392.375061459203,Milwaukee,Overcast;Cloudy,80.18269258578823,1.0
3397.918329994733,Milwaukee,Light Rain;Mostly Cloudy;Cloudy,79.6814902803294,1.0
3399.5998202750625,Milwaukee,Light Rain;Showers,81.99999999999999,1.0
3417.8293883127567,Milwaukee,Mostly Cloudy,81.13581713388234,1.0
3437.8293883127567,Milwaukee,Overcast,76.77283657322353,1.0
3452.330590618216,Milwaukee,Mostly Cloudy;Cloudy,65.36057594974112,1.0
3458.147898032427,Milwaukee,Partly Cloudy;Sunny;Cloudy,61.360575949741104,1.0
3470.5108785930856,Milwaukee,Mostly Cloudy;Mainly Cloudy;Overcast;Intermittent Clouds,74.9975953890823,1.0
3473.2837151663093,Milwaukee,Cloudy;Overcast,72.3161051087529,1.0
3482.7849174717685,Nashville,Mostly Cloudy,62.26922965684698,1.0
3494.604629496898,Nashville,A Few Clouds,72.54326853552936,1.0
3511.515687814921,Nashville,Mostly Cloudy,47.81490280329405,1.0
3535.0637655722862,Nashville,Partly Cloudy;Not totally Cloudy;Sunny;Cloudy;Scattered,60.906249096188176,1.0
3537.6094387187327,Nashville,Partly Cloudy;Not totally Cloudy;Scattered Clouds;Mostly Sunny,60.906249096188176,1.0
3550.0613609613683,Nashville,Partly Cloudy;Mostly Clear,75.27163426776467,1.0
3566.7897266936034,Nashville,Clear;Sunny,71.18028797487055,1.0
3572.2885243881456,Nashville,Sunny;Clear,57.772836573223536,1.0
3587.1995827061687,Nashville,Cloudy;Overcast,74.09375090381182,1.0
3595.83660214551,Nashville,Fair,75.0468754519059,1.0
3614.471216973933,Nashville,Mist/Fog,78.77524118414122,1.0
3619.6070341078153,Nashville,Partly;Partly Sunny;Mostly Clear,75.95312454809408,1.0
3622.6070341078157,Nashville,Mostly Cloudy;Mainly Cloudy,54.31370049783521,1.0
3624.834197534592,Nashville,Mostly Cloudy;Cloudy,60.36057594974111,1.0
3641.197178095251,Nashville,Cloudy,78.86177825519997,1.0
3655.241648936239,Nashville,Cloudy,63.77043196230584,1.0
3663.1058318023565,Nashville,Overcast,59.407451401647016,1.0
3677.244053547157,Nashville,Overcast,58.543268535529364,1.0
3682.1527072542626,Nashville,Overcast,56.95552915901179,1.0
3689.150302643345,Nashville,Overcast,68.81490280329405,1.0
3699.3329952291333,Nashville,Cloudy,77.50120230545885,1.0
3703.6959757897916,Nashville,Light Snow;Flurries;Cloudy;Light,73.68870411308247,1.0
3711.87866837558,Nashville,Haze;Cloudy;Snow,65.50601152729423,1.0
3724.1527072542626,Nashville,Overcast,68.59735782018835,1.0
3735.3353998400507,Nashville,Overcast with Haze,69.86899208795305,1.0
3737.0168901203797,Nashville,Overcast with Haze,71.00480922183539,1.0
3743.424341522026,Nashville,Overcast with Haze,67.55048236828245,1.0
3763.8810729864977,Nashville,Cloudy;Overcast,46.95793376992948,1.0
3767.653909559721,Nashville,Cloudy,69.63942405025888,1.0
3772.3353998400507,Nashville,Cloudy;Mainly Cloudy;Mostly Cloudy;Mostly,70.54807775736475,1.0
3784.787322082686,New York,Mostly Cloudy;Mainly Cloudy;Clear,70.41226062348241,1.0
3790.7873220826864,New York,Cloudy;Overcast;Sunny,82.68149028032938,1.0
3798.831792923674,New York,Cloudy;Overcast,68.59254859835296,1.0
3805.6046294968983,New York,Mostly Cloudy,74.18028797487055,1.0
3815.330590618215,New York,Mostly Cloudy,68.59495320927066,1.0
3822.194773484333,New York,Mainly Cloudy,76.13822174480005,1.0
3825.7404466307808,New York,Overcast,73.91346292894126,1.0
3836.695975789792,New York,Overcast,72.55048236828245,1.0
3849.6515049488034,New York,Cloudy;Overcast,78.64182866117658,1.0
3870.87866837558,New York,Cloudy;Overcast,84.91105831802356,1.0
3884.923139216568,New York,Cloudy,65.73077034315301,1.0
3903.6935711788738,New York,Mostly Cloudy;Mainly Cloudy,65.91105831802356,1.0
3914.784917471768,New York,Cloudy;Not totally Cloudy;Mostly,87.96033838084716,1.0
3919.7849174717685,New York,Cloudy,71.55048236828245,1.0
3928.513283204004,New York,Mostly Cloudy,70.00480922183539,1.0
3931.513283204003,New York,Not totally Cloudy,73.05168467374129,1.0
3935.9676100575566,New York,Overcast,74.91586753985895,1.0
3942.5108785930856,Oklahoma City,Overcast,78.730770343153,1.0
3956.92073460565,Oklahoma City,Cloudy;Light Rain,84.22956803769415,1.0
3970.6022248859795,Oklahoma City,Cloudy;Overcast,84.68629950216477,1.0
3975.8293883127567,Oklahoma City,Rain;Overcast,84.91346292894126,1.0
3988.28371516631,Oklahoma City,Overcast,83.13822174480003,1.0
3997.375061459204,Oklahoma City,Mist/Light Rain Fog,93.13822174480002,1.0
4025.194773484333,Oklahoma City,Cloudy,69.22956803769416,1.0
4034.6959757897916,Oklahoma City,Partly Cloudy;Sunny;Cloudy,62.409856012564724,1.0
4036.468812363015,Oklahoma City,Mostly Cloudy;Partly Sunny;Mainly Cloudy,67.40985601256472,1.0
4053.831792923674,Oklahoma City,Overcast,71.27403887868238,1.0
4058.330590618215,Oklahoma City,Overcast,77.45432685355293,1.0
4071.923139216568,Oklahoma City,Cloudy,69.72596112131761,1.0
4075.1503026433447,Oklahoma City,Mostly Clear,67.22475881585878,1.0
4076.923139216569,Oklahoma City,Clear;Mostly;Cloudy,73.40745140164704,1.0
4082.5577540449917,Oklahoma City,Clear;Mainly Cloudy;Cloudy;Fair,69.77283657322353,1.0
4084.5577540449917,Oklahoma City,Mostly Cloudy;Clear;Intermittent Clouds;Fair,70.90865370710587,1.0
4094.0589563504504,Philadelphia,Mostly Cloudy;Intermittent Clouds;Mostly Sunny;Sunny,42.31370049783521,1.0
4101.646695726968,Philadelphia,Mostly Cloudy;Intermittent Clouds;Fair,44.03966161915283,1.0
4134.787322082686,Philadelphia,Mainly Cloudy,44.81249819237636,1.0
4145.332995229133,Philadelphia,A Few Clouds,71.86418286611764,1.0
4158.742851241697,Philadelphia,Mostly Cloudy;Clear;Intermittent Clouds;Fair,59.22475881585877,1.0
4163.468812363016,Philadelphia,Clear;Mostly;Partly Cloudy;Clean;Mostly Cloudy,69.18028797487055,1.0
4168.014485509463,Philadelphia,Mostly Cloudy;Clear;Clean,70.72596112131761,1.0
4178.286119777227,Philadelphia,Clear;Partly Cloudy;Mostly Sunny;Sunny,77.27163426776468,1.0
4214.881072986498,Philadelphia,Clear;Not totally Cloudy;Sunny;Partly,41.49398847270576,1.0
4221.515687814921,Philadelphia,Sunny;Clear,48.17547875303517,1.0
4223.515687814922,Philadelphia,Clear,62.859373644282265,1.0
4226.742851241698,Philadelphia,Clear,62.814902803294046,1.0
4233.152707254262,Philadelphia,Clear;Partly Cloudy,69.04206623007052,1.0
4236.424341522027,Philadelphia,Clear;Mostly Clear;Not totally Cloudy,63.590143987435276,1.0
4252.335399840051,Philadelphia,A Few Clouds,62.45432685355293,1.0
4256.834197534592,Philadelphia,A Few Clouds,68.81490280329405,1.0
4260.607034107815,Philadelphia,Clear;Scattered Clouds;Not totally Sunny;Clean;Sunny,66.36057594974112,1.0
4270.424341522027,Philadelphia,Mainly Cloudy;Clear;Mostly Cloudy;Cloudy,46.679085669411705,1.0
4282.152707254262,Philadelphia,Cloudy;Not totally Cloudy,72.13341252296465,1.0
4285.379870681039,Philadelphia,Mostly Cloudy;Partly Cloudy,58.72355651039993,1.0
4287.061360961368,Phoenix,Mainly Cloudy;Clear;Sunny,53.72355651039993,1.0
4290.742851241697,Phoenix,Sunny;Mainly Cloudy;Clear;Fair,41.81490280329405,1.0
4297.05895635045,Phoenix,Clear;Mainly Cloudy;Intermittent Clouds;Partly Cloudy,43.54086392461167,1.0
4308.332995229132,Phoenix,Mostly Cloudy,61.67908566941171,1.0
4319.377466070121,Phoenix,Mostly,59.31850971967059,1.0
4323.557754044991,Phoenix,Cloudy,64.9975953890823,1.0
4333.74044663078,Phoenix,Clear;Mainly Cloudy;Clean;Mostly Cloudy,43.9507199371764,1.0
4350.014485509462,Phoenix,Clear;Mostly Clear;Fair,62.73077034315301,1.0
4354.87866837558,Phoenix,Sunny;Clear;Fair;Scattered Clouds;Scattered;Partly Sunny,41.0468754519059,1.0
4358.56015865591,Phoenix,Sunny;Partly Sunny;Fair;Clear,38.04206623007052,1.0
4362.014485509462,Phoenix,Mostly Cloudy,44.85937364428227,1.0
4369.876263764662,Phoenix,Mostly Cloudy,46.86418286611765,1.0
4373.012080898545,Phoenix,Mostly,54.953124548094095,1.0
4394.967610057556,Phoenix,Clear,75.81730741421174,1.0
4404.286119777227,Phoenix,Sunny;Clear,54.81971202512944,1.0
4405.5132832040035,Phoenix,Sunny;Clear,54.13822174480004,1.0
4411.7849174717685,Phoenix,Sunny;Clear,49.131007912046954,1.0
4427.194773484333,Phoenix,Clear,79.27163426776468,1.0
4443.377466070121,Phoenix,Haze;Sunny;Mainly Sunny,55.131007912046954,1.0
4448.557754044992,Phoenix,Fair,48.77524118414123,1.0
4451.239244325321,Phoenix,Fair,53.955529159011775,1.0
4454.693571178874,Phoenix,Fair,58.27163426776468,1.0
4461.145493421509,Phoenix,Fair,53.955529159011775,1.0
4469.372656848285,Phoenix,Fair,74.27403887868236,1.0
4474.32578139638,Phoenix,Haze,70.96033838084716,1.0
4476.098617969603,Phoenix,Haze,67.86899208795305,1.0
4492.051742517697,Phoenix,Haze,51.08653707105873,1.0
4497.051742517698,Phoenix,Sunny;Clear,66.72355651039993,1.0
4507.597415664144,Phoenix,Cloudy;Haze;Mainly Cloudy;Unclear,76.32091433058828,1.0
4509.50606937125,Phoenix,Hazy;Haze;Partly Cloudy;Fair,79.95552915901177,1.0
4536.9183299947335,Phoenix,Clear;Sunny,83.68149028032938,1.0
4541.826983701838,Portland,Haze;Hazy Sunshine;Sunny;Clear,86.09134629289412,1.0
4545.189964262498,Portland,Sunny;Haze;Hazy,78.08894168197642,1.0
4547.5529448231555,Portland,Sunny;Hazy;Haze,68.45192224263523,1.0
4551.960396224803,Portland,Sunny;Clear,58.36057594974112,1.0
4558.04933790678,Portland,Clear;Haze;Mostly Sunny,55.54086392461168,1.0
4567.913520772898,Portland,Clear,76.77283657322353,1.0
4582.096213358686,Portland,Fair,55.63221021750579,1.0
4590.051742517698,Portland,Overcast,82.59014398743528,1.0
4599.780108249933,Portland,Sunny;Clear,74.86177825519995,1.0
4603.098617969604,Portland,Clear;Sunny,72.6790856694117,1.0
4616.691166567956,Portland,Haze;Hazy,87.99999999999999,1.0
4625.555349434074,Portland,Haze;Cloudy,66.58773937651758,1.0
4639.5998202750625,Portland,Haze,80.31850971967059,1.0
4642.281310555392,Portland,Fog,83.27403887868238,1.0
4649.054147128614,Portland,Haze,82.40985601256472,1.0
4650.962800835721,Portland,Haze,78.63701943934119,1.0
4655.64429111605,Portland,Haze,76.31850971967059,1.0
4663.826983701839,Portland,Clear;Sunny,61.770431962305835,1.0
4676.101022580521,Portland,Clear,81.09134629289413,1.0
4678.009676287627,Portland,Clear,81.77283657322351,1.0
4694.691166567957,San Antonio,Clean,64.77043196230584,1.0
4714.283715166309,San Antonio,Clean,54.85937364428227,1.0
4718.192368873414,San Antonio,Fair,51.67668105849401,1.0
4721.192368873415,San Antonio,Cloudy,70.58773937651759,1.0
4732.419532300191,San Antonio,Light Freezing Rain;Sleet;Freezing Rain,85.77283657322353,1.0
4744.10102258052,San Antonio,Mainly Cloudy;Mostly Cloudy;Not totally Cloudy;Partly;Cloudy,79.9975953890823,1.0
4754.3281860072975,San Antonio,Mostly Cloudy;Mostly;Mainly Cloudy,80.54567314644706,1.0
4767.693571178875,San Antonio,Cloudy,58.906249096188176,1.0
4783.60222488598,San Antonio,Mainly Cloudy,76.18269258578825,1.0
4801.967610057556,San Antonio,Freezing Rain;Light Freezing,78.86658747703534,1.0
4805.557754044991,San Antonio,Freezing Rain;Light Freezing Rain;Freezing,84.63701943934119,1.0
4806.7849174717685,San Antonio,Freezing Drizzle;Freezing Rain;Light Freezing Drizzle;Light Freezing Drizzle Mist,86.0,1.0
4813.192368873415,San Antonio,Freezing Drizzle;Light Freezing;Light Freezing Drizzle Mist;Rain;Cloudy,83.45673146447062,1.0
4815.78251286085,San Antonio,Freezing Drizzle;Light Freezing Drizzle;Freezing Rain,87.09375090381181,1.0
4816.782512860851,San Antonio,Light Freezing Drizzle;Freezing Drizzle;Rain,82.81971202512945,1.0
4831.236839714404,San Antonio,Cloudy,85.77283657322353,1.0
4847.056551739533,San Antonio,Clear;Sunny,77.59254859835296,1.0
4858.876263764662,San Antonio,Partly Cloudy;Partly Sunny,67.90865370710586,1.0
4867.056551739533,San Antonio,Cloudy,62.72355651039992,1.0
4869.646695726968,San Antonio,Cloudy,60.679085669411705,1.0
4874.510878593086,San Antonio,Cloudy,67.72596112131761,1.0
4878.60222488598,San Antonio,Cloudy,67.72596112131761,1.0
4890.328186007298,San Diego,Overcast,61.13341252296464,1.0
4898.0096762876265,San Diego,Overcast,65.72596112131761,1.0
4908.510878593086,San Diego,Rain,74.3629805606588,1.0
4911.056551739533,San Diego,Cloudy;Overcast,72.49879769454115,1.0
4914.602224885979,San Diego,Cloudy,62.45192224263524,1.0
4920.46400314118,San Diego,Cloudy,77.54326853552936,1.0
4942.7849174717685,San Diego,Overcast,65.90624909618818,1.0
4950.375061459203,San Diego,Overcast,75.27163426776467,1.0
4958.145493421509,San Diego,Overcast,75.3185097196706,1.0
4979.3281860072975,San Diego,Cloudy,71.13581713388234,1.0
4982.101022580521,San Diego,Cloudy;Mostly Cloudy,70.45432685355294,1.0
4985.646695726969,San Diego,Clear,73.86418286611766,1.0
4989.101022580521,San Diego,Clear,74.3653851715765,1.0
4993.419532300191,San Diego,Clear;Sunny;Fair,85.730770343153,1.0
5000.419532300191,San Diego,Mainly Cloudy;Cloudy,70.68149028032941,1.0
5007.829388312757,San Diego,Overcast,71.13581713388234,1.0
5011.375061459204,San Diego,Fair,75.77283657322353,1.0
5016.375061459204,San Diego,Clean,80.40985601256472,1.0
5019.192368873415,San Diego,Fair,77.3185097196706,1.0
5030.829388312756,San Diego,Not totally Cloudy,62.27163426776468,1.0
5036.4664077520965,San Diego,Overcast,57.49639308362345,1.0
5038.829388312756,San Diego,Partly Cloudy;Mostly Clear;Partly;Clear,57.22235420494108,1.0
5045.056551739533,San Diego,Partly Cloudy;Not totally Cloudy,67.26922965684699,1.0
5054.7380420198615,San Diego,Partly Cloudy;Not totally Cloudy;Partly;Partly Sunny,58.950719937176395,1.0
5061.3281860072975,San Diego,Mostly Cloudy;Cloudy,55.67668105849402,1.0
5072.236839714404,San Diego,Partly Cloudy;Not totally Cloudy;Clear,67.36057594974112,1.0
5080.555349434074,San Francisco,Cloudy,72.90624909618818,1.0
5081.78251286085,San Francisco,Cloudy,71.54326853552935,1.0
5087.009676287627,San Francisco,Cloudy,62.08653707105873,1.0
5098.68876195704,San Francisco,Cloudy;Mostly Cloudy,62.95071993717639,1.0
5110.325781396379,San Francisco,Clean,65.3161051087529,1.0
5112.32578139638,San Francisco,Fair,69.27163426776468,1.0
5113.5529448231555,San Francisco,A Clouds,67.18028797487055,1.0
5117.915925383814,San Francisco,Cloudy,68.08894168197644,1.0
5122.278905944475,San Francisco,Overcast,69.95312454809408,1.0
5124.824579090921,San Francisco,Overcast with Haze,66.54326853552936,1.0
5125.824579090921,San Francisco,Overcast,60.45192224263523,1.0
5126.82457909092,San Francisco,Overcast,58.81490280329405,1.0
5135.140684199673,San Francisco,Overcast,59.13341252296464,1.0
5142.775299028098,San Francisco,Partly Cloudy;Cloudy;Mostly Clear,66.9531245480941,1.0
5147.40991385652,San Francisco,Partly Cloudy;Mostly Cloudy;Scattered Clouds,61.31850971967059,1.0
5153.728423576191,San Francisco,Cloudy;Overcast,56.54567314644706,1.0
5167.046933295862,San Francisco,Light;Light Snow;Snow,82.36538517157649,1.0
5187.04933790678,San Francisco,Mostly Cloudy;Mainly Cloudy,71.86418286611764,1.0
5195.957991613885,San Francisco,Partly Sunny;Cloudy;Partly Cloudy;Sunny,48.04447084098821,1.0
5224.869049931909,San Francisco,A Few Clouds,70.31850971967059,1.0
5231.9579916138855,San Francisco,Mist/Fog,74.23197264861184,1.0
5240.0914041368505,San Francisco,with Haze,75.09375090381181,1.0
5241.545730990403,San Francisco,Mist/Fog,77.4122606234824,1.0
5252.409913856521,San Francisco,Partly Cloudy;Partly,60.634614828423494,1.0
5259.817365258168,San Francisco,Cloudy,68.0,1.0
5265.908711551062,San Francisco,Snow;Light Snow;Flurries,79.63942405025888,1.0
5280.271692111721,San Francisco,Snow;Light Snow,84.63701943934119,1.0
5301.864240710073,San Francisco,Light Snow,88.81971202512943,1.0
5306.817365258169,San Francisco,Light Snow,90.18269258578826,1.0
5320.864240710073,San Francisco,Light Snow;Snow,79.18269258578826,1.0
5328.5012601494145,San Francisco,Cloudy;Haze,76.68629950216479,1.0
5338.22962588165,San Jose,Cloudy;Haze,69.45673146447062,1.0
5343.182750429744,San Jose,Mostly Cloudy,66.49879769454115,1.0
5348.227221270733,San Jose,Partly Cloudy;Partly Sunny;Scattered Clouds;Scattered,56.6814902803294,1.0
5351.044528684944,San Jose,Partly Cloudy;Scattered Clouds;Partly Sunny;Not totally Cloudy,61.40985601256472,1.0
5373.681548124286,San Jose,Overcast with Haze,70.22956803769416,1.0
5385.40991385652,San Jose,Cloudy;Overcast,58.227163426776464,1.0
5388.182750429744,San Jose,Light Snow;Snow;Flurries,56.59014398743527,1.0
5404.819769869086,San Jose,Partly Cloudy;Not totally Cloudy;Mostly Clear,86.18269258578825,1.0
5409.365443015532,San Jose,Fog;Freezing Fog,97.27403887868236,1.0
5412.409913856521,San Jose,Fog;Foggy,95.00240461091768,1.0
5427.409913856521,San Jose,Mostly Cloudy,59.58773937651758,1.0
5431.135874977838,San Jose,Mostly Cloudy;Mostly,60.906249096188176,1.0
5467.6863573461205,San Jose,Cloudy;Sleet;Light Sleet;Fog And Mist;Light Snow;Light Snow Mist,89.50120230545885,1.0
5470.6863573461205,San Jose,Light Snow;Flurries;Snow,88.81971202512943,1.0
5484.093808747767,San Jose,Cloudy;Overcast,71.77524118414122,1.0
5488.866645320992,San Jose,Cloudy;Overcast,74.45432685355293,1.0
5501.36784762645,San Jose,Clear,82.18269258578823,1.0
5516.096213358685,Seattle,Clear;Sunny,49.95071993717639,1.0
5519.004867065792,Seattle,Not totally Cloudy;Scattered Clouds;Mostly Sunny;Partly Cloudy,56.49639308362345,1.0
5527.323376785463,Seattle,Mostly Cloudy;Cloudy,74.31850971967059,1.0
5538.18755965158,Seattle,Cloudy,71,1.0
5543.641886505133,Seattle,Fair,69.27163426776468,1.0
5555.50606937125,Seattle,Overcast,76.90865370710587,1.0
5561.824579090921,Seattle,Cloudy;Overcast,75.27163426776467,1.0
5567.096213358685,Seattle,Cloudy,72.95312454809408,1.0
5573.595011053226,Seattle,Cloudy,80.72596112131762,1.0
5586.093808747768,Seattle,Drizzle;Overcast;Showers;Mist,92.09134629289412,1.0
5589.59260644231,Seattle,Fog;Overcast;Mist,88.45673146447061,1.0
5595.0914041368505,Seattle,Drizzle;Light Drizzle;Showers,93.18509719670593,1.0
5598.590201831391,Seattle,Drizzle;Light Drizzle;Showers,99.99999999999999,1.0
5602.0445286849435,Seattle,Fog,95.91105831802356,1.0
5609.180345818827,Seattle,Mostly Cloudy;Mostly,62.22475881585877,1.0
5612.953182392051,Seattle,Overcast,78.27163426776468,1.0
5621.59020183139,Seattle,Mist/Light Rain Fog,94.40985601256472,1.0
5632.0914041368505,Seattle,Mist/Fog,88.3185097196706,1.0
5641.135874977838,Seattle,Cloudy,64.26922965684699,1.0
5646.407509245603,Seattle,Cloudy,69.26922965684699,1.0
5651.407509245603,Seattle,Cloudy,75.45192224263525,1.0
5656.451980086592,Seattle,Cloudy,75.40745140164702,1.0
5665.679143513367,Seattle,Cloudy,72.26922965684697,1.0
5692.042124074026,Washington,Overcast,70.90865370710587,1.0
5698.632268061462,Washington,Overcast,64.77283657322353,1.0
5704.49645092758,Washington,A Few Clouds,55.088941681976436,1.0
5741.363038404615,Washington,Clear;Sunny,55.45192224263524,1.0
5771.9579916138855,Washington,Fair,48.40504679072934,1.0
5799.777703639015,Washington,Cloudy;Partly Cloudy;Scattered Clouds,45.36057594974111,1.0
5803.550540212239,Washington,Mostly Cloudy;Mainly Cloudy,44.22475881585877,1.0
5807.096213358685,Washington,Cloudy,49.13341252296464,1.0
5808.323376785463,Washington,Cloudy,53.77043196230583,1.0
5822.688761957039,Washington,Clear;Sunny,53.77043196230583,1.0
5829.278905944474,Washington,Sunny;Clear,36.86418286611766,1.0
5831.82457909092,Washington,Clear;Sunny,30.454326853552935,1.0
5851.412318467439,Washington,Clear,54.63942405025888,1.0
5855.456789308427,Washington,Clear,63.72596112131762,1.0
5868.138279588756,Washington,Overcast,54.77283657322352,1.0
5876.320972174544,Washington,Fair,62.135817133882334,1.0
5888.276501333557,Washington,Clear,44.81490280329406,1.0
5901.6863573461205,Washington,Clear,55.679085669411705,1.0
5918.864240710073,Washington,Mainly Cloudy;Cloudy,39.81971202512944,1.0
5926.5012601494145,Washington,Mainly Cloudy,37.318509719670594,1.0
5931.592606442309,Washington,Fair,47.04447084098821,1.0
5936.91111616198,Washington,Fair,49.04447084098821,1.0
5944.138279588756,Washington,Mostly Cloudy,48.861778255199965,1.0
5949.002462454873,Washington,Mostly Cloudy,44.997595389082306,1.0
5957.409913856521,Washington,Mostly Cloudy,55.81730741421175,1.0
5963.274096722638,Washington,Light Snow;Flurries;Snow,85.95793376992945,1.0
5968.819769869086,Washington,Cloudy;Light Snow;Overcast,85.50360691637653,1.0
5981.456789308428,Washington,Mostly Cloudy;Mainly Cloudy,59.548077757364744,1.0
5987.728423576192,Washington,Cloudy;Overcast,60.59014398743528,1.0
5989.182750429744,Washington,Overcast,54.864182866117645,1.0
5995.592606442309,Washington,Mist/Light Snow Fog,81.55048236828245,1.0
6007.866645320992,Washington,Mainly Cloudy,69.00480922183539,1.0
6009.093808747767,Washington,Mostly Cloudy,61.822116636047134,1.0
6025.412318467438,Washington,Snow;Light Snow;Flurries,77.63942405025887,1.0
6029.002462454874,Washington,Snow;Light Snow;Light,74.68389489124709,1.0
6033.866645320992,Washington,Snow;Overcast,83.95793376992948,1.0
6042.002462454873,Washington,Fog;Foggy;Light Freezing;Light Freezing Rain,85.46154068630601,1.0
6108.918329994733,Washington,Cloudy,74.63701943934119,1.0
6111.054147128616,Washington,Cloudy,71.82211663604714,1.0
6117.145493421508,Washington,Cloudy;Overcast,58.82211663604712,1.0
6120.918329994733,Washington,Cloudy;Overcast,66.14062635571773,1.0
6124.145493421509,Washington,Cloudy;Overcast,83.55048236828245,1.0
6153.967610057555,Washington,Cloudy;Light Rain,77.50360691637653,1.0
6160.192368873415,Washington,Cloudy;Light Rain,82.50120230545883,1.0
6163.236839714403,Washington,Rain;Light Rain,81.18509719670594,1.0
6188.1947734843325,Washington,Freezing Rain;Overcast,64.18269258578825,1.0
6246.29333360998,Washington,Fog;Overcast,80.50601152729422,1.0
6250.927948438404,Washington,Fog;Overcast;Dense Fog,88.59254859835298,1.0
6298.295738220898,Washington,Clear,40.13581713388234,1.0
6301.841411367344,Washington,Cloudy;Sunny;Mostly Cloudy,45.498797694541146,1.0
6320.070979405038,Washington,Clear;Sunny,54.454326853552935,1.0
6339.300547442732,Washington,Clean,53.6814902803294,1.0
6344.164730308851,Washington,Fair,61.40985601256472,1.0
6352.937566882074,Washington,A Few Clouds,57.67908566941172,1.0
6354.164730308851,Washington,A Clouds,55.95071993717639,1.0
6355.391893735627,Washington,A Few Clouds,55.04206623007052,1.0
6359.117854856944,Washington,Few Clouds,43.54567314644706,1.0
6378.8017497481915,Washington,Cloudy;Clear,46.634614828423494,1.0
6386.710403455299,Washington,Cloudy;Overcast,50.3137004978352,1.0
6393.893096041085,Washington,Light Snow;Snow,79.6814902803294,1.0
6407.799345137274,Washington,Cloudy;Overcast,56.72355651039992,1.0
6415.663528003391,Washington,Clear;Not totally Cloudy;Mostly Clear,60.72355651039992,1.0
6428.483240028521,Washington,Sunny;Clear,45.40504679072932,1.0
6448.80415435911,Washington,Mostly,62.22716342677646,1.0
6451.349827505556,Washington,Cloudy,57.409856012564724,1.0
6453.349827505556,Washington,Overcast,59.91105831802357,1.0
6459.712808066215,Washington,Partly Cloudy,53.042066230070525,1.0
6469.530115480427,Washington,Cloudy,60.138221744800035,1.0
6474.893096041086,Washington,Mostly Cloudy;Mainly Cloudy;Clear;Sunny,50.08653707105873,1.0
6489.211605760757,Washington,Clear;Mostly Clear;Partly,68.6814902803294,1.0
6492.438769187534,Washington,Mainly Cloudy;Partly Cloudy,72.40985601256472,1.0
6504.8017497481915,Washington,Cloudy;Overcast,53.995190778164606,1.0
6508.619057162405,Washington,Cloudy,50.72596112131762,1.0
6517.527710869509,Washington,Partly Cloudy,71.72596112131762,1.0
6519.527710869509,Washington,Partly Cloudy,72.86177825519997,1.0
6523.436364576615,Washington,Partly Cloudy,74.72596112131762,1.0
6531.3918937356275,Washington,Overcast,56.042066230070525,1.0
6533.846220589179,Washington,Overcast,48.40504679072934,1.0
6539.209201149839,Washington,Overcast,43.86177825519997,1.0
6551.890691430169,Washington,Light Snow;Snow;Flurries,90.50120230545885,1.0
6552.890691430168,Washington,Light Snow;Snow;Flurries,90.50120230545885,1.0
6561.162325697933,Washington,Light Snow;Flurries;Snow,85.50360691637653,1.0
6574.115450246028,Washington,Partly Cloudy;Not totally Cloudy;Not totally Sunny,64.54807775736475,1.0
6575.569777099581,Washington,Not totally Cloudy;Partly Sunny;Partly;Partly Cloudy,61.09375090381182,1.0
6595.572181710499,Washington,Mist/Fog,82.54807775736475,1.0
6604.253671990828,Washington,Mostly Cloudy,67.45192224263523,1.0
6615.253671990827,Washington,Not totally Cloudy;Partly Cloudy;Partly,85.81971202512943,1.0
6620.6166525514855,Washington,Partly Sunny;Partly Cloudy;Cloudy;Scattered Clouds,75.59014398743528,1.0
6626.796940526357,Washington,Partly Cloudy;Mostly Cloudy;Not totally Cloudy;Scattered Clouds,56.86418286611766,1.0
6636.387084513791,Washington,Partly Cloudy;Cloudy;Clear,45.54086392461167,1.0
6651.43155535478,Washington,Partly Cloudy;Mostly Clear;Sunny;Mainly Sunny,75.72596112131761,1.0
6654.204391928003,Washington,Partly Cloudy;Clear;Not totally Cloudy,78.27163426776468,1.0
6655.977228501227,Washington,Mostly Cloudy;Mainly Cloudy;Mostly;Clear,75.95312454809408,1.0
6664.387084513792,Washington,Mostly Cloudy;Mainly Cloudy;Sunny,46.26682504592929,1.0
6667.705594233462,Washington,Clean,49.72115189948223,1.0
6681.07097940504,Washington,A Few Clouds,78.27163426776468,1.0
6685.024103953134,Washington,Not totally Cloudy,76.72596112131761,1.0
6695.522901647673,Washington,Cloudy,51.6322102175058,1.0
6702.794535915439,Washington,Partly Cloudy;Sunny;Not totally Cloudy,48.45192224263524,1.0
6707.79453591544,Washington,Partly Cloudy;Mainly Sunny;Mostly Clear,58.09134629289412,1.0
6719.614247940568,Washington,Mostly Cloudy;Mainly Cloudy;Mostly,55.77283657322352,1.0
6724.068574794122,Washington,Mostly Cloudy;Mainly Cloudy;Sunny,43.36057594974111,1.0
6725.977228501228,Washington,Mainly Cloudy;Mostly Cloudy;Intermittent,41.81490280329405,1.0
6728.79453591544,Washington,Cloudy;Mostly Cloudy,38.770431962305835,1.0
6744.295738220898,Washington,Clear;Sunny,71.50120230545883,1.0
6751.885882208333,Washington,Mostly Cloudy;Mostly;Intermittent Clouds,76.09134629289412,1.0
6754.885882208333,Washington,Mostly Cloudy;Cloudy;Mainly Cloudy,59.95312454809409,1.0
6758.113045635109,Washington,Mostly Cloudy;Mostly;Not totally Sunny,44.63461482842349,1.0
6759.340209061886,Washington,Not totally Cloudy;Scattered Clouds;Mostly Cloudy;Not totally Sunny;Mostly,46.72355651039993,1.0
6772.656314170638,Washington,Cloudy;Overcast,44.54326853552937,1.0
6777.883477597416,Washington,Not totally Cloudy;Cloudy;Partly Cloudy,69.90865370710587,1.0
6782.429150743861,Washington,Cloudy;Partly Cloudy,79.09134629289413,1.0
6799.246458158074,Washington,Mostly Cloudy,65.36298056065881,1.0
6801.47362158485,Washington,Few Clouds,69.22716342677647,1.0
6803.1551118651805,Washington,A Few Clouds,72.68149028032941,1.0
6816.974823890309,Washington,Cloudy,46.3137004978352,1.0
6821.201987317086,Washington,Mostly Cloudy;Mostly;Mainly Cloudy,48.948315326258694,1.0
6849.841411367344,Washington,Mainly Cloudy,56.86177825519996,1.0
6852.658718781557,Washington,Overcast,62.27163426776468,1.0
6864.387084513791,Washington,Partly Cloudy,46.63221021750581,1.0
6872.478430806686,Washington,Mostly Cloudy;Intermittent Clouds,41.03966161915283,1.0
6879.661123392474,Washington,Cloudy,63.31610510875291,1.0
6883.387084513792,Washington,Cloudy,62.318509719670594,1.0
6888.068574794122,Washington,Cloudy,60.81971202512944,1.0
6889.841411367344,Washington,Cloudy,59.3653851715765,1.0
6899.705594233463,Washington,Mostly Cloudy;Mostly;Mainly Cloudy;Not totally Sunny,35.26922965684699,1.0
6902.522901647674,Washington,Mostly Cloudy;Sunny;Mainly Cloudy,33.997595389082306,1.0
6909.841411367345,Washington,Mostly Cloudy,58.138221744800035,1.0
6919.841411367344,Washington,Overcast,64.86418286611764,1.0
6944.298142831815,Washington,Cloudy;Overcast,63.90865370710587,1.0
6948.389489124709,Washington,Mostly Cloudy;Cloudy,73.95552915901177,1.0
6954.935162271156,Washington,Partly Cloudy;Scattered Clouds;Mostly Clear,83.14062635571773,1.0
6960.9351622711565,Washington,Not totally Cloudy;Cloudy;Partly Cloudy,84.36778978249419,1.0
6979.3450182837205,Washington,Mainly Cloudy,73.36538517157649,1.0
6982.117854856945,Washington,Mainly Cloudy,74.72836573223532,1.0
6986.982037723062,Washington,Mainly Cloudy,74.0468754519059,1.0
6991.52771086951,Washington,Fog,91.82211663604713,1.0
6992.982037723062,Washington,Fog,87.09375090381181,1.0
7003.710403455297,Washington,Lt Rain,81.32091433058828,1.0
7010.120259467862,Washington,Light Rain;Rain;Cloudy,73.54807775736477,1.0
7021.939971492992,Washington,Cloudy;Overcast,74.41226062348241,1.0
7032.895500652004,Washington,Cloudy,75.4122606234824,1.0
7039.9868469448975,Washington,Cloudy,86.4122606234824,1.0
7048.715212677133,Washington,Fog;Overcast;Mist,91.36778978249419,1.0
7051.078193237791,Washington,Fog;Overcast;Mist,90.23197264861184,1.0
7065.851029811015,Washington,Cloudy;Mostly Cloudy,85.22716342677646,1.0
7093.169539530686,Washington,Lt Rain,83.81971202512942,1.0
7105.033722396804,Washington,Cloudy;Overcast,63.00240461091769,1.0
7117.939971492991,Washington,Light Rain;Light;Rain,88.00240461091768,1.0
7127.895500652005,Washington,Cloudy,90.95552915901177,1.0
7129.12266407878,Washington,Mostly Cloudy,90.27403887868236,1.0
7138.623866384239,Washington,Mostly Cloudy;Mainly Cloudy,80.13581713388234,1.0
7149.078193237792,Washington,Overcast,84.82211663604711,1.0
7160.033722396804,Washington,Mostly Cloudy,90.41226062348241,1.0
7163.942376103909,Washington,Not totally Cloudy,88.3185097196706,1.0
7169.214010371674,Washington,Mostly Cloudy,86.0,1.0
7190.349827505557,Washington,Cloudy,92.0,1.0
7192.349827505556,Washington,Cloudy;Overcast,81.9531245480941,1.0
7199.30295205365,Washington,Cloudy;Overcast,86.4098560125647,1.0
7223.759683518121,Washington,Rain,86.77283657322353,1.0
7235.759683518121,Washington,Cloudy;Light Rain;Rain;Showers,86.3653851715765,1.0
7240.851029811014,Washington,Rain;Severe Rain,81.77524118414121,1.0
7244.623866384239,Washington,Scattered Clouds;Showers;Mostly;Mainly Cloudy;Partly Cloudy;Mostly Cloudy;Cloudy,71.45673146447064,1.0
7251.033722396804,Washington,Cloudy,77.68389489124709,1.0
7282.762088129039,Washington,Overcast,80.40985601256472,1.0
7290.579395543251,Washington,Mist/Fog,79.63942405025888,1.0
7294.352232116474,Washington,Mist/Fog,81.27644348960007,1.0
7309.26088582358,Washington,Mist/Light Drizzle Fog,94.95552915901176,1.0
7316.57939554325,Washington,Partly Sunny;Scattered Clouds;Clear;Fair;Sunny,65.22235420494107,1.0
7325.307761275486,Washington,Clear,73.72355651039993,1.0
7330.260885823581,Washington,Clear,67.68389489124709,1.0
7349.036127007721,Washington,Clear,70.45673146447062,1.0
7366.668337225227,Washington,Cloudy;Overcast,88.90865370710587,1.0
7377.3967029574615,Washington,Cloudy;Overcast,83.49879769454114,1.0
7385.851029811015,Washington,Rain;Light Rain,91.68389489124709,1.0
7392.396702957463,Washington,Rain;Light Rain,91.00240461091768,1.0
7401.214010371675,Washington,Cloudy;Overcast;Rain;Mist,96.36538517157649,1.0
7419.759683518122,Washington,Mist/Light Rain Fog,81.4146652344001,1.0
7431.806558970028,Washington,Mist;Fog;Showers,85.32331894150597,1.0
7439.26088582358,Washington,Mist;Showers;Cloudy,91.22956803769415,1.0
7445.078193237791,Washington,Mist;Fog;Showers,74.19231102945902,1.0
7448.532520091344,Washington,Mist;Fog;Showers,89.4122606234824,1.0
7458.441173798451,Washington,Cloudy;Hazy,82.95552915901179,1.0
7470.851029811015,Washington,Mist/Light Drizzle Fog,88.45673146447061,1.0
7473.851029811016,Washington,Light Drizzle,90.86658747703534,1.0
7485.579395543251,Washington,Mist/Fog,84.18269258578825,1.0
7489.396702957462,Washington,Mist/Fog,89.90865370710586,1.0
7499.670741836145,Washington,Rain;Light Rain,92.99999999999999,1.0
7508.08059784871,Washington,Rain,96.90865370710586,1.0
7514.490453861274,Washington,Rain;Light,93.81730741421175,1.0
7515.944780714826,Washington,Rain;Light Rain,96.90865370710586,1.0
7526.581800154168,Washington,Mist/Light Rain Fog,84.82211663604711,1.0
7534.445983020286,Washington,Mist/Rain Fog,91.45673146447061,1.0
7539.808963580944,Washington,Mist/Light Rain Fog,96.0,1.0
7555.127473300616,Washington,Mostly Cloudy;Mainly Cloudy;Intermittent Clouds;Cloudy,79.72596112131761,1.0
7569.855839032851,Washington,Not totally Cloudy;Partly Cloudy;Mostly Clear,72.45673146447062,1.0
7578.265695045415,Washington,Haze;Fair;Hazy;Intermittent Clouds;Mostly Cloudy,77.45673146447062,1.0
7580.9471853257455,Washington,Mostly;Fair;Hazy;Mainly Cloudy;Intermittent;Mostly Cloudy,79.27403887868238,1.0
7583.174348752521,Washington,Haze;Intermittent Clouds;Mostly Cloudy,79.7283657322353,1.0
7616.13228252245,Washington,Mostly Cloudy,66.54567314644706,1.0
7634.949589936662,Washington,Clear;Mostly;Hazy,81.59254859835296,1.0
7638.403916790215,Washington,Fog;Partly Cloudy;Clear;Fog And Mist,81.22956803769416,1.0
7643.085407070545,Washington,Mostly Cloudy;Not totally Cloudy;Fog And Mist;Mainly Cloudy;Intermittent Clouds;Partly,74.95793376992947,1.0
7657.490453861275,Washington,Not totally Cloudy;Partly Cloudy;Scattered Clouds;Cloudy;Mainly Sunny,59.274038878682376,1.0
7667.12266407878,Washington,Partly Cloudy;Cloudy;Mostly Sunny;Mostly Cloudy;Scattered;Scattered Clouds,60.866587477035345,1.0
7683.438769187533,Washington,Partly Cloudy;Partly;Clouds,68.3677897824942,1.0
7693.621461773321,Washington,Haze;Partly Cloudy;Mostly Cloudy,72.23197264861184,1.0
7698.394298346544,Washington,Haze;Partly Sunny;Cloudy,70.82211663604714,1.0
7700.939971492991,Washington,Not totally Cloudy;Partly Sunny;Partly Cloudy,60.59254859835298,1.0
7708.893096041086,Washington,Partly Cloudy;Partly Sunny;Not totally Cloudy,66.77524118414122,1.0
7717.757278907203,Washington,Not totally Cloudy;Mostly;Cloudy,68.14062635571773,1.0
7723.8486252000985,Washington,Haze;Cloudy;Mostly Cloudy,66.32331894150597,1.0
7729.120259467862,Washington,Mostly Cloudy,61,1.0
7731.1202594678625,Washington,A Few Clouds,69.50120230545883,1.0
7735.3918937356275,Washington,A Few Clouds,68.13822174480003,1.0
7738.436364576615,Washington,A Few,73.36538517157649,1.0
7745.480835417604,Washington,Partly Cloudy,72.00480922183537,1.0
7750.433959965698,Washington,A Few Clouds,70.86658747703534,1.0
7763.298142831814,Washington,Mostly Cloudy;Cloudy;Mainly Cloudy,65.41226062348241,1.0
7774.6166525514855,Washington,Haze;Partly Cloudy;Fair;Hazy,72.00480922183537,1.0
7777.525306258592,Washington,Cloudy;Haze,72.0492800628236,1.0
7785.07097940504,Washington,Haze;Intermittent Clouds;Mostly Cloudy,74.0492800628236,1.0
7792.070979405038,Washington,Mostly Cloudy;Mainly Cloudy,59.68389489124711,1.0
7805.799345137275,Washington,Haze,70.91346292894126,1.0
7809.253671990828,Washington,Overcast,69.45673146447062,1.0
7819.345018283721,Washington,Mostly Cloudy,70.58773937651759,1.0
7827.663528003392,Washington,Mostly Cloudy,80.63461482842348,1.0
7840.890691430169,Washington,Cloudy;Haze;Partly Cloudy,78.91105831802356,1.0
7845.663528003392,Washington,Cloudy;Haze;Mainly Cloudy,72.91105831802356,1.0
7849.754874296285,Washington,Cloudy;Mostly Cloudy,64.50120230545883,1.0
7857.754874296287,Washington,Mostly Cloudy,78.86177825519997,1.0
7864.253671990827,Washington,Overcast,78.22716342677647,1.0
7876.846220589181,Washington,Overcast,73.09134629289412,1.0
7886.117854856944,Washington,Cloudy;Mostly;Overcast,87.86418286611764,1.0
7898.937566882075,Washington,Mostly Cloudy;Cloudy;Mainly Cloudy,68.9531245480941,1.0
7924.258481212662,Washington,Mostly Cloudy;Mainly Cloudy,84.04447084098821,1.0
7926.621461773321,Washington,Mostly Cloudy;Cloudy,86.08894168197642,1.0
7946.567372488662,Washington,Mostly Cloudy;Mainly Cloudy,79.09134629289413,1.0
7974.616652551486,Washington,Light Rain;Showers;Cloudy,67.6346148284235,1.0
7977.752469685368,Washington,Light Rain;Showers,84.0024046109177,1.0
7979.433959965698,Washington,Cloudy;Rain;Overcast,88.13822174480005,1.0
7982.433959965698,Washington,Rain;Cloudy;Overcast,89.3629805606588,1.0
7994.93035304932,Washington,Partly Cloudy;Mostly Cloudy;Not totally Cloudy,93.50120230545883,1.0
8000.567372488662,Washington,Partly Cloudy;Mostly Cloudy,91.18269258578823,1.0
8001.567372488662,Washington,Mostly Cloudy;Mostly;Mainly Cloudy,91.86418286611764,1.0
8014.246458158073,Washington,Mostly Cloudy;Cloudy,78.36538517157649,1.0
8031.829388312755,Washington,Mostly Cloudy;Mostly;Not totally Cloudy,84.49879769454114,1.0
8033.60222488598,Washington,Partly;Partly Sunny;Scattered Clouds,80.40745140164702,1.0
8047.0962133586845,Washington,Partly Cloudy;Scattered Clouds;Partly,64.50360691637654,1.0
8051.096213358685,Washington,Partly Cloudy;Partly,78.55048236828245,1.0
8057.093808747767,Washington,Partly Cloudy;Not totally Cloudy;Cloudy,81.04928006282361,1.0
8064.864240710073,Washington,Partly Cloudy;Not totally Cloudy,83.91346292894124,1.0
8090.9579916138855,Washington,Mostly Cloudy;Mainly Cloudy;Mostly,77.68389489124709,1.0
8093.775299028098,Washington,Not totally Cloudy;Mostly Cloudy;Cloudy;Mostly,75.18509719670594,1.0
8096.320972174544,Washington,Mostly Cloudy;Cloudy;Intermittent Clouds,76.59495320927066,1.0
8123.597415664144,Washington,Cloudy,62.68389489124709,1.0
8124.597415664145,Washington,Cloudy,58.6838948912471,1.0
8150.915925383815,Washington,Cloudy;Mainly Cloudy,71.59495320927067,1.0
8153.278905944474,Washington,Cloudy,68.82211663604713,1.0
8182.372656848286,Washington,Mostly Cloudy;Mainly Cloudy,79.77283657322354,1.0
8185.735637408944,Washington,Cloudy;Overcast,74.50360691637653,1.0
8190.098617969603,Washington,Mostly Cloudy;Cloudy,76.18509719670594,1.0
8195.278905944475,Washington,Mostly Cloudy;Mostly,76.41466523440009,1.0
8201.957991613886,Washington,Mostly Cloudy;Not totally Cloudy;Partly,82.86658747703535,1.0
8250.555349434075,Washington,Cloudy;Mostly Cloudy,85.27644348960007,1.0
8274.967610057556,Washington,Mostly Cloudy;Cloudy,86.4122606234824,1.0
8285.377466070122,Washington,Cloudy,56.81971202512944,1.0
8287.967610057556,Washington,Mostly Cloudy,60.90865370710587,1.0
8291.194773484332,Washington,Mostly,55.68389489124709,1.0
8296.147898032426,Washington,Mainly Cloudy,61.81730741421175,1.0
8302.23924432532,Washington,Mostly,83.27403887868238,1.0
8364.246458158073,Washington,Partly Cloudy;Mainly Cloudy;Partly Sunny;Cloudy,69.50360691637654,1.0
8369.337804450968,Washington,Cloudy;Mostly,51.09134629289413,1.0
8374.246458158073,Washington,Cloudy,77.50120230545885,1.0
8380.883477597416,Washington,Cloudy;Not totally Cloudy,87.54807775736474,1.0
8386.974823890308,Washington,Clear;Cloudy,85.13822174480003,1.0
8393.110641024192,Washington,Mainly Cloudy,66.77524118414122,1.0
8405.93035304932,Washington,Fair,77.86899208795303,1.0
8411.476026195769,Washington,Cloudy;Overcast,48.50120230545885,1.0
8426.567372488662,Washington,Cloudy;Mainly Cloudy;Scattered Clouds,84.49879769454114,1.0
8433.750065074451,Washington,Cloudy;Overcast,87.59014398743528,1.0
8438.204391928004,Washington,Cloudy;Overcast,74.45192224263525,1.0
8471.38948912471,Washington,Cloudy,77.72836573223532,1.0
8474.70799884438,Washington,Partly Cloudy;Cloudy;Not totally Cloudy,87.09375090381181,1.0
8486.56977709958,Washington,Partly Cloudy;Not totally Cloudy,91.86418286611764,1.0
8489.159921087015,Washington,Clear;Mist;Not totally Cloudy,91.36778978249419,1.0
8493.977228501226,Washington,Cloudy;Mainly Cloudy,92.09134629289412,1.0
8500.295738220897,Washington,Not totally Cloudy;Partly;Cloudy,62.40745140164703,1.0
8518.752469685369,Washington,Mostly,87.36778978249419,1.0
8525.979633112143,Washington,Partly,56.09375090381182,1.0
8533.56977709958,Washington,Fair,54.45192224263524,1.0
8539.661123392474,Washington,Mostly Cloudy;Cloudy;Mainly Cloudy,72.13581713388234,1.0
8557.890691430168,Washington,Cloudy,83.81971202512942,1.0
8561.70799884438,Washington,Cloudy;Scattered Clouds;Mostly Cloudy;Mainly Cloudy,74.96033838084716,1.0
8567.253671990828,Washington,Clear;Cloudy,75.64182866117656,1.0
8573.433959965696,Washington,Mostly Cloudy;Cloudy;Fog,89.13822174480002,1.0
8574.4339599657,Washington,Cloudy;Partly;Scattered Clouds;Partly Cloudy,84.04687545190589,1.0
8588.616652551485,Washington,Overcast,68.50360691637654,1.0
8592.07097940504,Washington,Overcast,68.50360691637654,1.0
8595.525306258593,Washington,Mostly Cloudy,79.86658747703534,1.0
8605.115450246027,Washington,Fair,81.50360691637654,1.0
8619.935162271157,Washington,Cloudy,69.45913607538832,1.0
8630.982037723063,Washington,Light Rain;Showers,79.82452124696482,1.0
8633.527710869508,Washington,Cloudy;Light;Light Rain,74.96033838084716,1.0
8643.026508564051,Washington,Light Rain;Rain,84.04687545190589,1.0
8646.70799884438,Washington,Cloudy;Overcast,84.7283657322353,1.0
8651.253671990828,Washington,Cloudy;Overcast,84.82211663604711,1.0
8671.256076601745,Washington,Mostly Cloudy;Mainly Cloudy;Cloudy,68.04928006282361,1.0
8683.075788626873,Washington,Cloudy;Mainly Cloudy,76.0961555147295,1.0
8689.757278907202,Washington,Mostly Cloudy,68.59495320927066,1.0
8693.211605760756,Washington,Overcast,82.13822174480003,1.0
8702.075788626875,Washington,Rain,84.63701943934119,1.0
8710.120259467863,Washington,Cloudy,83.32091433058828,1.0
8712.120259467862,Washington,Cloudy,82.91105831802355,1.0
8718.530115480427,Washington,Cloudy;Light Rain;Overcast,82.81971202512945,1.0
8727.80174974819,Washington,Light Rain;Showers,75.64182866117656,1.0
8737.98444233398,Washington,Partly Cloudy;Mostly Cloudy;Not totally Cloudy;Clouds,75.41466523440009,1.0
8758.300547442734,Washington,Overcast,78.50360691637654,1.0
8780.939971492991,Washington,Mostly Cloudy;Mainly Cloudy;Intermittent,64.63701943934119,1.0
8784.893096041085,Washington,Not totally Cloudy;Scattered Clouds;Intermittent Clouds;Partly Cloudy,63.50360691637653,1.0
8791.574586321416,Washington,Mostly Cloudy;Mainly Cloudy,65.32331894150599,1.0
8798.256076601745,Washington,Cloudy;Light Rain,80.63942405025888,1.0
8807.757278907202,Washington,Light Rain;Showers,86.18509719670594,1.0
8810.98444233398,Washington,Mostly Cloudy,61.6814902803294,1.0
8812.211605760756,Washington,Mainly Cloudy,61.45432685355292,1.0
8827.075788626875,Washington,Partly Cloudy,72.82452124696482,1.0
8836.576990932334,Washington,Partly Cloudy;Scattered Clouds;Clear,39.046875451905905,1.0
8848.441173798452,Washington,Cloudy;Overcast,43.45192224263524,1.0
8853.031317785886,Washington,Cloudy;Overcast,42.042066230070525,1.0
8865.028913174969,Washington,Clear;Overcast;Partly Cloudy;Scattered Clouds,47.543268535529364,1.0
8870.028913174969,Washington,Partly Cloudy;Overcast,61.3161051087529,1.0
8881.665932614309,Washington,Mostly Cloudy;Mostly;Sunny;Intermittent Clouds,57.22235420494108,1.0
8886.120259467862,Washington,Cloudy;Overcast,50.493988472705766,1.0
8910.757278907202,Washington,Mainly Cloudy,55.36057594974111,1.0
8927.668337225226,Washington,Cloudy;Overcast,46.85937364428227,1.0
8934.44117379845,Washington,Cloudy;Overcast,49.95071993717639,1.0
8940.214010371674,Washington,Snow;Light Rain,83.77043196230584,1.0
8944.305356664569,Washington,Snow;Light Rain;Light,77.54326853552936,1.0
8950.349827505557,Washington,Snow;Light Snow;Light Rain,80.81730741421175,1.0
8974.579395543251,Washington,Sunny;Clear,41.90384448527048,1.0
8979.532520091345,Washington,Sunny;Clear;Overcast,41.58533476559989,1.0
8984.031317785886,Washington,Cloudy;Light Rain;Mainly Cloudy,66.54326853552936,1.0
8991.258481212662,Washington,Cloudy;Overcast,69.04206623007052,1.0
9018.488049250356,Washington,Fair,64.44951763171754,1.0
9033.399107568379,Washington,Mostly Cloudy;Mainly Cloudy;Light Rain,76.04206623007052,1.0
9042.216414982591,Washington,Cloudy;Overcast,76.49879769454115,1.0
9049.349827505555,Washington,Cloudy;Overcast,73.08894168197642,1.0
9062.349827505557,Washington,Mostly,41.72355651039992,1.0
9071.668337225226,Washington,Mostly,72.13341252296465,1.0
9075.167134919768,Washington,Mostly Cloudy,74.45192224263525,1.0
9077.712808066215,Washington,Mostly Cloudy,79.08894168197644,1.0
9105.94237610391,Washington,Overcast;Light Snow;Flurries;Cloudy,83.63701943934117,1.0
9108.986846944897,Washington,Cloudy;Overcast,87.59014398743528,1.0
9114.258481212662,Washington,Fog;Overcast;Mist;Light Fog;Fog And Mist,89.27163426776467,1.0
9115.712808066215,Washington,Fog;Light Fog;Fog And Mist;Light Snow;Scattered Clouds;Light Snow Mist,87.45432685355291,1.0
9117.167134919768,Washington,Fog;Cloudy;Overcast;Mostly Cloudy;Mainly Cloudy,85.22716342677646,1.0
9122.483240028521,Washington,Cloudy;Haze;Overcast,81.18028797487055,1.0
9127.574586321416,Washington,Cloudy;Overcast;Light,65.86177825519995,1.0
9142.394298346544,Washington,Mist/Fog,85.68149028032938,1.0
1743.6619930951838,Austin,Rain,97.45216013,1.0
1748.706463936172,Austin,Rain,87.60702815,1.0
1753.9336273629483,Austin,Rain,97.59783439,1.0
1757.160790789725,Austin,Mostly,89.02166854,1.0
1768.2521370826191,Austin,Cloudy,81.74425897,1.0
1780.61271303236,Austin,Overcast,94.417279,1.0
1785.0670398859131,Austin,Overcast,75.1433176,1.0
1788.2942033126894,Austin,Overcast,79.47060433,1.0
1792.2473278607838,Austin,Overcast,85.26542769,1.0
1797.1559815678895,Austin,And Mist,85.63830168,1.0
1805.0646352749955,Austin,Fog Mist,75.69671831,1.0
1813.2473278607836,Austin,Overcast,82.04687545190589,1.0
1842.6571838733485,Austin,Overcast,67.59473144,1.0
1854.7485301662423,Austin,Sunny,74.06290634,1.0
1863.8843473001248,Austin,Sunny,48.53690155,1.0
1879.6127130323598,Austin,Overcast,96.99611188,1.0
1882.7485301662425,Austin,Overcast,92.93694273,1.0
1894.3855496055837,Austin,Overcast,88.68511716,1.0
1901.7930010072307,Austin,Rain,101.910094,1.0
1909.0646352749955,Austin,Fog And,100.8980354,1.0
1912.2004524088777,Austin,Rain,97.65628612,1.0
1921.6103084214424,Austin,Fog Mist,87.9072288,1.0
1927.7016547143364,Austin,Mist/Fog,93.6814902803294,1.0
1953.704059325254,Austin,Fog And,96.14180232,1.0
1959.9756935930188,Austin,And Mist,94.58036548,1.0
1993.1163199487366,Austin,Mist/Fog,88.49879769454115,1.0
1998.6151176432775,Austin,Mist/Fog,86.0,1.0
2001.3879542165014,Baltimore,Overcast with Haze,82.04447084098821,1.0
2005.8867519110424,Austin,Unclear,72.88036911,1.0
2018.9780982039363,Austin,Rain,81.37636988,1.0
2022.3410787645957,Austin,Rain,83.74606902,1.0
2026.4324250574896,Austin,Rain,101.7259733,1.0
2046.1607907897248,Baltimore,Overcast,82.95312454809408,1.0
2057.479300509395,Baltimore,Mist/Light Rain Fog,93.6814902803294,1.0
2059.160790789725,Baltimore,Mist/Light Rain Fog,91.36298056065881,1.0
2069.75093477716,Baltimore,Clean,41.68566875,1.0
2087.5237713503834,Baltimore,Sunny,42.12586385,1.0
2116.0718491077487,Baltimore,Fair,51.859373644282265,1.0
2121.1631954006425,Baltimore,A Few Clouds,62.67908566941171,1.0
2133.9829074257723,Baltimore,Overcast,49.54086392461168,1.0
2150.0249736558426,Baltimore,Clean,29.63877797,1.0
2154.659588484266,Baltimore,Clean,33.12137963,1.0
2170.797810229066,Baltimore,Clean,74.85232228,1.0
2181.7533393880776,Baltimore,Light,63.94294653,1.0
2199.3458879864306,Baltimore,Sunny,31.28959957,1.0
2203.437234279325,Baltimore,Sunny,35.03650234,1.0
2218.528580572219,Baltimore,Clean,49.97188454,1.0
2231.3014171454424,Charlotte,Mainly Cloudy,68.86177825519995,1.0
2233.982907425772,Charlotte,Partly Cloudy,64.31610510875291,1.0
2249.3482925973485,Baltimore,Clean,43.24533764,1.0
2258.9853120366897,Baltimore,Clean,72.34524243,1.0
2266.666802317019,Baltimore,Clean,71.80922091,1.0
2281.3951680492546,Charlotte,Mostly Cloudy,64.6346148284235,1.0
2292.1235337814896,Charlotte,Overcast,57.96274299176486,1.0
2319.6271406978663,Baltimore,Clean,83.96622209,1.0
2328.582669856878,Charlotte,Light Snow,77.40985601256472,1.0
2339.6295453087837,Charlotte,Mist/Fog,83.18269258578825,1.0
2356.9949304803604,Boston,Sunny,45.72590279,1.0
2359.7677670535836,Boston,Sunny,33.40773804,1.0
2367.585074467796,Boston,Partly,28.96788007,1.0
2374.175218455231,Boston,Cloudy,30.94906093,1.0
2381.5850744677955,Boston,Overcast,36.79465934,1.0
2384.9480550284547,Boston,Overcast,44.45064639,1.0
2388.0838721623372,Boston,Mostly,42.2907727,1.0
2394.036996710431,Boston,Sunny,42.91670613,1.0
2400.9011795765487,Boston,Partly,33.66275538,1.0
2409.582669856878,Boston,Partly,30.08275246,1.0
2441.7677670535836,Boston,Sunny,28.2101541,1.0
2447.0394013213486,Boston,Sunny,37.74567263,1.0
2457.449257333913,Boston,Mostly,36.4066726,1.0
2466.313440200031,Boston,Overcast,41.44419586,1.0
2477.4047864929253,Boston,Overcast,44.98739484,1.0
2482.950459639372,Boston,Partly,37.79077173,1.0
2488.130747614243,Boston,Cloudy,33.96137362,1.0
2499.767767053584,Boston,Overcast,64.87685787,1.0
2504.9480550284543,Boston,Overcast,60.42471255,1.0
2517.39997727109,Boston,Sunny,69.95132063,1.0
2519.945650417537,Boston,Sunny,66.07115627,1.0
2543.585074467796,Boston,Partly,63.60656595,1.0
2556.39997727109,Chicago,Not totally Cloudy;Partly Cloudy;Mostly Clear,38.49639308362346,1.0
2561.4913235639838,Chicago,Overcast;Cloudy,54.22235420494108,1.0
2565.582669856878,Chicago,Not totally Cloudy;Partly Cloudy,57.99519077816461,1.0
2569.3555064301017,Chicago,Partly Cloudy;Not totally Cloudy,61.72355651039992,1.0
2575.901179576548,Chicago,Cloudy;Overcast,53.49398847270576,1.0
2615.3603156519375,Chicago,Cloudy,72.13341252296465,1.0
2656.5478174595605,Chicago,Cloudy;Overcast,59.76802735138814,1.0
2661.22930773989,Chicago,Partly Cloudy;Scattered Clouds;Mostly Clear,50.3137004978352,1.0
2686.187241509819,Columbus,Partly Cloudy;Scattered Clouds;Mist;Cloudy,92.0468754519059,1.0
2688.9600780830433,Columbus,Mostly Cloudy;Intermittent;Mist;Fog And Mist,94.77524118414121,1.0
2689.960078083043,Columbus,Mostly Cloudy;Mainly Cloudy,87.45673146447064,1.0
2698.597097522384,Columbus,Not totally Cloudy;Partly Cloudy;Mostly Sunny;Sunny,53.44951763171755,1.0
2747.512965062243,Columbus,Cloudy,82.81730741421175,1.0
2752.831474781913,Columbus,Cloudy,82.95312454809408,1.0
2762.4192141584313,Columbus,Partly Cloudy;Cloudy;Scattered,75.81730741421174,1.0
2763.4192141584313,Columbus,Partly Cloudy;Not totally Cloudy,78.13581713388234,1.0
2765.6463775852076,Columbus,Partly Cloudy;Not totally Cloudy,81.13581713388234,1.0
2789.8266655600783,Columbus,Sunny;Mainly Sunny;Fair;Partly Cloudy;Partly,51.54326853552937,1.0
2794.6908484261958,Columbus,Clear,68.40985601256472,1.0
2830.964887304878,Columbus,Mostly Cloudy;Mainly Cloudy;Intermittent Clouds,69.95312454809408,1.0
2832.7377238781023,Columbus,Partly Cloudy;Mainly Sunny;Mostly Clear,55.36057594974111,1.0
2849.962482693961,Columbus,Cloudy,71.49879769454115,1.0
2863.5550312923137,Columbus,Drizzle;Light Drizzle;Showers,90.50120230545885,1.0
2895.922821074808,Columbus,Fog;Overcast;Mist;Light Fog,92.27403887868238,1.0
2897.922821074808,Columbus,Fog;Overcast;Mist,91.86418286611764,1.0
2904.3326770873728,Columbus,Fog,97.50120230545883,1.0
2920.7353192671844,Columbus,Fog,98.4098560125647,1.0
2929.3230586437016,Columbus,Fog,98.4098560125647,1.0
2932.8218563382425,Columbus,Fog;Overcast;Mist,90.91346292894126,1.0
2968.599502133302,Dallas,Cloudy;Mostly Cloudy;Mostly,60.0,1.0
2970.8266655600787,Dallas,Cloudy;Mostly Cloudy;Mainly Cloudy,57.681490280329406,1.0
2975.9180118529725,Dallas,Mostly Cloudy;Mostly,51.49879769454115,1.0
2980.599502133302,Dallas,Cloudy;Mostly Cloudy;Partly Sunny,67.45192224263523,1.0
3002.728105434431,Dallas,Mainly Sunny;Partly Cloudy;Not totally Cloudy,62.31610510875291,1.0
3007.182432287984,Dallas,Partly Cloudy;Partly;Mostly Clear;Scattered,59.72836573223531,1.0
3011.955268861207,Dallas,Cloudy;Overcast,66.86177825519997,1.0
3016.8639225683132,Dallas,Cloudy,69.04206623007052,1.0
3019.226903128972,Dallas,Cloudy,68.13341252296465,1.0
3030.40959571476,Dallas,Cloudy;Haze,58.86177825519996,1.0
3035.5898836896313,Dallas,A Few Clouds,66.58773937651758,1.0
3038.498537396737,Dallas,Clean,61.81971202512944,1.0
3046.770171664502,Dallas,Partly Cloudy,68.86177825519995,1.0
3049.5874790787134,Dallas,Partly Cloudy,69.77043196230584,1.0
3051.268969359043,Dallas,A Few Clouds,68.22716342677647,1.0
3065.7653624426657,Dallas,Overcast,66.08894168197642,1.0
3078.2665647481253,Dallas,Mostly Cloudy;Cloudy;Mostly,71.3605759497411,1.0
3097.859113346478,Dallas,Partly Cloudy;Scattered Clouds;Not totally Cloudy,62.859373644282265,1.0
3101.950459639372,Dallas,Mostly Cloudy;Partly;Intermittent Clouds;Partly Cloudy,70.6322102175058,1.0
3110.3603156519366,Dallas,Cloudy;Overcast,78.3161051087529,1.0
3114.268969359043,Dallas,Cloudy;Mostly Cloudy;Mainly Cloudy,68.27403887868238,1.0
3123.357911041019,Dallas,Mostly Cloudy;Mainly Cloudy,82.86177825519997,1.0
3128.812237894572,Denver,Partly Cloudy;Mostly;Not totally Cloudy;Mostly Sunny,68.95552915901177,1.0
3147.1776230661485,Denver,Haze;Partly Cloudy;Hazy,68.32091433058828,1.0
3150.3134402000314,Denver,Cloudy;Haze,73.31850971967059,1.0
3163.2665647481253,Denver,Overcast,75.40745140164702,1.0
3172.9949304803604,Denver,Overcast with Haze,80.04447084098821,1.0
3178.994930480361,Denver,Overcast with Haze,80.04447084098821,1.0
3182.767767053584,Denver,Partly Cloudy;Cloudy;Partly;Partly Sunny,68.26922965684699,1.0
3193.8146425054897,Denver,Snow;Flurries;Light Snow;Light,91.63701943934117,1.0
3210.5874790787134,Denver,Cloudy;Haze,74.45432685355293,1.0
3214.360315651937,Denver,Overcast Haze,65.95312454809408,1.0
3245.1824322879843,Denver,Cloudy;Haze,81.3629805606588,1.0
3255.5009420076544,Denver,Cloudy;Haze,82.04447084098821,1.0
3269.636759141537,Denver,Mist/Light Snow Fog,83.63701943934117,1.0
3275.135556836078,Denver,Light Snow,82.18028797487055,1.0
3283.5454128486426,Denver,Overcast with Haze,82.3629805606588,1.0
3288.9997397021953,Denver,Overcast with Haze,82.3629805606588,1.0
3307.4564711666662,Denver,Cloudy;Overcast;Sunny,59.950719937176395,1.0
3310.9107980202193,Denver,Sunny;Cloudy;Clean;Mostly Cloudy,58.22235420494108,1.0
3329.728105434431,Denver,Sunny;Cloudy;Fair;Mostly Cloudy,73.6814902803294,1.0
3334.681229982525,Detroit,Partly Cloudy;Sunny;Mostly Clear,80.81730741421175,1.0
3342.226903128972,Detroit,Haze;Hazy;Sunny,74.6814902803294,1.0
3343.6812299825256,Detroit,Haze;Fair;Hazy;Intermittent Clouds,76.72596112131761,1.0
3349.044210543184,Detroit,Clear;Mostly Cloudy;Fair;Cloudy,62.04206623007052,1.0
3354.27137396996,Detroit,Mostly Cloudy;Cloudy;Clear,54.22235420494108,1.0
3381.774980886337,Detroit,Cloudy;Overcast,60.72355651039992,1.0
3391.3206540327838,Detroit,Cloudy;Clear,63.58773937651758,1.0
3398.3206540327838,Detroit,Cloudy;Overcast,63.814902803294046,1.0
3411.866327179231,Detroit,Clear;Mostly Clear;Fair,60.72355651039992,1.0
3420.1379614469956,Detroit,Partly Cloudy;Clear;Sunny,75.95312454809408,1.0
3439.8639225683132,Detroit,Clear;Sunny;Partly;Fair,59.04447084098821,1.0
3443.9552688612075,Detroit,Sunny,49.36057594974111,1.0
3450.7281054344307,Detroit,Cloudy;Overcast,72.90865370710587,1.0
3452.8639225683132,Detroit,Cloudy;Overcast,75.40745140164702,1.0
3456.362720262854,Detroit,Cloudy;Scattered Clouds,82.95312454809408,1.0
3492.5946929114666,Detroit,Cloudy;Overcast,64.86418286611764,1.0
3547.6932530371137,Detroit,Cloudy;Snow;Light Snow,71.81971202512945,1.0
3553.6463775852076,Detroit,Light Snow;Cloudy;Overcast,82.13581713388234,1.0
3596.559840514149,Detroit,Light Rain;Rain,81.4146652344001,1.0
3610.3326770873723,Detroit,Cloudy;Mostly Cloudy,62.73077034315301,1.0
3625.698062258949,Detroit,Cloudy;Mostly Cloudy,79.0516846737413,1.0
3628.833879392831,Detroit,Cloudy;Haze,72.36778978249419,1.0
3631.515369673161,Detroit,Cloudy;Haze,70.91105831802356,1.0
3638.3326770873723,Detroit,Cloudy,63.22956803769415,1.0
3652.3795525392784,Detroit,Mist/Fog,76.64182866117656,1.0
3666.0141673677017,El Paso,Overcast with Haze,72.18509719670594,1.0
3673.875945622902,El Paso,Overcast,61.18509719670594,1.0
3683.967291915796,El Paso,Cloudy;Overcast,67.50360691637654,1.0
3688.421618769349,El Paso,Cloudy;Overcast,75.90865370710587,1.0
3697.2858016354667,El Paso,Cloudy;Overcast,73.77283657322353,1.0
3699.7401284890198,El Paso,Cloudy;Overcast,75.13581713388233,1.0
3722.557435903231,El Paso,Cloudy;Overcast,70.4146652344001,1.0
3726.103109049678,El Paso,Cloudy;Overcast,70.18750180762363,1.0
3728.103109049678,El Paso,Cloudy;Overcast,79.77524118414122,1.0
3745.149984501584,El Paso,Cloudy;Overcast,72.81971202512945,1.0
3757.056233597773,El Paso,Rain;Light Rain;Light,79.50360691637654,1.0
3770.6463775852076,El Paso,Mist/Fog,79.81971202512943,1.0
3785.374743317443,El Paso,Mist/Light Rain Fog,87.91105831802358,1.0
3787.1475798906667,El Paso,Light Rain;Rain;Cloudy,82.91105831802355,1.0
3790.8735410119843,El Paso,Light Rain;Rain,74.96033838084716,1.0
3793.918011852972,El Paso,Overcast;Cloudy,83.0024046109177,1.0
3796.4636849994195,El Paso,Cloudy,70.54567314644706,1.0
3801.0093581458664,El Paso,Cloudy,79.63701943934119,1.0
3809.2785878027134,El Paso,Cloudy;Haze,81.90865370710587,1.0
3833.4636849994195,Fort Worth,Overcast with Haze,83.68149028032938,1.0
3841.100704438761,Fort Worth,Overcast Haze,83.13581713388234,1.0
3852.1475798906663,Fort Worth,Cloudy,63.814902803294046,1.0
3853.1475798906663,Fort Worth,Mostly,61.04206623007052,1.0
3856.466089610337,Fort Worth,Cloudy;Mostly Cloudy,67.95312454809408,1.0
3881.7870039409254,Fort Worth,Mostly,61.22716342677646,1.0
3892.8314747819136,Fort Worth,Overcast,85.77283657322353,1.0
