entity,Domain,Conditions,Humidity,day
1718.0881355060922,Fort Worth,Mostly Cloudy,87.59134761434369,1.0
1721.0881355060924,Fort Worth,Overcast,84.50068910825438,1.0
1738.4507695304496,Fort Worth,Fog;Partly Cloudy;Not totally Cloudy;Scattered Clouds,92.22733537347766,1.0
1755.3587328078513,Fort Worth,Partly Cloudy;Mostly Cloudy,80.22733537347767,1.0
1761.1774157956727,Fort Worth,Partly Cloudy;Clear;Clean;Sunny;Intermittent Clouds,73.2733537347767,1.0
1763.314092663061,Fort Worth,Partly Cloudy;Clear,76.2733537347767,1.0
1770.4047511691506,Fort Worth,Partly;Partly Cloudy;Partly Sunny,57.047396577807795,1.0
1789.630708326119,Fort Worth,Mist/Fog,90.40865238565628,1.0
1792.9487022056862,Fort Worth,A Few Clouds,73.09203672259808,1.0
1800.8120253382979,Fort Worth,A Few,40.458805396481644,1.0
1803.9487022056862,Fort Worth,A Few Clouds,36.18545166170493,1.0
1808.54004982003,Fort Worth,Not totally Cloudy,37.09479315561561,1.0
1819.4507695304496,Fort Worth,Mostly Clear;Partly;Mainly Sunny,39.274731951285474,1.0
1825.4967878917487,Fort Worth,Clear;Sunny,46.77542105953986,1.0
1841.2234341569715,Fort Worth,Not totally Cloudy;Mostly Cloudy;Clear;Mostly;Partly Cloudy,36.77404284303109,1.0
1849.1787940121817,Fort Worth,Mostly Cloudy;Sunny,37.77679927604863,1.0
1851.9514586387036,Fort Worth,Partly Cloudy;Cloudy;Mostly Cloudy;Clear,57.09341493910684,1.0
1860.3154708795698,Fort Worth,Mainly Cloudy;Partly Cloudy;Mostly Cloudy;Mostly Clear,58.592725830852466,1.0
1885.177415795673,Houston,Cloudy,58.23009180649521,1.0
1890.9500804221948,Houston,Cloudy,86.81868298782138,1.0
1902.9947205669853,Houston,Overcast,66.77542105953985,1.0
1910.1313974343736,Houston,Overcast,88.41003060216507,1.0
1926.4033729526416,Houston,Clear,52.04877479431658,1.0
1935.7687634100162,Houston,Clear,69.82006120433013,1.0
1938.2234341569717,Houston,Clear,54.36676867388356,1.0
1950.862178349123,Houston,Clear;Partly Cloudy;Mainly Sunny,48.13943330040589,1.0
1956.18017222869,Houston,Sunny;Mostly Sunny,50.45742717997288,1.0
1973.8608001326143,Houston,Clean,73.04601836129903,1.0
1990.541428036539,Houston,Mainly Cloudy;Mostly Cloudy;Intermittent Clouds,48.95673807171848,1.0
2020.7673851935074,Houston,Cloudy,59.95673807171849,1.0
2027.4033729526413,Houston,Partly Cloudy,57.457427179972875,1.0
2032.4033729526418,Houston,Not totally Cloudy,50.54946390257096,1.0
2038.1774157956727,Houston,Not totally Cloudy,46.00275643301753,1.0
2043.2234341569717,Houston,Not totally Cloudy,43.549463902570956,1.0
2048.086757289583,Houston,Mostly Cloudy,41.32212852909328,1.0
2067.1313974343734,Houston,Clear;Mostly Cloudy,51.49931089174561,1.0
2078.177415795673,Houston,Clear;Sunny,64.36263402435726,1.0
2098.2694525182706,Houston,Cloudy;Overcast,50.72664626522329,1.0
2104.2694525182706,Houston,Cloudy,54.68200612043301,1.0
2118.724123265226,Houston,Fair,63.17993879566986,1.0
2125.4061293856594,Houston,Clean,69.99724356698246,1.0
2138.7687634100166,Houston,Clear;Mostly Clear,49.135298650879584,1.0
2144.088135506092,Houston,Clear;Mostly Clear,62.00137821650876,1.0
2147.816159987824,Houston,Clear;Sunny,66.09203672259808,1.0
2169.5888246143463,Houston,Partly Cloudy;Partly Sunny;Scattered Clouds;Scattered;Not totally Cloudy,55.40727416914753,1.0
2180.770141626525,Houston,Clear;Clean;Mostly Clear,69.4519143139378,1.0
2185.952836855213,Houston,Clear;Fair,74.90796327740192,1.0
2191.9988552165114,Houston,Clear;Fair;Mostly Cloudy,80.45329253044657,1.0
2193.226190589989,Houston,Overcast;Cloudy;Clear,79.31661566305823,1.0
2211.4535259634667,Indianapolis,Cloudy,65.8173047713126,1.0
2215.4995443247662,Indianapolis,Clear;Cloudy,75.59134761434369,1.0
2217.863556565632,Indianapolis,Partly Cloudy;Cloudy,75.59134761434369,1.0
2244.9081967104225,Indianapolis,Clean,79.5439510365359,1.0
2250.1815504451993,Indianapolis,Clean,82.72664626522328,1.0
2265.0922701556183,Indianapolis,Cloudy,72.09203672259808,1.0
2273.7742762760513,Indianapolis,Cloudy;Overcast;Partly Cloudy,77.45467074695533,1.0
2287.7742762760518,Indianapolis,Light Snow;Flurries;Cloudy;Light,81.13667686738837,1.0
2294.86631299865,Indianapolis,Haze;Hazy;Cloudy;Partly Cloudy,71.3612558078485,1.0
2309.4562823964843,Indianapolis,Overcast,74.31523744654946,1.0
2317.001611649529,Indianapolis,Mist/Fog,70.81454833829507,1.0
2332.8189164208416,Indianapolis,Flurries;Cloudy;Fog And Mist;Light Snow;Light Snow Mist;Mist,80.04188371177273,1.0
2336.4102640351853,Indianapolis,Light Snow;Overcast;Flurries;Snow,80.95122520568341,1.0
2339.9555932882304,Indianapolis,Cloudy;Overcast;Fog,76.45191431393779,1.0
2341.1829286617076,Indianapolis,Cloudy;Fog;Mist,81.8605666995941,1.0
2350.364245673886,Indianapolis,Cloudy;Partly;Partly Cloudy,64.2259571569689,1.0
2353.7282579147522,Indianapolis,Cloudy,57.6346095426252,1.0
2365.5915810473643,Indianapolis,Mist/Light Snow Fog,77.67787147090671,1.0
2376.7756544925605,Indianapolis,Mist/Fog,75.04188371177274,1.0
2389.8202946373503,Jacksonville,Overcast,59.17993879566986,1.0
2395.6389776251717,Jacksonville,Light Snow;Snow;Light Snow Mist;Flurries,80.95122520568341,1.0
2401.0029898660378,Jacksonville,Cloudy,74.31523744654946,1.0
2406.8216728538596,Jacksonville,Mostly Cloudy;Cloudy,72.04326192828151,1.0
2412.821672853859,Jacksonville,Partly Cloudy;Not totally Cloudy;Partly Sunny,58.86194491610288,1.0
2429.5023007577834,Jacksonville,Mostly Cloudy,66.67924968741548,1.0
2434.002989866038,Jacksonville,Mostly Cloudy;Mainly Cloudy,75.77128641001356,1.0
2448.3656238903955,Jacksonville,Mostly Cloudy,56.77266462652232,1.0
2461.546940902574,Jacksonville,Mainly Cloudy,77.68062790392425,1.0
2465.319605529096,Jacksonville,Mainly Cloudy,69.63598775913397,1.0
2477.548319119083,Jacksonville,Partly,42.54670746955342,1.0
2479.684995986471,Jacksonville,Mostly Cloudy,30.999999999999996,1.0
2485.6849959864708,Jacksonville,Clear;Fair,57.90796327740192,1.0
2490.6849959864708,Jacksonville,Sunny;Clear,68.86194491610287,1.0
2507.8202946373503,Jacksonville,Cloudy;Overcast,45.50068910825438,1.0
2514.820294637351,Jacksonville,Not totally Cloudy;Mostly Clear;Scattered Clouds;Cloudy,59.543951036535894,1.0
2537.5496973355916,Jacksonville,Cloudy,78.36263402435726,1.0
2555.0071245155646,Jacksonville,Cloudy;Mainly Cloudy,45.36401224086603,1.0
2557.4617952625194,Las Vegas,Mostly Cloudy;Cloudy,41.0,1.0
2575.5538319851175,Las Vegas,Light Rain,88.81868298782136,1.0
2583.9624843707743,Las Vegas,Overcast,89.95535985520974,1.0
2591.916466009475,Las Vegas,Overcast,92.77266462652231,1.0
2606.552453768609,Las Vegas,Mostly Cloudy;Intermittent Clouds;Cloudy,33.72802448173206,1.0
2624.7379054303137,Las Vegas,Mainly Cloudy;Mostly Cloudy;Cloudy,54.72940269824082,1.0
2629.9652408037914,Las Vegas,Mostly Cloudy;Mostly,69.18269522868741,1.0
2649.963862587283,Las Vegas,Overcast,53.13805508389712,1.0
2657.1451795994612,Las Vegas,Mostly Cloudy,67.72802448173205,1.0
2669.1898197442515,Las Vegas,Mostly,41.36676867388356,1.0
2674.736527213805,Las Vegas,Mostly Cloudy,33.86470134912041,1.0
2696.1898197442515,Las Vegas,Light Rain;Showers,79.27197551826795,1.0
2708.9192224424924,Las Vegas,Light Rain;Rain,87.08928028958053,1.0
2716.327874828149,Las Vegas,Overcast,55.18131701217863,1.0
2722.9192224424924,Las Vegas,Overcast,72.09065850608931,1.0
2730.6472469242244,Las Vegas,Light Rain,87.59134761434369,1.0
2746.1493142489876,Las Vegas,Light,85.72802448173205,1.0
2752.785302008122,Las Vegas,Light Rain,92.22733537347766,1.0
2760.0126373815997,Las Vegas,Rain,89.95535985520974,1.0
2773.05727752639,Las Vegas,Clear,84.54670746955344,1.0
2788.9652408037914,Las Vegas,Cloudy;Overcast,90.72802448173206,1.0
2793.8285639364035,Las Vegas,Cloudy,81.45604896346411,1.0
2810.4673081285546,Las Vegas,Mist/Fog,79.31661566305823,1.0
2811.6946435020322,Las Vegas,Mist/Fog,80.95260342219218,1.0
2814.603984995943,Las Vegas,Mist/Fog,79.13392043437082,1.0
2816.2859911163764,Las Vegas,Mist/Fog,85.17993879566986,1.0
2819.1953326102866,Los Angeles,Mist/Fog,81.17993879566987,1.0
2823.967997236809,Los Angeles,Mist/Fog,82.86194491610287,1.0
2841.330631261166,Los Angeles,Cloudy;Overcast,74.58996939783493,1.0
2846.1032958876885,Los Angeles,Cloudy,71.27197551826794,1.0
2850.9666190203,Los Angeles,Cloudy,73.58996939783492,1.0
2857.7853020081216,Los Angeles,Cloudy,69.68062790392425,1.0
2863.648625140733,Los Angeles,Cloudy,70.8173047713126,1.0
2865.648625140733,Los Angeles,Cloudy,75.04464014479026,1.0
2869.330631261166,Los Angeles,Cloudy,75.04464014479026,1.0
2873.421289767256,Los Angeles,Cloudy,77.36263402435725,1.0
2888.329253044658,Los Angeles,Cloudy,78.04464014479026,1.0
2896.1019176711798,Los Angeles,Light Rain;Rain,79.77128641001356,1.0
2904.9206006590016,Los Angeles,Light Rain;Cloudy,82.77128641001356,1.0
2912.4673081285546,Los Angeles,Light Rain;Rain,84.13392043437081,1.0
2922.8759605142113,Los Angeles,Light Rain,79.77128641001356,1.0
2935.9666190202997,Los Angeles,Light Rain,91.77128641001356,1.0
2945.1479360324784,Los Angeles,Cloudy,77.18131701217862,1.0
2947.0572775263895,Los Angeles,Cloudy,79.0,1.0
2962.874582297702,Los Angeles,Cloudy,70.22733537347767,1.0
2972.5119482733453,Los Angeles,Sunny;Not totally Cloudy,61.63736597564274,1.0
2979.920600659001,Los Angeles,Overcast,78.63598775913398,1.0
2983.7392836468225,Los Angeles,Overcast,82.81730477131259,1.0
3000.3752714059565,Los Angeles,Mainly Cloudy,70.27335373477672,1.0
3007.920600659001,Los Angeles,Sunny;Partly Cloudy;Clear,69.50068910825439,1.0
3009.602606779434,Memphis,Clear;Sunny,69.49931089174561,1.0
3025.147936032479,Memphis,Sunny;Cloudy;Mostly,86.81868298782138,1.0
3032.875960514211,Memphis,Clear;Sunny;Overcast,67.81868298782138,1.0
3034.557966634644,Memphis,Light Rain;Cloudy;Clean,69.18131701217862,1.0
3058.104674104197,Memphis,Clean,86.95398163870097,1.0
3066.7866802246303,Memphis,Fair,80.0,1.0
3070.514704706362,Memphis,Fair,78.81868298782136,1.0
3071.969375453318,Memphis,Fair,77.45467074695533,1.0
3090.4686863450634,Memphis,Cloudy,81.77266462652231,1.0
3099.3320094776755,Memphis,Partly Cloudy;Fair,76.36401224086602,1.0
3106.106052320706,Memphis,Partly Cloudy;Clear;Scattered Clouds;Clean,72.86194491610289,1.0
3107.5607230676615,Memphis,Partly Cloudy;Not totally Cloudy;Clear,73.49793267523684,1.0
3112.9707536698265,Memphis,Partly;Scattered Clouds;Cloudy;Not totally Cloudy,79.18131701217861,1.0
3128.1060523207066,Memphis,Cloudy;Overcast;Fog And Mist,89.81730477131259,1.0
3132.2427291880945,Memphis,Cloudy;Overcast,83.27197551826794,1.0
3142.5147047063624,Memphis,Mostly Cloudy,80.95398163870095,1.0
3161.967997236809,Memphis,Cloudy,68.90796327740192,1.0
3174.6946435020322,Memphis,Cloudy,67.95260342219218,1.0
3184.1967108267954,Memphis,Cloudy,67.68062790392425,1.0
3188.015393814617,Memphis,Cloudy,67.04464014479028,1.0
3193.4700645615717,Memphis,Cloudy;Mostly Cloudy,60.86332313261164,1.0
3198.198089043304,Memphis,Cloudy;Mostly,59.18131701217863,1.0
3204.970753669826,Memphis,Cloudy,72.99999999999999,1.0
3210.3807842719916,Memphis,Cloudy,70.90796327740192,1.0
3213.062790392424,Memphis,Cloudy,67.72526804871451,1.0
3218.5174611393804,Memphis,Cloudy,74.31799387956698,1.0
3225.698778151559,Memphis,Cloudy,74.31799387956698,1.0
3231.3347659106926,Milwaukee,Cloudy;Mostly Cloudy,72.27335373477672,1.0
3242.564857717188,Milwaukee,Cloudy;Light;Light Rain,79.13529865087959,1.0
3264.1143216197593,Milwaukee,Rain;Cloudy,88.13529865087958,1.0
3270.2049801258477,Milwaukee,Rain;Showers;Cloudy,89.49931089174561,1.0
3291.2983950649545,Milwaukee,Mist/Rain Fog,87.59134761434369,1.0
3303.75306581191,Milwaukee,Overcast,86.99862178349123,1.0
3318.889742679299,Milwaukee,Cloudy,89.68200612043302,1.0
3323.9804011853876,Milwaukee,Cloudy,90.27197551826794,1.0
3325.9804011853876,Milwaukee,Cloudy,84.27197551826795,1.0
3331.75306581191,Milwaukee,Cloudy;Overcast,87.31661566305822,1.0
3359.5703705832234,Milwaukee,Mist/Fog,89.54532925304466,1.0
3367.252376703656,Milwaukee,Light Rain,79.77266462652234,1.0
3369.7070474506113,Milwaukee,Overcast,74.95398163870095,1.0
3373.753065811911,Milwaukee,Overcast,77.31799387956698,1.0
3381.6163889445224,Milwaukee,Cloudy;Mostly Cloudy,80.4086523856563,1.0
3390.843724317999,Milwaukee,Cloudy;Mostly Cloudy;Overcast,78.63598775913398,1.0
3392.071059691477,Milwaukee,Overcast;Cloudy,80.18131701217862,1.0
3397.6177671610308,Milwaukee,Light Rain;Mostly Cloudy;Cloudy,79.68200612043302,1.0
3399.299773281464,Milwaukee,Light Rain;Showers,82.0,1.0
3417.5257304384327,Milwaukee,Mostly Cloudy,81.13667686738837,1.0
3437.525730438432,Milwaukee,Overcast,76.77266462652231,1.0
3452.0250413301783,Milwaukee,Mostly Cloudy;Cloudy,65.3653904573748,1.0
3457.8437243179997,Milwaukee,Partly Cloudy;Sunny;Cloudy,61.365390457374794,1.0
3470.2077365588652,Milwaukee,Mostly Cloudy;Mainly Cloudy;Overcast;Intermittent Clouds,75.00137821650877,1.0
3472.9804011853885,Milwaukee,Cloudy;Overcast,72.31937209607575,1.0
3482.479712077133,Nashville,Mostly Cloudy,62.274731951285474,1.0
3494.297016848446,Nashville,A Few Clouds,72.54670746955343,1.0
3511.2049801258477,Nashville,Mostly Cloudy,47.82006120433013,1.0
3534.748931162384,Nashville,Partly Cloudy;Not totally Cloudy;Sunny;Cloudy;Scattered,60.91071971041944,1.0
3537.294260415428,Nashville,Partly Cloudy;Not totally Cloudy;Scattered Clouds;Mostly Sunny,60.91071971041944,1.0
3549.7503093788932,Nashville,Partly Cloudy;Mostly Clear,75.2733537347767,1.0
3566.4769556441156,Nashville,Clear;Sunny,71.1826952286874,1.0
3571.9776447523705,Nashville,Sunny;Clear,57.77266462652233,1.0
3586.885608029772,Nashville,Cloudy;Overcast,74.08928028958056,1.0
3595.5215957889063,Nashville,Fair,75.04464014479026,1.0
3614.1589617645486,Nashville,Mist/Fog,78.77128641001357,1.0
3619.2956386319374,Nashville,Partly;Partly Sunny;Mostly Clear,75.95535985520972,1.0
3622.2956386319374,Nashville,Mostly Cloudy;Mainly Cloudy,54.320750312584515,1.0
3624.5229740054147,Nashville,Mostly Cloudy;Cloudy,60.36539045737479,1.0
3640.886986246281,Nashville,Cloudy,78.8647013491204,1.0
3654.93300460758,Nashville,Cloudy,63.7740428430311,1.0
3662.796327740192,Nashville,Overcast,59.410030602165065,1.0
3676.931626391071,Nashville,Overcast,58.54670746955342,1.0
3681.8409678849816,Nashville,Overcast,56.95398163870097,1.0
3688.8423461014904,Nashville,Overcast,68.82006120433013,1.0
3699.023663113669,Nashville,Cloudy,77.49931089174562,1.0
3703.387675354535,Nashville,Light Snow;Flurries;Cloudy;Light,73.67787147090671,1.0
3711.568992366714,Nashville,Haze;Cloudy;Snow,65.49655445872808,1.0
3723.840967884982,Nashville,Overcast,68.5872129648174,1.0
3735.0222848971607,Nashville,Overcast with Haze,69.8605666995941,1.0
3736.7042910175933,Nashville,Overcast with Haze,70.99724356698246,1.0
3743.1143216197584,Nashville,Overcast with Haze,67.54257282002712,1.0
3763.567614150205,Nashville,Cloudy;Overcast,46.95260342219218,1.0
3767.3402787767277,Nashville,Cloudy,69.6346095426252,1.0
3772.0222848971607,Nashville,Cloudy;Mainly Cloudy;Mostly Cloudy;Mostly,70.54395103653589,1.0
3784.4783338606244,New York,Mostly Cloudy;Mainly Cloudy;Clear,70.40727416914753,1.0
3790.4783338606244,New York,Cloudy;Overcast;Sunny,82.682006120433,1.0
3798.524352221924,New York,Cloudy;Overcast,68.58996939783493,1.0
3805.2970168484467,New York,Mostly Cloudy,74.1826952286874,1.0
3815.0250413301774,New York,Mostly Cloudy,68.58859118132615,1.0
3821.8883644627895,New York,Mainly Cloudy,76.13529865087959,1.0
3825.433693715834,New York,Overcast,73.90658506089315,1.0
3836.387675354535,New York,Overcast,72.54257282002712,1.0
3849.3416569932365,New York,Cloudy;Overcast,78.63323132611644,1.0
3870.568992366714,New York,Cloudy;Overcast,84.90796327740192,1.0
3884.615010728013,New York,Cloudy,65.72526804871453,1.0
3903.3890535710448,New York,Mostly Cloudy;Mainly Cloudy,65.90796327740192,1.0
3914.479712077133,New York,Cloudy;Not totally Cloudy;Mostly,87.95122520568341,1.0
3919.4797120771336,New York,Cloudy,71.54257282002712,1.0
3928.206358342357,New York,Mostly Cloudy,69.99724356698246,1.0
3931.206358342357,New York,Not totally Cloudy,73.04188371177274,1.0
3935.661029089312,New York,Overcast,74.9052068443844,1.0
3942.2077365588657,Oklahoma City,Overcast,78.72526804871451,1.0
3956.6163889445215,Oklahoma City,Cloudy;Light Rain,84.2259571569689,1.0
3970.298395064955,Oklahoma City,Cloudy;Overcast,84.67924968741548,1.0
3975.5257304384327,Oklahoma City,Rain;Overcast,84.90658506089316,1.0
3987.980401185388,Oklahoma City,Overcast,83.13529865087959,1.0
3997.0710596914773,Oklahoma City,Mist/Light Rain Fog,93.13529865087959,1.0
4024.8883644627895,Oklahoma City,Cloudy,69.2259571569689,1.0
4034.387675354535,Oklahoma City,Partly Cloudy;Sunny;Cloudy,62.408652385656296,1.0
4036.1603399810574,Oklahoma City,Mostly Cloudy;Partly Sunny;Mainly Cloudy,67.4086523856563,1.0
4053.524352221924,Oklahoma City,Overcast,71.27197551826794,1.0
4058.0250413301774,Oklahoma City,Overcast,77.45467074695533,1.0
4071.615010728013,Oklahoma City,Cloudy,69.72802448173205,1.0
4074.842346101491,Oklahoma City,Mostly Clear,67.22871358998643,1.0
4076.6150107280127,Oklahoma City,Clear;Mostly;Cloudy,73.41003060216507,1.0
4082.2523767036564,Oklahoma City,Clear;Mainly Cloudy;Cloudy;Fair,69.77266462652233,1.0
4084.252376703656,Oklahoma City,Mostly Cloudy;Clear;Intermittent Clouds;Fair,70.90934149391069,1.0
4093.7516875954016,Philadelphia,Mostly Cloudy;Intermittent Clouds;Mostly Sunny;Sunny,42.32075031258452,1.0
4101.344413426254,Philadelphia,Mostly Cloudy;Intermittent Clouds;Fair,44.04877479431657,1.0
4134.478333860625,Philadelphia,Mainly Cloudy,44.8214394208389,1.0
4145.0236631136695,Philadelphia,A Few Clouds,71.86332313261164,1.0
4158.432315499325,Philadelphia,Mostly Cloudy;Clear;Intermittent Clouds;Fair,59.228713589986434,1.0
4163.160339981057,Philadelphia,Clear;Mostly;Partly Cloudy;Clean;Mostly Cloudy,69.18269522868741,1.0
4167.705669234102,Philadelphia,Mostly Cloudy;Clear;Clean,70.72802448173206,1.0
4177.979022968879,Philadelphia,Clear;Partly Cloudy;Mostly Sunny;Sunny,77.2733537347767,1.0
4214.567614150205,Philadelphia,Clear;Not totally Cloudy;Sunny;Partly,41.503445541271915,1.0
4221.204980125848,Philadelphia,Sunny;Clear,48.18545166170494,1.0
4223.204980125848,Philadelphia,Clear,62.866079565629164,1.0
4226.432315499325,Philadelphia,Clear,62.82006120433014,1.0
4232.840967884982,Philadelphia,Clear;Partly Cloudy,69.04739657780782,1.0
4236.114321619759,Philadelphia,Clear;Mostly Clear;Not totally Cloudy,63.5913476143437,1.0
4252.022284897161,Philadelphia,A Few Clouds,62.45467074695534,1.0
4256.522974005415,Philadelphia,A Few Clouds,68.82006120433013,1.0
4260.2956386319365,Philadelphia,Clear;Scattered Clouds;Not totally Sunny;Clean;Sunny,66.36539045737479,1.0
4270.114321619759,Philadelphia,Mainly Cloudy;Clear;Mostly Cloudy;Cloudy,46.68338433694178,1.0
4281.840967884982,Philadelphia,Cloudy;Not totally Cloudy,72.13805508389713,1.0
4285.06830325846,Philadelphia,Mostly Cloudy;Partly Cloudy,58.72940269824082,1.0
4286.750309378893,Phoenix,Mainly Cloudy;Clear;Sunny,53.72940269824082,1.0
4290.432315499325,Phoenix,Sunny;Mainly Cloudy;Clear;Fair,41.82006120433014,1.0
4296.751687595402,Phoenix,Clear;Mainly Cloudy;Intermittent Clouds;Partly Cloudy,43.548085686062194,1.0
4308.023663113669,Phoenix,Mostly Cloudy,61.68338433694178,1.0
4319.069681474969,Phoenix,Mostly,59.317993879566984,1.0
4323.252376703656,Phoenix,Cloudy,65.00137821650877,1.0
4333.433693715834,Phoenix,Clear;Mainly Cloudy;Clean;Mostly Cloudy,43.95673807171849,1.0
4349.705669234102,Phoenix,Clear;Mostly Clear;Fair,62.725268048714526,1.0
4354.568992366714,Phoenix,Sunny;Clear;Fair;Scattered Clouds;Scattered;Partly Sunny,41.04464014479027,1.0
4358.250998487147,Phoenix,Sunny;Partly Sunny;Fair;Clear,38.04739657780781,1.0
4361.705669234102,Phoenix,Mostly Cloudy,44.86607956562918,1.0
4369.570370583223,Phoenix,Mostly Cloudy,46.86332313261164,1.0
4372.707047450611,Phoenix,Mostly,54.95535985520973,1.0
4394.661029089311,Phoenix,Clear,75.81868298782136,1.0
4403.979022968879,Phoenix,Sunny;Clear,54.81730477131261,1.0
4405.206358342357,Phoenix,Sunny;Clear,54.13529865087959,1.0
4411.479712077134,Phoenix,Sunny;Clear,49.13943330040589,1.0
4426.88836446279,Phoenix,Clear,79.2733537347767,1.0
4443.069681474969,Phoenix,Haze;Sunny;Mainly Sunny,55.13943330040589,1.0
4448.2523767036555,Phoenix,Fair,48.77128641001355,1.0
4450.934382824089,Phoenix,Fair,53.95398163870095,1.0
4454.389053571044,Phoenix,Fair,58.27335373477671,1.0
4460.845102534508,Phoenix,Fair,53.95398163870095,1.0
4469.072437907986,Phoenix,Fair,74.27197551826794,1.0
4474.027797763195,Phoenix,Haze,70.95122520568343,1.0
4475.800462389719,Phoenix,Haze,67.86056669959412,1.0
4491.755822244927,Phoenix,Haze,51.09341493910685,1.0
4496.755822244928,Phoenix,Sunny;Clear,66.72940269824083,1.0
4507.301151497972,Phoenix,Cloudy;Haze;Mainly Cloudy;Unclear,76.31661566305822,1.0
4509.210492991883,Phoenix,Hazy;Haze;Partly Cloudy;Fair,79.95398163870095,1.0
4536.61776716103,Phoenix,Clear;Sunny,83.68200612043302,1.0
4541.527108654941,Portland,Haze;Hazy Sunshine;Sunny;Clear,86.09065850608931,1.0
4544.891120895807,Portland,Sunny;Haze;Hazy,78.09203672259808,1.0
4547.255133136673,Portland,Sunny;Hazy;Haze,68.4560489634641,1.0
4551.665163738838,Portland,Sunny;Clear,58.3653904573748,1.0
4557.757200461437,Portland,Clear;Haze;Mostly Sunny,55.54808568606219,1.0
4567.620523594048,Portland,Clear,76.77266462652231,1.0
4581.8018406062265,Portland,Fair,55.638744192151506,1.0
4589.755822244928,Portland,Overcast,82.59134761434368,1.0
4599.482468510151,Portland,Sunny;Clear,74.86470134912041,1.0
4602.800462389718,Portland,Clear;Sunny,72.68338433694177,1.0
4616.390431787553,Portland,Haze;Hazy,88.0,1.0
4625.253754920164,Portland,Haze;Cloudy,66.59272583085246,1.0
4639.299773281465,Portland,Haze,80.31799387956697,1.0
4641.981779401897,Portland,Fog,83.27197551826794,1.0
4648.754444028419,Portland,Haze,82.4086523856563,1.0
4650.663785522329,Portland,Haze,78.63598775913398,1.0
4655.345791642763,Portland,Haze,76.31799387956698,1.0
4663.527108654942,Portland,Clear;Sunny,61.7740428430311,1.0
4675.79908417321,Portland,Clear,81.0906585060893,1.0
4677.70842566712,Portland,Clear,81.77266462652231,1.0
4694.390431787553,San Antonio,Clean,64.77404284303108,1.0
4713.980401185388,San Antonio,Clean,54.86607956562917,1.0
4717.889742679299,San Antonio,Fair,51.68476255345054,1.0
4720.889742679298,San Antonio,Cloudy,70.59272583085246,1.0
4732.117078052776,San Antonio,Light Freezing Rain;Sleet;Freezing Rain,85.77266462652233,1.0
4743.799084173209,San Antonio,Mainly Cloudy;Mostly Cloudy;Not totally Cloudy;Partly;Cloudy,80.00137821650875,1.0
4754.026419546687,San Antonio,Mostly Cloudy;Mostly;Mainly Cloudy,80.54532925304466,1.0
4767.389053571043,San Antonio,Cloudy,58.91071971041945,1.0
4783.298395064954,San Antonio,Mainly Cloudy,76.18131701217864,1.0
4801.661029089312,San Antonio,Freezing Rain;Light Freezing,78.86194491610289,1.0
4805.2523767036555,San Antonio,Freezing Rain;Light Freezing Rain;Freezing,84.63598775913397,1.0
4806.479712077134,San Antonio,Freezing Drizzle;Freezing Rain;Light Freezing Drizzle;Light Freezing Drizzle Mist,85.99999999999999,1.0
4812.889742679298,San Antonio,Freezing Drizzle;Light Freezing;Light Freezing Drizzle Mist;Rain;Cloudy,83.45329253044657,1.0
4815.4810902936415,San Antonio,Freezing Drizzle;Light Freezing Drizzle;Freezing Rain,87.08928028958053,1.0
4816.4810902936415,San Antonio,Light Freezing Drizzle;Freezing Drizzle;Rain,82.81730477131259,1.0
4830.935761040597,San Antonio,Cloudy,85.77266462652233,1.0
4846.75306581191,San Antonio,Clear;Sunny,77.58996939783492,1.0
4858.570370583224,San Antonio,Partly Cloudy;Partly Sunny,67.90934149391069,1.0
4866.753065811909,San Antonio,Cloudy,62.72940269824082,1.0
4869.344413426254,San Antonio,Cloudy,60.68338433694178,1.0
4874.207736558866,San Antonio,Cloudy,67.72802448173205,1.0
4878.298395064955,San Antonio,Cloudy,67.72802448173205,1.0
4890.026419546686,San Diego,Overcast,61.138055083897115,1.0
4897.7084256671205,San Diego,Overcast,65.72802448173205,1.0
4908.207736558866,San Diego,Rain,74.36401224086602,1.0
4910.75306581191,San Diego,Cloudy;Overcast,72.50068910825438,1.0
4914.298395064955,San Diego,Cloudy,62.456048963464106,1.0
4920.163096414076,San Diego,Cloudy,77.54670746955341,1.0
4942.479712077134,San Diego,Overcast,65.91071971041946,1.0
4950.071059691478,San Diego,Overcast,75.2733537347767,1.0
4957.845102534508,San Diego,Overcast,75.31799387956698,1.0
4979.026419546687,San Diego,Cloudy,71.13667686738836,1.0
4981.799084173209,San Diego,Cloudy;Mostly Cloudy,70.45467074695534,1.0
4985.344413426254,San Diego,Clear,73.86332313261164,1.0
4988.799084173209,San Diego,Clear,74.36263402435725,1.0
4993.117078052776,San Diego,Clear;Sunny;Fair,85.72526804871451,1.0
5000.117078052776,San Diego,Mainly Cloudy;Cloudy,70.68200612043302,1.0
5007.525730438432,San Diego,Overcast,71.13667686738836,1.0
5011.071059691477,San Diego,Fair,75.77266462652233,1.0
5016.071059691477,San Diego,Clean,80.4086523856563,1.0
5018.889742679299,San Diego,Fair,77.31799387956698,1.0
5030.525730438432,San Diego,Not totally Cloudy,62.27335373477671,1.0
5036.161718197566,San Diego,Overcast,57.502067324763146,1.0
5038.525730438433,San Diego,Partly Cloudy;Mostly Clear;Partly;Clear,57.23009180649521,1.0
5044.753065811909,San Diego,Partly Cloudy;Not totally Cloudy,67.27473195128547,1.0
5054.435071932344,San Diego,Partly Cloudy;Not totally Cloudy;Partly;Partly Sunny,58.95673807171849,1.0
5061.026419546687,San Diego,Mostly Cloudy;Cloudy,55.68476255345055,1.0
5071.935761040598,San Diego,Partly Cloudy;Not totally Cloudy;Clear,67.3653904573748,1.0
5080.253754920164,San Francisco,Cloudy,72.91071971041946,1.0
5081.4810902936415,San Francisco,Cloudy,71.54670746955343,1.0
5086.7084256671205,San Francisco,Cloudy,62.09341493910685,1.0
5098.391810004061,San Francisco,Cloudy;Mostly Cloudy,62.95673807171848,1.0
5110.027797763196,San Francisco,Clean,65.31937209607575,1.0
5112.027797763196,San Francisco,Fair,69.2733537347767,1.0
5113.255133136674,San Francisco,A Clouds,67.1826952286874,1.0
5117.619145377539,San Francisco,Cloudy,68.09203672259808,1.0
5121.983157618405,San Francisco,Overcast,69.95535985520972,1.0
5124.52848687145,San Francisco,Overcast with Haze,66.54670746955343,1.0
5125.52848687145,San Francisco,Overcast,60.456048963464106,1.0
5126.528486871451,San Francisco,Overcast,58.82006120433014,1.0
5134.847858967526,San Francisco,Overcast,59.13805508389712,1.0
5142.485224943168,San Francisco,Partly Cloudy;Cloudy;Mostly Clear,66.95535985520972,1.0
5147.122590918811,San Francisco,Partly Cloudy;Mostly Cloudy;Scattered Clouds,61.317993879566984,1.0
5153.440584798378,San Francisco,Cloudy;Overcast,56.545329253044656,1.0
5166.7585786779455,San Francisco,Light;Light Snow;Snow,82.36263402435726,1.0
5186.757200461436,San Francisco,Mostly Cloudy;Mainly Cloudy,71.86332313261164,1.0
5195.666541955347,San Francisco,Partly Sunny;Cloudy;Partly Cloudy;Sunny,48.04601836129904,1.0
5224.574505232749,San Francisco,A Few Clouds,70.31799387956698,1.0
5231.666541955347,San Francisco,Mist/Fog,74.22457894046015,1.0
5239.804597039243,San Francisco,with Haze,75.08928028958054,1.0
5241.2592677861985,San Francisco,Mist/Fog,77.40727416914754,1.0
5252.1225909188115,San Francisco,Partly Cloudy;Partly,60.63736597564273,1.0
5259.532621520976,San Francisco,Cloudy,68.0,1.0
5265.623280027066,San Francisco,Snow;Light Snow;Flurries,79.6346095426252,1.0
5279.9872922679315,San Francisco,Snow;Light Snow,84.63598775913397,1.0
5301.577261665767,San Francisco,Light Snow,88.81730477131259,1.0
5306.532621520977,San Francisco,Light Snow,90.18131701217862,1.0
5320.577261665766,San Francisco,Light Snow;Snow,79.18131701217861,1.0
5328.2132494249,San Francisco,Cloudy;Haze,76.67924968741546,1.0
5337.939895690124,San Jose,Cloudy;Haze,69.45329253044657,1.0
5342.895255545333,San Jose,Mostly Cloudy,66.50068910825438,1.0
5347.941273906634,San Jose,Partly Cloudy;Partly Sunny;Scattered Clouds;Scattered,56.68200612043301,1.0
5350.759956894455,San Jose,Partly Cloudy;Scattered Clouds;Partly Sunny;Not totally Cloudy,61.40865238565629,1.0
5373.395944653588,San Jose,Overcast with Haze,70.2259571569689,1.0
5385.1225909188115,San Jose,Cloudy;Overcast,58.227335373477665,1.0
5387.895255545333,San Jose,Light Snow;Snow;Flurries,56.5913476143437,1.0
5404.531243304467,San Jose,Partly Cloudy;Not totally Cloudy;Mostly Clear,86.18131701217862,1.0
5409.076572557512,San Jose,Fog;Freezing Fog,97.27197551826792,1.0
5412.122590918811,San Jose,Fog;Foggy,94.99862178349122,1.0
5427.122590918811,San Jose,Mostly Cloudy,59.59272583085246,1.0
5430.850615400543,San Jose,Mostly Cloudy;Mostly,60.91071971041944,1.0
5467.393188220571,San Jose,Cloudy;Sleet;Light Sleet;Fog And Mist;Light Snow;Light Snow Mist,89.49931089174561,1.0
5470.393188220571,San Jose,Light Snow;Flurries;Snow,88.81730477131259,1.0
5483.803218822734,San Jose,Cloudy;Overcast,71.77128641001356,1.0
5488.575883449258,San Jose,Cloudy;Overcast,74.45467074695534,1.0
5501.075194341003,San Jose,Clear,82.18131701217864,1.0
5515.8018406062265,Seattle,Clear;Sunny,49.95673807171849,1.0
5518.711182100137,Seattle,Not totally Cloudy;Scattered Clouds;Mostly Sunny;Partly Cloudy,56.502067324763146,1.0
5527.029175979704,Seattle,Mostly Cloudy;Cloudy,74.31799387956698,1.0
5537.892499112316,Seattle,Cloudy,71,1.0
5543.347169859271,Seattle,Fair,69.2733537347767,1.0
5555.210492991883,Seattle,Overcast,76.90934149391069,1.0
5561.52848687145,Seattle,Cloudy;Overcast,75.2733537347767,1.0
5566.8018406062265,Seattle,Cloudy,72.95535985520972,1.0
5573.302529714481,Seattle,Cloudy,80.72802448173205,1.0
5585.803218822735,Seattle,Drizzle;Overcast;Showers;Mist,92.0906585060893,1.0
5589.30390793099,Seattle,Fog;Overcast;Mist,88.45329253044656,1.0
5594.804597039245,Seattle,Drizzle;Light Drizzle;Showers,93.17993879566986,1.0
5598.305286147497,Seattle,Drizzle;Light Drizzle;Showers,99.99999999999999,1.0
5601.759956894454,Seattle,Fog,95.90796327740192,1.0
5608.896633761842,Seattle,Mostly Cloudy;Mostly,62.228713589986434,1.0
5612.669298388364,Seattle,Overcast,78.2733537347767,1.0
5621.305286147499,Seattle,Mist/Light Rain Fog,94.4086523856563,1.0
5631.804597039244,Seattle,Mist/Fog,88.31799387956698,1.0
5640.850615400544,Seattle,Cloudy,64.27473195128547,1.0
5646.12396913532,Seattle,Cloudy,69.27473195128547,1.0
5651.123969135319,Seattle,Cloudy,75.45604896346411,1.0
5656.169987496619,Seattle,Cloudy,75.41003060216508,1.0
5665.397322870097,Seattle,Cloudy,72.27473195128547,1.0
5691.761335110963,Washington,Overcast,70.90934149391069,1.0
5698.352682725306,Washington,Overcast,64.77266462652233,1.0
5704.2160058579175,Washington,A Few Clouds,55.09203672259808,1.0
5741.077950774021,Washington,Clear;Sunny,55.456048963464106,1.0
5771.666541955347,Washington,Fair,48.411408818673834,1.0
5799.483846726659,Washington,Cloudy;Partly Cloudy;Scattered Clouds,45.36539045737479,1.0
5803.256511353183,Washington,Mostly Cloudy;Mainly Cloudy,44.228713589986434,1.0
5806.8018406062265,Washington,Cloudy,49.138055083897115,1.0
5808.029175979705,Washington,Cloudy,53.77404284303109,1.0
5822.391810004062,Washington,Clear;Sunny,53.77404284303109,1.0
5828.983157618405,Washington,Sunny;Clear,36.86332313261164,1.0
5831.52848687145,Washington,Clear;Sunny,30.454670746955344,1.0
5851.121212702303,Washington,Clear,54.634609542625206,1.0
5855.167231063601,Washington,Clear,63.72802448173206,1.0
5867.849237184035,Washington,Overcast,54.77266462652233,1.0
5876.030554196213,Washington,Fair,62.13667686738836,1.0
5887.984535834914,Washington,Clear,44.82006120433014,1.0
5901.393188220572,Washington,Clear,55.68338433694178,1.0
5918.577261665767,Washington,Mainly Cloudy;Cloudy,39.8173047713126,1.0
5926.213249424901,Washington,Mainly Cloudy,37.317993879566984,1.0
5931.30390793099,Washington,Fair,47.04601836129904,1.0
5936.621901810557,Washington,Fair,49.04601836129904,1.0
5943.849237184035,Washington,Mostly Cloudy,48.86470134912041,1.0
5948.712560316645,Washington,Mostly Cloudy,45.00137821650877,1.0
5957.1225909188115,Washington,Mostly Cloudy,55.81868298782136,1.0
5962.985914051423,Washington,Light Snow;Flurries;Snow,85.9526034221922,1.0
5968.531243304468,Washington,Cloudy;Light Snow;Overcast,85.49793267523684,1.0
5981.167231063601,Washington,Mostly Cloudy;Mainly Cloudy,59.543951036535894,1.0
5987.440584798378,Washington,Cloudy;Overcast,60.591347614343704,1.0
5988.895255545333,Washington,Overcast,54.86332313261165,1.0
5995.30390793099,Washington,Mist/Light Snow Fog,81.54257282002712,1.0
6007.575883449257,Washington,Mainly Cloudy,68.99724356698248,1.0
6008.803218822735,Washington,Mostly Cloudy,61.81592655480384,1.0
6025.121212702303,Washington,Snow;Light Snow;Flurries,77.6346095426252,1.0
6028.712560316646,Washington,Snow;Light Snow;Light,74.68062790392425,1.0
6033.575883449259,Washington,Snow;Overcast,83.9526034221922,1.0
6041.712560316646,Washington,Fog;Foggy;Light Freezing;Light Freezing Rain,85.45053609742904,1.0
6108.61776716103,Washington,Cloudy,74.63598775913397,1.0
6110.754444028419,Washington,Cloudy,71.81592655480384,1.0
6116.8451025345075,Washington,Cloudy;Overcast,58.81592655480383,1.0
6120.61776716103,Washington,Cloudy;Overcast,66.13392043437081,1.0
6123.8451025345075,Washington,Cloudy;Overcast,83.54257282002713,1.0
6153.661029089312,Washington,Cloudy;Light Rain,77.49793267523685,1.0
6159.889742679298,Washington,Cloudy;Light Rain,82.49931089174562,1.0
6162.935761040597,Washington,Rain;Light Rain,81.17993879566987,1.0
6187.8883644627895,Washington,Freezing Rain;Overcast,64.18131701217864,1.0
6245.974888319353,Washington,Fog;Overcast,80.49655445872808,1.0
6250.612254294995,Washington,Fog;Overcast;Dense Fog,88.58996939783493,1.0
6297.973510102844,Washington,Clear,40.13667686738836,1.0
6301.518839355887,Washington,Cloudy;Sunny;Mostly Cloudy,45.50068910825438,1.0
6319.744796512859,Washington,Clear;Sunny,54.45467074695533,1.0
6338.970753669826,Washington,Clean,53.68200612043301,1.0
6343.834076802437,Washington,Fair,61.40865238565629,1.0
6352.606741428961,Washington,A Few Clouds,57.683384336941785,1.0
6353.834076802439,Washington,A Clouds,55.95673807171849,1.0
6355.061412175916,Washington,A Few Clouds,55.0473965778078,1.0
6358.7894366576475,Washington,Few Clouds,43.545329253044656,1.0
6378.470064561571,Washington,Cloudy;Clear,46.63736597564273,1.0
6386.379406055484,Washington,Cloudy;Overcast,50.320750312584515,1.0
6393.5607230676615,Washington,Light Snow;Snow,79.68200612043302,1.0
6407.47144277808,Washington,Cloudy;Overcast,56.72940269824081,1.0
6415.334765910692,Washington,Clear;Not totally Cloudy;Mostly Clear,60.729402698240825,1.0
6428.152070682005,Washington,Sunny;Clear,45.411408818673834,1.0
6448.468686345062,Washington,Mostly,62.22733537347767,1.0
6451.014015598107,Washington,Cloudy,57.40865238565631,1.0
6453.014015598107,Washington,Overcast,59.90796327740192,1.0
6459.378027838974,Washington,Partly Cloudy,53.0473965778078,1.0
6469.1967108267945,Washington,Cloudy,60.135298650879584,1.0
6474.560723067662,Washington,Mostly Cloudy;Mainly Cloudy;Clear;Sunny,50.09341493910684,1.0
6488.878716947229,Washington,Clear;Mostly Clear;Partly,68.68200612043302,1.0
6492.106052320706,Washington,Mainly Cloudy;Partly Cloudy,72.40865238565631,1.0
6504.470064561572,Washington,Cloudy;Overcast,54.00275643301753,1.0
6508.2887475493935,Washington,Cloudy,50.72802448173205,1.0
6517.198089043304,Washington,Partly Cloudy,71.72802448173205,1.0
6519.198089043305,Washington,Partly Cloudy,72.86470134912041,1.0
6523.107430537215,Washington,Partly Cloudy,74.72802448173206,1.0
6531.061412175916,Washington,Overcast,56.0473965778078,1.0
6533.516082922872,Washington,Overcast,48.411408818673834,1.0
6538.880095163739,Washington,Overcast,43.86470134912041,1.0
6551.56210128417,Washington,Light Snow;Snow;Flurries,90.49931089174561,1.0
6552.562101284169,Washington,Light Snow;Snow;Flurries,90.49931089174561,1.0
6560.835455018946,Washington,Light Snow;Flurries;Snow,85.49793267523684,1.0
6573.790814874157,Washington,Partly Cloudy;Not totally Cloudy;Not totally Sunny,64.54395103653589,1.0
6575.2454856211125,Washington,Not totally Cloudy;Partly Sunny;Partly;Partly Cloudy,61.08928028958055,1.0
6595.244107404603,Washington,Mist/Fog,82.54395103653589,1.0
6603.926113525036,Washington,Mostly Cloudy,67.45604896346411,1.0
6614.926113525036,Washington,Not totally Cloudy;Partly Cloudy;Partly,85.8173047713126,1.0
6620.290125765902,Washington,Partly Sunny;Partly Cloudy;Cloudy;Scattered Clouds,75.59134761434369,1.0
6626.472820994589,Washington,Partly Cloudy;Mostly Cloudy;Not totally Cloudy;Scattered Clouds,56.86332313261164,1.0
6636.064168608934,Washington,Partly Cloudy;Cloudy;Clear,45.54808568606219,1.0
6651.110186970233,Washington,Partly Cloudy;Mostly Clear;Sunny;Mainly Sunny,75.72802448173205,1.0
6653.882851596753,Washington,Partly Cloudy;Clear;Not totally Cloudy,78.2733537347767,1.0
6655.655516223277,Washington,Mostly Cloudy;Mainly Cloudy;Mostly;Clear,75.95535985520972,1.0
6664.064168608933,Washington,Mostly Cloudy;Mainly Cloudy;Sunny,46.27611016779424,1.0
6667.3821624885,Washington,Clean,49.73078091474958,1.0
6680.744796512858,Washington,A Few Clouds,78.2733537347767,1.0
6684.700156368067,Washington,Not totally Cloudy,76.72802448173205,1.0
6695.200845476323,Washington,Cloudy,51.638744192151506,1.0
6702.4741992110985,Washington,Partly Cloudy;Sunny;Not totally Cloudy,48.4560489634641,1.0
6707.4741992110985,Washington,Partly Cloudy;Mainly Sunny;Mostly Clear,58.09065850608932,1.0
6719.291503982412,Washington,Mostly Cloudy;Mainly Cloudy;Mostly,55.772664626522335,1.0
6723.746174729367,Washington,Mostly Cloudy;Mainly Cloudy;Sunny,43.365390457374794,1.0
6725.655516223277,Washington,Mainly Cloudy;Mostly Cloudy;Intermittent,41.82006120433014,1.0
6728.4741992110985,Washington,Cloudy;Mostly Cloudy,38.7740428430311,1.0
6743.973510102845,Washington,Clear;Sunny,71.49931089174562,1.0
6751.564857717188,Washington,Mostly Cloudy;Mostly;Intermittent Clouds,76.0906585060893,1.0
6754.564857717188,Washington,Mostly Cloudy;Cloudy;Mainly Cloudy,59.955359855209714,1.0
6757.792193090665,Washington,Mostly Cloudy;Mostly;Not totally Sunny,44.63736597564274,1.0
6759.019528464143,Washington,Not totally Cloudy;Scattered Clouds;Mostly Cloudy;Not totally Sunny;Mostly,46.72940269824082,1.0
6772.338900560218,Washington,Cloudy;Overcast,44.546707469553425,1.0
6777.566235933697,Washington,Not totally Cloudy;Cloudy;Partly Cloudy,69.90934149391067,1.0
6782.111565186741,Washington,Cloudy;Partly Cloudy,79.09065850608931,1.0
6798.930248174563,Washington,Mostly Cloudy,65.36401224086603,1.0
6801.15758354804,Washington,Few Clouds,69.22733537347767,1.0
6802.839589668473,Washington,A Few Clouds,72.68200612043302,1.0
6816.656894439785,Washington,Cloudy,46.320750312584515,1.0
6820.884229813263,Washington,Mostly Cloudy;Mostly;Mainly Cloudy,48.95811628822726,1.0
6849.518839355888,Washington,Mainly Cloudy,56.8647013491204,1.0
6852.337522343709,Washington,Overcast,62.27335373477671,1.0
6864.064168608933,Washington,Partly Cloudy,46.638744192151506,1.0
6872.154827115024,Washington,Mostly Cloudy;Intermittent Clouds,41.04877479431658,1.0
6879.336144127201,Washington,Cloudy,63.31937209607576,1.0
6883.064168608934,Washington,Cloudy,62.31799387956698,1.0
6887.746174729366,Washington,Cloudy,60.81730477131259,1.0
6889.518839355889,Washington,Cloudy,59.36263402435725,1.0
6899.3821624885,Washington,Mostly Cloudy;Mostly;Mainly Cloudy;Not totally Sunny,35.27473195128548,1.0
6902.200845476322,Washington,Mostly Cloudy;Sunny;Mainly Cloudy,34.00137821650876,1.0
6909.518839355888,Washington,Mostly Cloudy,58.135298650879584,1.0
6919.518839355889,Washington,Overcast,64.86332313261165,1.0
6943.972131886336,Washington,Cloudy;Overcast,63.90934149391068,1.0
6948.062790392424,Washington,Mostly Cloudy;Cloudy,73.95398163870095,1.0
6954.608119645469,Washington,Partly Cloudy;Scattered Clouds;Mostly Clear,83.13392043437082,1.0
6960.608119645471,Washington,Not totally Cloudy;Cloudy;Partly Cloudy,84.36125580784848,1.0
6979.016772031126,Washington,Mainly Cloudy,73.36263402435726,1.0
6981.7894366576475,Washington,Mainly Cloudy,74.72664626522328,1.0
6986.652759790259,Washington,Mainly Cloudy,74.04464014479026,1.0
6991.198089043304,Washington,Fog,91.81592655480384,1.0
6992.65275979026,Washington,Fog,87.08928028958053,1.0
7003.379406055483,Washington,Lt Rain,81.31661566305823,1.0
7009.788058441138,Washington,Light Rain;Rain;Cloudy,73.54395103653589,1.0
7021.605363212451,Washington,Cloudy;Overcast,74.40727416914753,1.0
7032.559344851153,Washington,Cloudy,75.40727416914753,1.0
7039.650003357242,Washington,Cloudy,86.40727416914753,1.0
7048.376649622464,Washington,Fog;Overcast;Mist,91.36125580784848,1.0
7050.740661863332,Washington,Fog;Overcast;Mist,90.22457894046013,1.0
7065.513326489853,Washington,Cloudy;Mostly Cloudy,85.22733537347767,1.0
7092.8313203694215,Washington,Lt Rain,83.8173047713126,1.0
7104.694643502033,Washington,Cloudy;Overcast,62.99862178349124,1.0
7117.605363212452,Washington,Light Rain;Light;Rain,87.99862178349123,1.0
7127.559344851153,Washington,Cloudy,90.95398163870095,1.0
7128.786680224631,Washington,Mostly Cloudy,90.27197551826794,1.0
7138.285991116377,Washington,Mostly Cloudy;Mainly Cloudy,80.13667686738835,1.0
7148.740661863331,Washington,Overcast,84.81592655480382,1.0
7159.694643502031,Washington,Mostly Cloudy,90.40727416914753,1.0
7163.603984995943,Washington,Not totally Cloudy,88.31799387956698,1.0
7168.877338730719,Washington,Mostly Cloudy,85.99999999999999,1.0
7190.014015598107,Washington,Cloudy,92.0,1.0
7192.014015598109,Washington,Cloudy;Overcast,81.95535985520972,1.0
7198.969375453318,Washington,Cloudy;Overcast,86.4086523856563,1.0
7223.422667983764,Washington,Rain,86.77266462652233,1.0
7235.422667983765,Washington,Cloudy;Light Rain;Rain;Showers,86.36263402435725,1.0
7240.513326489853,Washington,Rain;Severe Rain,81.77128641001356,1.0
7244.285991116375,Washington,Scattered Clouds;Showers;Mostly;Mainly Cloudy;Partly Cloudy;Mostly Cloudy;Cloudy,71.45329253044657,1.0
7250.694643502033,Washington,Cloudy,77.68062790392425,1.0
7282.421289767256,Washington,Overcast,80.4086523856563,1.0
7290.239972755076,Washington,Mist/Fog,79.6346095426252,1.0
7294.012637381598,Washington,Mist/Fog,81.27059730175918,1.0
7308.92197887551,Washington,Mist/Light Drizzle Fog,94.95398163870097,1.0
7316.239972755077,Washington,Partly Sunny;Scattered Clouds;Clear;Fair;Sunny,65.2300918064952,1.0
7324.9666190203,Washington,Clear,73.72940269824082,1.0
7329.92197887551,Washington,Clear,67.68062790392425,1.0
7348.693265285524,Washington,Clear,70.45329253044657,1.0
7366.3320094776755,Washington,Cloudy;Overcast,88.90934149391069,1.0
7377.058655742899,Washington,Cloudy;Overcast,83.50068910825438,1.0
7385.513326489852,Washington,Rain;Light Rain,91.68062790392425,1.0
7392.058655742899,Washington,Rain;Light Rain,90.99862178349123,1.0
7400.877338730719,Washington,Cloudy;Overcast;Rain;Mist,96.36263402435725,1.0
7419.422667983764,Washington,Mist/Light Rain Fog,81.40589595263876,1.0
7431.467308128555,Washington,Mist;Fog;Showers,85.31523744654945,1.0
7438.921978875511,Washington,Mist;Showers;Cloudy,91.22595715696889,1.0
7444.74066186333,Washington,Mist;Fog;Showers,74.17580414614356,1.0
7448.195332610288,Washington,Mist;Fog;Showers,89.40727416914753,1.0
7458.104674104197,Washington,Cloudy;Hazy,82.95398163870097,1.0
7470.513326489855,Washington,Mist/Light Drizzle Fog,88.45329253044656,1.0
7473.513326489854,Washington,Light Drizzle,90.86194491610289,1.0
7485.239972755076,Washington,Mist/Fog,84.18131701217861,1.0
7489.058655742898,Washington,Mist/Fog,89.90934149391069,1.0
7499.330631261166,Washington,Rain;Light Rain,93.0,1.0
7507.739283646822,Washington,Rain,96.90934149391069,1.0
7514.147936032477,Washington,Rain;Light,93.81868298782136,1.0
7515.602606779435,Washington,Rain;Light Rain,96.90934149391069,1.0
7526.238594538569,Washington,Mist/Light Rain Fog,84.81592655480382,1.0
7534.101917671179,Washington,Mist/Rain Fog,91.45329253044657,1.0
7539.465929912047,Washington,Mist/Light Rain Fog,95.99999999999999,1.0
7554.783923791612,Washington,Mostly Cloudy;Mainly Cloudy;Intermittent Clouds;Cloudy,79.72802448173205,1.0
7569.510570056836,Washington,Not totally Cloudy;Partly Cloudy;Mostly Clear,72.45329253044657,1.0
7577.919222442492,Washington,Haze;Fair;Hazy;Intermittent Clouds;Mostly Cloudy,77.45329253044656,1.0
7580.601228562925,Washington,Mostly;Fair;Hazy;Mainly Cloudy;Intermittent;Mostly Cloudy,79.27197551826795,1.0
7582.828563936404,Washington,Haze;Intermittent Clouds;Mostly Cloudy,79.72664626522328,1.0
7615.781167358595,Washington,Mostly Cloudy,66.54532925304466,1.0
7634.599850346416,Washington,Clear;Mostly;Hazy,81.58996939783495,1.0
7638.054521093372,Washington,Fog;Partly Cloudy;Clear;Fog And Mist,81.22595715696889,1.0
7642.736527213805,Washington,Mostly Cloudy;Not totally Cloudy;Fog And Mist;Mainly Cloudy;Intermittent Clouds;Partly,74.95260342219218,1.0
7657.147936032478,Washington,Not totally Cloudy;Partly Cloudy;Scattered Clouds;Cloudy;Mainly Sunny,59.27197551826795,1.0
7666.786680224629,Washington,Partly Cloudy;Cloudy;Mostly Sunny;Mostly Cloudy;Scattered;Scattered Clouds,60.86194491610288,1.0
7683.106052320706,Washington,Partly Cloudy;Partly;Clouds,68.36125580784848,1.0
7693.287369332886,Washington,Haze;Partly Cloudy;Mostly Cloudy,72.22457894046013,1.0
7698.060033959407,Washington,Haze;Partly Sunny;Cloudy,70.81592655480384,1.0
7700.605363212451,Washington,Not totally Cloudy;Partly Sunny;Partly Cloudy,60.58996939783493,1.0
7708.5607230676615,Washington,Partly Cloudy;Partly Sunny;Not totally Cloudy,66.77128641001356,1.0
7717.424046200272,Washington,Not totally Cloudy;Mostly;Cloudy,68.13392043437082,1.0
7723.514704706363,Washington,Haze;Cloudy;Mostly Cloudy,66.31523744654945,1.0
7728.788058441139,Washington,Mostly Cloudy,61,1.0
7730.788058441139,Washington,A Few Clouds,69.49931089174561,1.0
7735.0614121759145,Washington,A Few Clouds,68.13529865087959,1.0
7738.107430537214,Washington,A Few,73.36263402435726,1.0
7745.153448898514,Washington,Partly Cloudy,71.99724356698246,1.0
7750.108808753723,Washington,A Few Clouds,70.86194491610287,1.0
7762.972131886336,Washington,Mostly Cloudy;Cloudy;Mainly Cloudy,65.40727416914754,1.0
7774.290125765902,Washington,Haze;Partly Cloudy;Fair;Hazy,71.99724356698246,1.0
7777.199467259813,Washington,Cloudy;Haze,72.04326192828151,1.0
7784.744796512858,Washington,Haze;Intermittent Clouds;Mostly Cloudy,74.0432619282815,1.0
7791.744796512858,Washington,Mostly Cloudy;Mainly Cloudy,59.68062790392424,1.0
7805.47144277808,Washington,Haze,70.90658506089315,1.0
7808.926113525037,Washington,Overcast,69.45329253044657,1.0
7819.016772031126,Washington,Mostly Cloudy,70.59272583085246,1.0
7827.334765910691,Washington,Mostly Cloudy,80.63736597564272,1.0
7840.56210128417,Washington,Cloudy;Haze;Partly Cloudy,78.90796327740192,1.0
7845.334765910692,Washington,Cloudy;Haze;Mainly Cloudy,72.9079632774019,1.0
7849.4254244167805,Washington,Cloudy;Mostly Cloudy,64.49931089174561,1.0
7857.425424416781,Washington,Mostly Cloudy,78.8647013491204,1.0
7863.926113525035,Washington,Overcast,78.22733537347767,1.0
7876.516082922872,Washington,Overcast,73.09065850608931,1.0
7885.7894366576475,Washington,Cloudy;Mostly;Overcast,87.86332313261164,1.0
7898.60674142896,Washington,Mostly Cloudy;Cloudy;Mainly Cloudy,68.95535985520972,1.0
7923.923357092019,Washington,Mostly Cloudy;Mainly Cloudy,84.04601836129902,1.0
7926.287369332885,Washington,Mostly Cloudy;Cloudy,86.09203672259807,1.0
7946.24686383762,Washington,Mostly Cloudy;Mainly Cloudy,79.09065850608931,1.0
7974.290125765902,Washington,Light Rain;Showers;Cloudy,67.63736597564274,1.0
7977.42680263329,Washington,Light Rain;Showers,83.99862178349125,1.0
7979.108808753723,Washington,Cloudy;Rain;Overcast,88.13529865087958,1.0
7982.108808753725,Washington,Rain;Cloudy;Overcast,89.36401224086603,1.0
7994.610876078486,Washington,Partly Cloudy;Mostly Cloudy;Not totally Cloudy,93.49931089174562,1.0
8000.246863837622,Washington,Partly Cloudy;Mostly Cloudy,91.18131701217862,1.0
8001.24686383762,Washington,Mostly Cloudy;Mostly;Mainly Cloudy,91.86332313261164,1.0
8013.930248174563,Washington,Mostly Cloudy;Cloudy,78.36263402435726,1.0
8031.525730438433,Washington,Mostly Cloudy;Mostly;Not totally Cloudy,84.50068910825438,1.0
8033.298395064955,Washington,Partly;Partly Sunny;Scattered Clouds,80.41003060216507,1.0
8046.8018406062265,Washington,Partly Cloudy;Scattered Clouds;Partly,64.49793267523685,1.0
8050.801840606227,Washington,Partly Cloudy;Partly,78.54257282002713,1.0
8056.803218822735,Washington,Partly Cloudy;Not totally Cloudy;Cloudy,81.0432619282815,1.0
8064.577261665766,Washington,Partly Cloudy;Not totally Cloudy,83.90658506089315,1.0
8090.6665419553465,Washington,Mostly Cloudy;Mainly Cloudy;Mostly,77.68062790392425,1.0
8093.485224943168,Washington,Not totally Cloudy;Mostly Cloudy;Cloudy;Mostly,75.17993879566986,1.0
8096.030554196213,Washington,Mostly Cloudy;Cloudy;Intermittent Clouds,76.58859118132617,1.0
8123.301151497973,Washington,Cloudy,62.68062790392425,1.0
8124.301151497973,Washington,Cloudy,58.68062790392423,1.0
8150.619145377538,Washington,Cloudy;Mainly Cloudy,71.58859118132617,1.0
8152.983157618405,Washington,Cloudy,68.81592655480384,1.0
8182.072437907987,Washington,Mostly Cloudy;Mainly Cloudy,79.77266462652234,1.0
8185.436450148851,Washington,Cloudy;Overcast,74.49793267523684,1.0
8189.800462389719,Washington,Mostly Cloudy;Cloudy,76.17993879566986,1.0
8194.983157618404,Washington,Mostly Cloudy;Mostly,76.40589595263877,1.0
8201.666541955346,Washington,Mostly Cloudy;Not totally Cloudy;Partly,82.86194491610287,1.0
8250.253754920164,Washington,Cloudy;Mostly Cloudy,85.27059730175918,1.0
8274.661029089311,Washington,Mostly Cloudy;Cloudy,86.40727416914753,1.0
8285.069681474968,Washington,Cloudy,56.8173047713126,1.0
8287.661029089311,Washington,Mostly Cloudy,60.90934149391069,1.0
8290.88836446279,Washington,Mostly,55.68062790392425,1.0
8295.843724318,Washington,Mainly Cloudy,61.81868298782137,1.0
8301.934382824089,Washington,Mostly,83.27197551826794,1.0
8363.930248174562,Washington,Partly Cloudy;Mainly Cloudy;Partly Sunny;Cloudy,69.49793267523684,1.0
8369.020906680653,Washington,Cloudy;Mostly,51.09065850608932,1.0
8373.930248174564,Washington,Cloudy,77.49931089174562,1.0
8380.566235933697,Washington,Cloudy;Not totally Cloudy,87.54395103653589,1.0
8386.656894439786,Washington,Clear;Cloudy,85.13529865087959,1.0
8392.793571307175,Washington,Mainly Cloudy,66.77128641001356,1.0
8405.610876078486,Washington,Fair,77.86056669959412,1.0
8411.15620533153,Washington,Cloudy;Overcast,48.499310891745615,1.0
8426.246863837621,Washington,Cloudy;Mainly Cloudy;Scattered Clouds,84.50068910825438,1.0
8433.4281808498,Washington,Cloudy;Overcast,87.59134761434369,1.0
8437.882851596754,Washington,Cloudy;Overcast,74.4560489634641,1.0
8471.062790392425,Washington,Cloudy,77.7266462652233,1.0
8474.38078427199,Washington,Partly Cloudy;Cloudy;Not totally Cloudy,87.08928028958053,1.0
8486.245485621112,Washington,Partly Cloudy;Not totally Cloudy,91.86332313261164,1.0
8488.836833235455,Washington,Clear;Mist;Not totally Cloudy,91.36125580784848,1.0
8493.655516223278,Washington,Cloudy;Mainly Cloudy,92.0906585060893,1.0
8499.973510102845,Washington,Not totally Cloudy;Partly;Cloudy,62.41003060216507,1.0
8518.42680263329,Washington,Mostly,87.3612558078485,1.0
8525.654138006768,Washington,Partly,56.08928028958054,1.0
8533.245485621112,Washington,Fair,54.456048963464106,1.0
8539.3361441272,Washington,Mostly Cloudy;Cloudy;Mainly Cloudy,72.13667686738835,1.0
8557.56210128417,Washington,Cloudy,83.8173047713126,1.0
8561.380784271993,Washington,Cloudy;Scattered Clouds;Mostly Cloudy;Mainly Cloudy,74.95122520568343,1.0
8566.926113525034,Washington,Clear;Cloudy,75.63323132611644,1.0
8573.108808753725,Washington,Mostly Cloudy;Cloudy;Fog,89.13529865087958,1.0
8574.108808753725,Washington,Cloudy;Partly;Scattered Clouds;Partly Cloudy,84.04464014479029,1.0
8588.290125765901,Washington,Overcast,68.49793267523685,1.0
8591.744796512858,Washington,Overcast,68.49793267523685,1.0
8595.199467259812,Washington,Mostly Cloudy,79.86194491610287,1.0
8604.790814874157,Washington,Fair,81.49793267523685,1.0
8619.608119645469,Washington,Cloudy,69.4519143139378,1.0
8630.652759790259,Washington,Light Rain;Showers,79.81454833829507,1.0
8633.198089043304,Washington,Cloudy;Light;Light Rain,74.95122520568343,1.0
8642.698778151558,Washington,Light Rain;Rain,84.04464014479029,1.0
8646.38078427199,Washington,Cloudy;Overcast,84.7266462652233,1.0
8650.926113525036,Washington,Cloudy;Overcast,84.81592655480382,1.0
8670.924735308527,Washington,Mostly Cloudy;Mainly Cloudy;Cloudy,68.04326192828151,1.0
8682.74204007984,Washington,Cloudy;Mainly Cloudy,76.08790207307179,1.0
8689.424046200273,Washington,Mostly Cloudy,68.58859118132615,1.0
8692.878716947229,Washington,Overcast,82.13529865087958,1.0
8701.74204007984,Washington,Rain,84.63598775913397,1.0
8709.78805844114,Washington,Cloudy,83.31661566305823,1.0
8711.788058441138,Washington,Cloudy,82.90796327740192,1.0
8718.196710826795,Washington,Cloudy;Light Rain;Overcast,82.81730477131259,1.0
8727.470064561572,Washington,Light Rain;Showers,75.63323132611644,1.0
8737.65138157375,Washington,Partly Cloudy;Mostly Cloudy;Not totally Cloudy;Clouds,75.40589595263877,1.0
8757.970753669826,Washington,Overcast,78.49793267523684,1.0
8780.605363212451,Washington,Mostly Cloudy;Mainly Cloudy;Intermittent,64.63598775913398,1.0
8784.560723067661,Washington,Not totally Cloudy;Scattered Clouds;Intermittent Clouds;Partly Cloudy,63.49793267523685,1.0
8791.242729188096,Washington,Mostly Cloudy;Mainly Cloudy,65.31523744654945,1.0
8797.924735308527,Washington,Cloudy;Light Rain,80.63460954262521,1.0
8807.424046200273,Washington,Light Rain;Showers,86.17993879566986,1.0
8810.65138157375,Washington,Mostly Cloudy,61.68200612043302,1.0
8811.878716947229,Washington,Mainly Cloudy,61.454670746955344,1.0
8826.74204007984,Washington,Partly Cloudy,72.81454833829505,1.0
8836.241350971584,Washington,Partly Cloudy;Scattered Clouds;Clear,39.04464014479028,1.0
8848.104674104197,Washington,Cloudy;Overcast,43.45604896346411,1.0
8852.69602171854,Washington,Cloudy;Overcast,42.04739657780781,1.0
8864.69739993505,Washington,Clear;Overcast;Partly Cloudy;Scattered Clouds,47.54670746955342,1.0
8869.69739993505,Washington,Partly Cloudy;Overcast,61.319372096075746,1.0
8881.333387694183,Washington,Mostly Cloudy;Mostly;Sunny;Intermittent Clouds,57.23009180649521,1.0
8885.788058441138,Washington,Cloudy;Overcast,50.503445541271915,1.0
8910.424046200273,Washington,Mainly Cloudy,55.36539045737479,1.0
8927.332009477675,Washington,Cloudy;Overcast,46.86607956562918,1.0
8934.104674104197,Washington,Cloudy;Overcast,49.95673807171849,1.0
8939.87733873072,Washington,Snow;Light Rain,83.77404284303111,1.0
8943.96799723681,Washington,Snow;Light Rain;Light,77.54670746955341,1.0
8950.014015598108,Washington,Snow;Light Snow;Light Rain,80.81868298782136,1.0
8974.239972755076,Washington,Sunny;Clear,41.91209792692822,1.0
8979.195332610287,Washington,Sunny;Clear;Overcast,41.594104047361235,1.0
8983.69602171854,Washington,Cloudy;Light Rain;Mainly Cloudy,66.54670746955343,1.0
8990.923357092019,Washington,Cloudy;Overcast,69.04739657780782,1.0
9018.149314248987,Washington,Fair,64.45742717997287,1.0
9033.057277526388,Washington,Mostly Cloudy;Mainly Cloudy;Light Rain,76.0473965778078,1.0
9041.875960514211,Washington,Cloudy;Overcast,76.50068910825438,1.0
9049.014015598106,Washington,Cloudy;Overcast,73.09203672259808,1.0
9062.014015598108,Washington,Mostly,41.729402698240825,1.0
9071.332009477674,Washington,Mostly,72.13805508389713,1.0
9074.83269858593,Washington,Mostly Cloudy,74.4560489634641,1.0
9077.378027838973,Washington,Mostly Cloudy,79.09203672259808,1.0
9105.603984995942,Washington,Overcast;Light Snow;Flurries;Cloudy,83.63598775913398,1.0
9108.650003357241,Washington,Cloudy;Overcast,87.59134761434369,1.0
9113.923357092019,Washington,Fog;Overcast;Mist;Light Fog;Fog And Mist,89.27335373477672,1.0
9115.378027838973,Washington,Fog;Light Fog;Fog And Mist;Light Snow;Scattered Clouds;Light Snow Mist,87.45467074695534,1.0
9116.83269858593,Washington,Fog;Cloudy;Overcast;Mostly Cloudy;Mainly Cloudy,85.22733537347767,1.0
9122.152070682007,Washington,Cloudy;Haze;Overcast,81.1826952286874,1.0
9127.242729188094,Washington,Cloudy;Overcast;Light,65.86470134912041,1.0
9142.060033959406,Washington,Mist/Fog,85.68200612043302,1.0
1744.980308453305,Austin,Rain,97.45216013,1.0
1750.026326814604,Austin,Rain,87.60702815,1.0
1755.2536621880818,Austin,Rain,97.59783439,1.0
1758.4809975615594,Austin,Mostly,89.02166854,1.0
1769.571656067649,Austin,Cloudy,81.74425897,1.0
1781.9370465250236,Austin,Overcast,94.417279,1.0
1786.391717271979,Austin,Overcast,75.1433176,1.0
1789.6190526454566,Austin,Overcast,79.47060433,1.0
1793.5744125006663,Austin,Overcast,85.26542769,1.0
1798.483753994577,Austin,And Mist,85.63830168,1.0
1806.3930954884877,Austin,Fog Mist,75.69671831,1.0
1814.5744125006663,Austin,Overcast,82.04464014479028,1.0
1843.9830648863224,Austin,Overcast,67.59473144,1.0
1856.073723392412,Austin,Sunny,74.06290634,1.0
1865.2104002598003,Austin,Sunny,48.53690155,1.0
1880.9370465250236,Austin,Overcast,96.99611188,1.0
1884.073723392412,Austin,Overcast,92.93694273,1.0
1895.7097111515461,Austin,Overcast,88.68511716,1.0
1903.119741753711,Austin,Rain,101.910094,1.0
1910.3930954884877,Austin,Fog And,100.8980354,1.0
1913.529772355876,Austin,Rain,97.65628612,1.0
1922.9384247415323,Austin,Fog Mist,87.9072288,1.0
1929.0290832476219,Austin,Mist/Fog,93.68200612043299,1.0
1955.0277050311129,Austin,Fog And,96.14180232,1.0
1961.3010587658896,Austin,And Mist,94.58036548,1.0
1994.4349792002602,Austin,Mist/Fog,88.50068910825438,1.0
1999.9356683085148,Austin,Mist/Fog,85.99999999999999,1.0
2002.708332935037,Baltimore,Overcast with Haze,82.04601836129905,1.0
2007.2090220432915,Austin,Unclear,72.88036911,1.0
2020.2996805493808,Austin,Rain,81.37636988,1.0
2023.663692790247,Austin,Rain,83.74606902,1.0
2027.754351296336,Austin,Rain,101.7259733,1.0
2047.4809975615594,Baltimore,Overcast,82.95535985520972,1.0
2058.798991441127,Baltimore,Mist/Light Rain Fog,93.68200612043299,1.0
2060.4809975615594,Baltimore,Mist/Light Rain Fog,91.36401224086603,1.0
2071.072345175903,Baltimore,Clean,41.68566875,1.0
2088.8450098024255,Baltimore,Sunny,42.12586385,1.0
2117.3889608389613,Baltimore,Fair,51.86607956562917,1.0
2122.4796193450507,Baltimore,A Few Clouds,62.68338433694177,1.0
2135.2969241163632,Baltimore,Overcast,49.54808568606219,1.0
2151.344320694171,Baltimore,Clean,29.63877797,1.0
2155.981686669814,Baltimore,Clean,33.12137963,1.0
2172.1169853206934,Baltimore,Clean,74.85232228,1.0
2183.0709669593944,Baltimore,Light,63.94294653,1.0
2200.6609363572293,Baltimore,Sunny,31.28959957,1.0
2204.7515948633186,Baltimore,Sunny,35.03650234,1.0
2219.842253369408,Baltimore,Clean,49.97188454,1.0
2232.61491799593,Charlotte,Mainly Cloudy,68.86470134912041,1.0
2235.2969241163632,Charlotte,Partly Cloudy,64.31937209607575,1.0
2250.6595581407205,Baltimore,Clean,43.24533764,1.0
2260.2955458998545,Baltimore,Clean,72.34524243,1.0
2267.9775520202875,Baltimore,Clean,71.80922091,1.0
2282.7041982855108,Charlotte,Mostly Cloudy,64.63736597564274,1.0
2293.430844550734,Charlotte,Overcast,57.94984698917465,1.0
2320.928777225971,Baltimore,Clean,83.96622209,1.0
2329.882758864672,Charlotte,Light Snow,77.40865238565631,1.0
2340.927399009462,Charlotte,Mist/Fog,83.18131701217864,1.0
2358.29003303382,Boston,Sunny,45.72590279,1.0
2361.062697660342,Boston,Sunny,33.40773804,1.0
2368.881380648163,Boston,Partly,28.96788007,1.0
2375.4727282625067,Boston,Cloudy,30.94906093,1.0
2382.881380648163,Boston,Overcast,36.79465934,1.0
2386.245392889029,Boston,Overcast,44.45064639,1.0
2389.382069756418,Boston,Mostly,42.2907727,1.0
2395.337429611627,Boston,Sunny,42.91670613,1.0
2402.200752744239,Boston,Partly,33.66275538,1.0
2410.882758864672,Boston,Partly,30.08275246,1.0
2443.0626976603417,Boston,Sunny,28.2101541,1.0
2448.3360513951184,Boston,Sunny,37.74567263,1.0
2458.7447037807747,Boston,Mostly,36.4066726,1.0
2467.6080269133868,Boston,Overcast,41.44419586,1.0
2478.698685419476,Boston,Overcast,44.98739484,1.0
2484.2440146725207,Boston,Partly,37.79077173,1.0
2489.426709901208,Boston,Cloudy,33.96137362,1.0
2501.062697660342,Boston,Overcast,64.87685787,1.0
2506.245392889029,Boston,Overcast,60.42471255,1.0
2518.701441852493,Boston,Sunny,69.95132063,1.0
2521.246771105538,Boston,Sunny,66.07115627,1.0
2544.8813806481626,Boston,Partly,63.60656595,1.0
2557.7014418524936,Chicago,Not totally Cloudy;Partly Cloudy;Mostly Clear,38.502067324763146,1.0
2562.7921003585825,Chicago,Overcast;Cloudy,54.230091806495196,1.0
2566.8827588646723,Chicago,Not totally Cloudy;Partly Cloudy,58.002756433017524,1.0
2570.6554234911946,Chicago,Partly Cloudy;Not totally Cloudy,61.72940269824081,1.0
2577.2007527442383,Chicago,Cloudy;Overcast,53.50344554127191,1.0
2616.6526670581766,Chicago,Cloudy,72.13805508389713,1.0
2657.831227637338,Chicago,Cloudy;Overcast,59.77542105953985,1.0
2662.5132337577706,Chicago,Partly Cloudy;Scattered Clouds;Mostly Clear,50.320750312584515,1.0
2687.4658371799633,Columbus,Partly Cloudy;Scattered Clouds;Mist;Cloudy,92.04464014479026,1.0
2690.2385018064856,Columbus,Mostly Cloudy;Intermittent;Mist;Fog And Mist,94.77128641001356,1.0
2691.2385018064856,Columbus,Mostly Cloudy;Mainly Cloudy,87.45329253044656,1.0
2699.8744895656196,Columbus,Not totally Cloudy;Partly Cloudy;Mostly Sunny;Sunny,53.45742717997287,1.0
2748.7796964100035,Columbus,Cloudy,82.81868298782136,1.0
2754.097690289571,Columbus,Cloudy,82.95535985520972,1.0
2763.690416120423,Columbus,Partly Cloudy;Cloudy;Scattered,75.81868298782136,1.0
2764.6904161204234,Columbus,Partly Cloudy;Not totally Cloudy,78.13667686738835,1.0
2766.917751493901,Columbus,Partly Cloudy;Not totally Cloudy,81.13667686738837,1.0
2791.100446722588,Columbus,Sunny;Mainly Sunny;Fair;Partly Cloudy;Partly,51.54670746955343,1.0
2795.9637698551996,Columbus,Clear,68.40865238565631,1.0
2832.235745373468,Columbus,Mostly Cloudy;Mainly Cloudy;Intermittent Clouds,69.95535985520972,1.0
2834.0084099999904,Columbus,Partly Cloudy;Mainly Sunny;Mostly Clear,55.36539045737479,1.0
2851.2371235899764,Columbus,Cloudy,71.50068910825438,1.0
2864.8270929878117,Columbus,Drizzle;Light Drizzle;Showers,90.49931089174561,1.0
2897.18834879566,Columbus,Fog;Overcast;Mist;Light Fog,92.27197551826794,1.0
2899.18834879566,Columbus,Fog;Overcast;Mist,91.86332313261164,1.0
2905.597001181316,Columbus,Fog,97.49931089174561,1.0
2922.009788216499,Columbus,Fog,98.4086523856563,1.0
2930.6025140473516,Columbus,Fog,98.4086523856563,1.0
2934.103203155606,Columbus,Fog;Overcast;Mist,90.90658506089315,1.0
2969.8731113491103,Dallas,Cloudy;Mostly Cloudy;Mostly,60.0,1.0
2972.100446722588,Dallas,Cloudy;Mostly Cloudy;Mainly Cloudy,57.68200612043301,1.0
2977.1911052286778,Dallas,Mostly Cloudy;Mostly,51.500689108254385,1.0
2981.8731113491103,Dallas,Cloudy;Mostly Cloudy;Partly Sunny,67.45604896346411,1.0
3004.013922866025,Dallas,Mainly Sunny;Partly Cloudy;Not totally Cloudy,62.31937209607575,1.0
3008.468593612981,Dallas,Partly Cloudy;Partly;Mostly Clear;Scattered,59.72664626522329,1.0
3013.2412582395027,Dallas,Cloudy;Overcast,66.86470134912041,1.0
3018.1505997334134,Dallas,Cloudy,69.04739657780782,1.0
3020.51461197428,Dallas,Cloudy,68.13805508389711,1.0
3031.6959289864585,Dallas,Cloudy;Haze,58.86470134912041,1.0
3036.8786242151455,Dallas,A Few Clouds,66.59272583085246,1.0
3039.787965709056,Dallas,Clean,61.8173047713126,1.0
3048.061319443833,Dallas,Partly Cloudy,68.86470134912041,1.0
3050.8800024316542,Dallas,Partly Cloudy,69.7740428430311,1.0
3052.5620085520873,Dallas,A Few Clouds,68.22733537347767,1.0
3067.064075876851,Dallas,Overcast,66.09203672259808,1.0
3079.5633867685965,Dallas,Mostly Cloudy;Cloudy;Mostly,71.36539045737479,1.0
3099.153356166431,Dallas,Partly Cloudy;Scattered Clouds;Not totally Cloudy,62.866079565629164,1.0
3103.2440146725203,Dallas,Mostly Cloudy;Partly;Intermittent Clouds;Partly Cloudy,70.6387441921515,1.0
3111.6526670581766,Dallas,Cloudy;Overcast,78.31937209607575,1.0
3115.5620085520873,Dallas,Cloudy;Mostly Cloudy;Mainly Cloudy,68.27197551826794,1.0
3124.654045274686,Dallas,Mostly Cloudy;Mainly Cloudy,82.86470134912041,1.0
3130.1087160216407,Denver,Partly Cloudy;Mostly;Not totally Cloudy;Mostly Sunny,68.95398163870095,1.0
3148.471350045998,Denver,Haze;Partly Cloudy;Hazy,68.31661566305822,1.0
3151.6080269133863,Denver,Cloudy;Haze,73.31799387956698,1.0
3164.5633867685965,Denver,Overcast,75.41003060216508,1.0
3174.2900330338193,Denver,Overcast with Haze,80.04601836129903,1.0
3180.2900330338193,Denver,Overcast with Haze,80.04601836129903,1.0
3184.0626976603417,Denver,Partly Cloudy;Cloudy;Partly;Partly Sunny,68.27473195128547,1.0
3195.107337805132,Denver,Snow;Flurries;Light Snow;Light,91.63598775913397,1.0
3211.8800024316542,Denver,Cloudy;Haze,74.45467074695534,1.0
3215.6526670581766,Denver,Overcast Haze,65.95535985520972,1.0
3246.4685936129804,Denver,Cloudy;Haze,81.36401224086603,1.0
3256.7865874925474,Denver,Cloudy;Haze,82.04601836129905,1.0
3270.9232643599357,Denver,Mist/Light Snow Fog,83.63598775913398,1.0
3276.42395346819,Denver,Light Snow,82.1826952286874,1.0
3284.8326058538464,Denver,Overcast with Haze,82.36401224086602,1.0
3290.2872766008018,Denver,Overcast with Haze,82.36401224086602,1.0
3308.740569131249,Denver,Cloudy;Overcast;Sunny,59.95673807171849,1.0
3312.1952398782037,Denver,Sunny;Cloudy;Clean;Mostly Cloudy,58.23009180649521,1.0
3331.0139228660246,Denver,Sunny;Cloudy;Fair;Mostly Cloudy,73.682006120433,1.0
3335.9692827212352,Detroit,Partly Cloudy;Sunny;Mostly Clear,80.81868298782136,1.0
3343.5146119742794,Detroit,Haze;Hazy;Sunny,74.68200612043302,1.0
3344.969282721235,Detroit,Haze;Fair;Hazy;Intermittent Clouds,76.72802448173205,1.0
3350.333294962101,Detroit,Clear;Mostly Cloudy;Fair;Cloudy,62.0473965778078,1.0
3355.5606303355785,Detroit,Mostly Cloudy;Cloudy;Clear,54.230091806495196,1.0
3383.058563010815,Detroit,Cloudy;Overcast,60.729402698240825,1.0
3392.60389226386,Detroit,Cloudy;Clear,63.592725830852466,1.0
3399.6038922638604,Detroit,Cloudy;Overcast,63.82006120433014,1.0
3413.1492215169046,Detroit,Clear;Mostly Clear;Fair,60.729402698240825,1.0
3421.422575251682,Detroit,Partly Cloudy;Clear;Sunny,75.95535985520972,1.0
3441.150599733414,Detroit,Clear;Sunny;Partly;Fair,59.04601836129904,1.0
3445.2412582395027,Detroit,Sunny,49.36539045737479,1.0
3452.0139228660255,Detroit,Cloudy;Overcast,72.90934149391069,1.0
3454.150599733414,Detroit,Cloudy;Overcast,75.41003060216508,1.0
3457.651288841668,Detroit,Cloudy;Scattered Clouds,82.95535985520972,1.0
3493.875867782128,Detroit,Cloudy;Overcast,64.86332313261165,1.0
3548.962391638691,Detroit,Cloudy;Snow;Light Snow,71.81730477131259,1.0
3554.9177514939006,Detroit,Light Snow;Cloudy;Overcast,82.13667686738835,1.0
3597.8243365547937,Detroit,Light Rain;Rain,81.40589595263876,1.0
3611.597001181316,Detroit,Cloudy;Mostly Cloudy,62.725268048714526,1.0
3626.959635205673,Detroit,Cloudy;Mostly Cloudy,79.04188371177274,1.0
3630.096312073062,Detroit,Cloudy;Haze,72.36125580784848,1.0
3632.7783181934947,Detroit,Cloudy;Haze,70.90796327740192,1.0
3639.5970011813165,Detroit,Cloudy,63.22595715696891,1.0
3653.6416413261068,Detroit,Mist/Fog,76.63323132611644,1.0
3667.279007301749,El Paso,Overcast with Haze,72.17993879566987,1.0
3675.1437086508695,El Paso,Overcast,61.17993879566987,1.0
3685.2343671569593,El Paso,Cloudy;Overcast,67.49793267523684,1.0
3689.6890379039146,El Paso,Cloudy;Overcast,75.90934149391067,1.0
3698.552361036526,El Paso,Cloudy;Overcast,73.77266462652233,1.0
3701.0070317834816,El Paso,Cloudy;Overcast,75.13667686738835,1.0
3723.8257147713025,El Paso,Cloudy;Overcast,70.40589595263876,1.0
3727.3710440243476,El Paso,Cloudy;Overcast,70.1785605791611,1.0
3729.3710440243476,El Paso,Cloudy;Overcast,79.77128641001356,1.0
3746.4156841691374,El Paso,Cloudy;Overcast,72.81730477131259,1.0
3758.326403879557,El Paso,Rain;Light Rain;Light,79.49793267523685,1.0
3771.917751493901,El Paso,Mist/Fog,79.81730477131259,1.0
3786.6443977591243,El Paso,Mist/Light Rain Fog,87.90796327740192,1.0
3788.417062385646,El Paso,Light Rain;Rain;Cloudy,82.90796327740192,1.0
3792.1450868673783,El Paso,Light Rain;Rain,74.95122520568343,1.0
3795.1911052286778,El Paso,Overcast;Cloudy,82.99862178349123,1.0
3797.736434481722,El Paso,Cloudy,70.54532925304466,1.0
3802.2817637347666,El Paso,Cloudy,79.63598775913395,1.0
3810.5564956860526,El Paso,Cloudy;Haze,81.90934149391066,1.0
3834.736434481722,Fort Worth,Overcast with Haze,83.68200612043302,1.0
3842.372422240856,Fort Worth,Overcast Haze,83.13667686738835,1.0
3853.417062385646,Fort Worth,Cloudy,63.82006120433014,1.0
3854.417062385646,Fort Worth,Mostly,61.0473965778078,1.0
3857.735056265213,Fort Worth,Cloudy;Mostly Cloudy,67.95535985520972,1.0
3883.051671928272,Fort Worth,Mostly,61.22733537347767,1.0
3894.097690289571,Fort Worth,Overcast,85.77266462652233,1.0
