entity,Domain,Conditions,Humidity,day
5.000000000000001,Austin,Rain,93,0.9379558581948297
10.000000000000002,Austin,Rain,93,0.9379558581948297
13.0,Austin,Cloudy,81,0.9379558581948297
25.0,Austin,Cloudy,81,0.8741363208544992
31.0,Austin,Cloudy,84,0.8741363208544992
35.0,Austin,Cloudy,81,0.8741363208544992
38.0,Austin,Cloudy,85,0.8741363208544992
39.0,Austin,Cloudy,87,0.8741363208544992
43.0,Austin,Cloudy,93,0.8741363208544992
50.0,Austin,Cloudy,81,0.8741363208544992
60.00000000000001,Austin,Overcast,85,1
91.00000000000001,Austin,Partly Cloudy,64,0.9379558581948297
104.0,Austin,Clear,80,0.9379558581948297
112.0,Austin,Clear,53,0.9379558581948297
130.00000000000003,Austin,Cloudy,88,0.9379558581948297
132.00000000000003,Austin,Cloudy,88,0.9379558581948297
144.99999999999997,Austin,Cloudy,81,0.9379558581948297
149.0,Austin,Rain,93,0.8741363208544992
154.0,Austin,Cloudy,93,0.8741363208544992
156.0,Austin,Rain,100,0.8143467486139748
167.0,Austin,Fog,100,0.8143467486139748
174.0,Austin,Mist/Fog,93,1
205.0,Austin,Showers,93,0.8741363208544992
208.99999999999997,Austin,Fog,93,0.8741363208544992
251.00000000000003,Austin,Mist/Fog,86,1
253.99999999999997,Austin,Mist/Fog,86,1
257.0,Austin,Overcast with Haze,80,1
259.0,Austin,Cloudy,76,0.8741363208544992
273.00000000000006,Austin,Rain,87,0.8741363208544992
275.0,Austin,Rain,93,0.8741363208544992
280.0,Austin,Rain,100,0.8741363208544992
302.0,Austin,Overcast,80,1
314.0,Austin,Mist/Light Rain Fog,93,1
315.0,Austin,Mist/Light Rain Fog,90,1
324.00000000000006,Baltimore,Mostly Cloudy,43,0.8776625924955751
342.0000000000001,Baltimore,Clear,52,0.8763908904191451
376.0,Baltimore,Fair,43,1
381.99999999999994,Baltimore,A Few Clouds,57,1
398.0,Baltimore,Overcast,40,1
407.00000000000006,Baltimore,Cloudy,36,0.9402104277594755
407.99999999999994,Baltimore,Cloudy,36,0.9402104277594755
428.0,Baltimore,Snow,79,0.8781662859543052
441.0,Baltimore,Light Snow,80,0.9402104277594755
462.0,Baltimore,Sunny,33,0.9402104277594755
466.99999999999994,Baltimore,Sunny,37,0.9402104277594755
483.0,Baltimore,Clear,61,0.8763908904191451
496.0,Baltimore,Mainly Cloudy,65,1
497.99999999999994,Baltimore,Partly Cloudy,60,1
517.0,Baltimore,Mostly Clear,55,0.8763908904191451
528.0000000000001,Baltimore,Mostly Cloudy,81,0.8138430551552447
534.9999999999999,Baltimore,Cloudy,81,0.8763908904191451
552.0000000000001,Baltimore,Mostly Cloudy,61,1
565.0,Baltimore,Overcast,75,1
600.0000000000001,Baltimore,Cloudy,86,0.8763908904191451
611.0,Baltimore,Light Snow,79,1
625.0,Baltimore,Mist/Fog,85,1
645.9999999999999,Boston,Clear,42,0.6939889611732891
648.9999999999999,Boston,Sunny,38,0.6939889611732891
655.0,Boston,Partly Cloudy,26,0.6939889611732891
660.0,Boston,Clear,36,0.6939889611732891
669.0,Boston,Cloudy,40,0.6939889611732891
671.0,Boston,Cloudy,44,0.6939889611732891
672.9999999999999,Boston,Mostly Cloudy,44,0.6314411259093886
676.0,Boston,Clear,48,0.6939889611732891
684.0000000000002,Boston,Partly Cloudy,36,0.6939889611732891
691.9999999999999,Boston,Mostly Clear,29,0.6939889611732891
731.0,Boston,Clear,31,0.6939889611732891
733.9999999999999,Boston,Clear,36,0.6939889611732891
745.9999999999999,Boston,Partly Sunny,40,0.6314411259093886
756.0,Boston,Cloudy,38,0.6300921902634854
768.0000000000002,Boston,Cloudy,45,0.6939889611732891
773.9999999999999,Boston,Partly Sunny,38,0.6939889611732891
776.0,Boston,Partly Sunny,35,0.6939889611732891
788.9999999999999,Boston,Cloudy,58,0.6939889611732891
791.0,Boston,Cloudy,56,0.6939889611732891
798.0000000000001,Boston,Clear,63,0.6939889611732891
801.0,Boston,Clear,65,0.6939889611732891
830.9999999999998,Boston,Partly Sunny,58,0.6939889611732891
837.0000000000001,Boston,Partly Cloudy,31,0.6939889611732891
843.0,Boston,Cloudy,44,0.6939889611732891
847.9999999999999,Boston,Partly Cloudy,48,0.6939889611732891
852.0,Boston,Partly Cloudy,54,0.6939889611732891
858.9999999999999,Boston,Cloudy,41,0.6939889611732891
907.9999999999999,Boston,Cloudy,66,0.6939889611732891
961.0000000000001,Charlotte,Cloudy,50,0.9361804626596696
965.0000000000001,Charlotte,Partly Cloudy,41,0.9361804626596696
997.0,Charlotte,Partly Cloudy,95,0.9361804626596696
999.9999999999999,Charlotte,Mostly Cloudy,100,0.8736326273957691
1001.0000000000001,Charlotte,Mostly Cloudy,92,0.8736326273957691
1010.9999999999999,Charlotte,Partly Cloudy,43,0.9361804626596696
1073.9999999999998,Charlotte,Cloudy,81,0.9361804626596696
1080.0,Charlotte,Cloudy,80,0.9361804626596696
1083.0,Charlotte,Partly Cloudy,74,0.9361804626596696
1084.0,Charlotte,Partly Cloudy,77,0.9361804626596696
1086.0,Charlotte,Partly Cloudy,80,0.9361804626596696
1107.0,Charlotte,Mostly Clear,47,0.9361804626596696
1113.0,Charlotte,Clear,70,0.9361804626596696
1152.0,Charlotte,Mostly Cloudy,67,0.8736326273957691
1154.0000000000002,Charlotte,Partly Cloudy,49,0.9361804626596696
1166.0,Charlotte,Cloudy,69,0.9361804626596696
1183.0,Charlotte,Drizzle,93,0.8741363208544992
1224.0,Charlotte,Fog,95,0.9361804626596696
1226.0000000000002,Charlotte,Fog,93,0.9361804626596696
1233.9999999999998,Charlotte,Fog,100,0.9361804626596696
1237.0,Charlotte,Fog,100,0.9361804626596696
1239.0,Charlotte,Fog,100,0.9361804626596696
1240.0,Charlotte,Fog,100,0.9361804626596696
1286.0,Chicago,Mostly Cloudy,60,0.9374521647360996
1288.0,Chicago,Mostly Cloudy,57,0.9374521647360996
1294.0000000000002,Chicago,Mostly Cloudy,49,0.9374521647360996
1297.9999999999998,Chicago,Mostly Cloudy,62,0.9374521647360996
1304.0,Chicago,Partly Cloudy,58,0.9361804626596696
1308.0000000000002,Chicago,Partly Cloudy,62,0.9361804626596696
1313.0,Chicago,Cloudy,63,0.9361804626596696
1317.0000000000002,Chicago,Cloudy,62,0.9361804626596696
1317.9999999999998,Chicago,Cloudy,62,0.9361804626596696
1331.0,Chicago,Cloudy,55,0.9361804626596696
1333.0,Chicago,A Few Clouds,60,1
1334.9999999999998,Chicago,Clean,65,1
1341.0,Chicago,Partly Cloudy,65,1
1342.0,Chicago,Partly Cloudy,65,1
1342.9999999999998,Chicago,A Few Clouds,68,1
1350.0,Chicago,Overcast,62,1
1365.0,Chicago,Mostly Cloudy,65,0.9374521647360996
1388.0,Chicago,Partly Cloudy,54,1.0
1392.9999999999998,Chicago,Mostly Cloudy,62,1.0
1403.0,Chicago,Cloudy,74,1.0
1405.9999999999998,Chicago,Mostly Cloudy,71,1.0
1411.0,Chicago,Mostly Cloudy,79,1.0
1416.0000000000002,Chicago,Partly Cloudy,71,1.0
1438.0,Chicago,Haze,74,0.8138430551552447
1440.0000000000002,Chicago,Cloudy,74,0.8763908904191451
1450.0,Chicago,Overcast,72,1
1462.0,Chicago,Overcast with Haze,78,1
1467.9999999999998,Chicago,Overcast with Haze,78,1
1472.0000000000002,Chicago,Partly Cloudy,61,1.0
1393.8024052775168,Chicago,Light Snow,93,0.8741363208544992
1502.9999999999998,Chicago,Cloudy,74,0.9361804626596696
1506.9999999999998,Chicago,Overcast Haze,63,1
1546.0,Chicago,Cloudy,80,0.9361804626596696
1556.9999999999998,Chicago,Cloudy,80,0.9361804626596696
1569.9999999999998,Chicago,Mist/Light Snow Fog,85,1
1573.0000000000002,Chicago,Light Snow,79,1
1583.0,Chicago,Overcast with Haze,81,1
1587.9999999999998,Chicago,Overcast with Haze,81,1
1611.0,Columbus,Cloudy,52,0.8143467486139748
1614.0,Columbus,Mostly Cloudy,48,0.7517989133500744
1631.0000000000002,Columbus,Clear,73,0.7517989133500744
1633.0000000000002,Columbus,Partly Cloudy,79,0.8143467486139748
1641.0,Columbus,Haze,74,0.7517989133500744
2091.0,Dallas,Mist/Fog,83,1
2152.0,Dallas,Overcast with Haze,83,1
2161.0,Dallas,Overcast Haze,82,1
2226.0,Dallas,Overcast,82,1
2951.0,El Paso,Mainly Cloudy,82,1
3016.9999999999995,El Paso,Cloudy,82,1.0
3193.9999999999995,El Paso,Light,83,1
3512.0,Fort Worth,Fair,77,1
3513.0,Fort Worth,Fair,77,1
3584.0,Houston,Mostly Cloudy,83,1
3773.0000000000005,Houston,Overcast,77,1
3774.9999999999995,Houston,Overcast,78,1
3839.0,Houston,Overcast,77,1
4012.0000000000005,Indianapolis,Fair,78,1
4136.0,Indianapolis,Overcast,82,1
4149.000000000001,Indianapolis,Overcast with Haze,81,1
4150.0,Indianapolis,Overcast with Haze,81,1
4153.0,Indianapolis,Overcast with Haze,78,1
4219.0,Jacksonville,Mostly Cloudy,77,1
4231.0,Jacksonville,Overcast,83,1
4244.0,Jacksonville,Overcast,83,1
4462.000000000001,Jacksonville,Overcast,77,1
4866.0,Los Angeles,Fair,77,1
4868.0,Los Angeles,Haze,83,1
4934.0,Los Angeles,Clear,83,1.0
4980.999999999999,Los Angeles,Overcast,81,1
5036.0,Los Angeles,Haze,81,1
5050.000000000001,Los Angeles,Haze,77,1
5184.999999999999,Memphis,Mainly Cloudy,78,1
5418.0,Memphis,Clean,82,1
5419.0,Memphis,Fair,78,1
5619.0,Milwaukee,with Haze,81,1
7412.999999999999,Portland,Mainly Cloudy,77,1
7415.999999999998,Portland,Mainly Cloudy,77,1
7421.999999999999,Portland,Mainly Cloudy,77,1
7733.000000000001,San Antonio,Overcast,82,1
8173.0,San Diego,A Few,77,1
8177.999999999999,San Diego,Partly Cloudy,82,1
8180.000000000001,San Diego,A Few Clouds,77,1
8297.0,San Diego,Overcast,78,1
9130.0,Seattle,Mostly Cloudy,77,1
1874.0000000000002,Columbus,Light Snow,81,0.8143467486139748
4186.0,Jacksonville,Mostly Cloudy,76,0.9361804626596696
4483.999999999999,Las Vegas,Clear,70,0.9374521647360996
4486.0,Las Vegas,Mostly Cloudy,70,0.9374521647360996
4696.999999999999,Las Vegas,Mostly Cloudy,51,0.8736326273957691
4703.0,Las Vegas,Clear,34,0.8736326273957691
4739.0,Las Vegas,Clear,36,0.8736326273957691
5928.0,Nashville,Cloudy,70,0.1937070925850394
6914.000000000001,Philadelphia,Mostly Cloudy,41,0.9361804626596696
8167.999999999999,San Diego,Mostly Cloudy,77,0.1937070925850394
9584.0,Washington,Mist/Fog,85,1
4121.0,Indianapolis,Haze,78,0.9361804626596696
5643.0,Milwaukee,Light Snow,86,0.8741363208544992
6932.0,Philadelphia,Mostly Cloudy,74,0.9361804626596696
7241.000000000001,Phoenix,Mostly Cloudy,36,0.9361804626596696
7387.000000000002,Portland,Partly Cloudy,92,0.9361804626596696
8480.0,San Francisco,Mostly Cloudy,85,0.8138430551552447
1871.0,Columbus,Light Snow,75,0.8143467486139748
2010.0000000000002,Dallas,Light Rain,87,1
2014.0,Dallas,Cloudy,75,1.0
2024.0000000000002,Dallas,Cloudy,74,1.0
2026.0000000000002,Dallas,Cloudy,74,1.0
2046.9999999999998,Dallas,Cloudy,82,1.0
2885.000000000001,El Paso,Cloudy,85,1.0
2888.9999999999995,El Paso,Mostly Cloudy,80,1.0
2895.0000000000005,El Paso,Partly Cloudy,65,1.0
2969.0000000000005,El Paso,Clear,62,1.0
2974.0000000000005,El Paso,Clear,75,1.0
2995.0000000000005,El Paso,Cloudy,43,1.0
3002.0000000000005,El Paso,Partly Cloudy,65,1.0
3024.0,El Paso,Mostly Cloudy,44,1.0
3025.9999999999995,El Paso,Mostly Cloudy,41,1.0
3291.0,Fort Worth,Cloudy,78,1.0
3296.0,Fort Worth,Cloudy,74,1.0
3301.9999999999995,Fort Worth,Cloudy,77,1.0
3307.0,Fort Worth,Cloudy,74,1.0
3313.9999999999995,Fort Worth,Cloudy,74,1.0
3316.0000000000005,Fort Worth,Cloudy,78,1.0
3318.9999999999995,Fort Worth,Cloudy,78,1.0
3323.999999999999,Fort Worth,Cloudy,81,1.0
3343.0,Fort Worth,Cloudy,81,1.0
3534.000000000001,Houston,Cloudy,82,1.0
3855.9999999999995,Indianapolis,Mostly Cloudy,59,1.0
3950.9999999999995,Indianapolis,Partly Cloudy,55,1.0
3954.0,Indianapolis,Partly Cloudy,55,1.0
3979.9999999999995,Indianapolis,Clear,68,1.0
3983.0,Indianapolis,Clear,58,1.0
4306.0,Jacksonville,Mostly Cloudy,70,1.0
4584.0,Las Vegas,Mostly Sunny,75,1.0
4888.0,Los Angeles,Clear,59,1.0
4899.000000000001,Los Angeles,Partly Cloudy,82,1.0
4900.0,Los Angeles,Haze,82,1.0
4938.0,Los Angeles,Haze,87,1.0
4940.0,Los Angeles,Sunny,74,1.0
4941.000000000001,Los Angeles,Sunny,63,1.0
4941.999999999999,Los Angeles,Sunny,52,1.0
4944.0,Los Angeles,Mostly Sunny,46,1.0
4993.0,Los Angeles,Clear,71,1.0
5440.0,Milwaukee,Partly Cloudy,47,1.0
5446.000000000001,Milwaukee,Partly Cloudy,60,1.0
5455.0,Milwaukee,Partly Cloudy,51,1.0
5525.999999999999,Milwaukee,Partly Cloudy,64,1.0
5526.999999999999,Milwaukee,Partly Cloudy,62,1.0
5534.0,Milwaukee,Cloudy,57,1.0
5548.0,Milwaukee,Light Snow,86,1.0
5573.0,Milwaukee,Mostly Cloudy,73,1.0
5581.0,Milwaukee,Partly Cloudy,46,1.0
5868.0,Nashville,Cloudy,77,1.0
5873.0,Nashville,Cloudy,74,1.0
5888.000000000001,Nashville,Clear,84,1.0
5905.000000000001,Nashville,Clear,42,1.0
5953.0,Nashville,Cloudy,73,1.0
6866.0,Philadelphia,Clear,37,1.0
6910.0,Philadelphia,Cloudy,64,1.0
7048.0,Phoenix,Partly Cloudy,89,1.0
7052.0,Phoenix,Partly Cloudy,74,1.0
7054.999999999998,Phoenix,Partly Cloudy,58,1.0
7126.000000000002,Phoenix,Partly Cloudy,43,1.0
7131.0,Phoenix,Partly Cloudy,59,1.0
7145.999999999999,Phoenix,Mostly Cloudy,56,1.0
7150.0,Phoenix,Mostly Cloudy,37,1.0
7151.0,Phoenix,Mostly Cloudy,35,1.0
7152.0,Phoenix,Mostly Cloudy,34,1.0
7449.0,Portland,Light Rain,79,1.0
7463.999999999998,Portland,Cloudy,81,1.0
7476.999999999999,Portland,Cloudy,82,1.0
7485.0,Portland,Cloudy,93,1.0
7496.999999999999,Portland,Fog,100,1.0
7552.999999999999,Portland,Cloudy,68,1.0
8009.000000000001,San Diego,Mostly Cloudy,77,1.0
8100.000000000001,San Diego,Fog,86,1.0
8104.000000000001,San Diego,Mostly Cloudy,82,1.0
8110.0,San Diego,Partly Cloudy,62,1.0
8111.0,San Diego,Partly Cloudy,67,1.0
8122.999999999998,San Diego,Partly Cloudy,77,1.0
8135.0,San Diego,Haze,82,1.0
8140.0,San Diego,Haze,79,1.0
8143.000000000002,San Diego,Partly Cloudy,64,1.0
8649.0,San Jose,Mostly Cloudy,93,1.0
8968.999999999998,Seattle,Mostly Cloudy,71,1.0
9052.0,Seattle,Cloudy,79,1.0
9066.0,Seattle,Light Rain,93,1.0
9069.0,Seattle,Light Rain,87,1.0
9075.999999999998,Seattle,Light Rain,87,1.0
9079.0,Seattle,Overcast,87,1.0
9084.0,Seattle,Cloudy,93,1.0
9423.0,Washington,Clear,31,1.0
9424.999999999998,null,Sunny;Clear;Overcast,30.000000000000004,1.0
