entity,Domain,Conditions,Humidity,day
5.0,Austin,Rain,91.39526966169583,1.0
10.0,Austin,Rain,93,1.0
13.0,Austin,Cloudy,81,1.0
24.999999999999996,Austin,Cloudy,81,1.0
31.000000000000004,Austin,Cloudy,84,1.0
34.99999999999999,Austin,Cloudy,81,1.0
37.99999999999999,Austin,Cloudy,85,1.0
38.999999999999986,Austin,Cloudy,87,1.0
42.99999999999999,Austin,Cloudy;Overcast;Showers,93,1.0
49.99999999999999,Austin,Cloudy;Fog;Haze,81,1.0
60.0,Austin,Overcast,84.99999999999999,1.0
91.0,Austin,Partly Cloudy,64,1.0
104.0,Austin,Clear,80,1.0
111.99999999999999,Austin,Clear,53,1.0
130.0,Austin,Cloudy,88,1.0
131.99999999999997,Austin,Cloudy,88,1.0
145.0,Austin,Cloudy,81,1.0
148.99999999999997,Austin,Rain,93,1.0
154.0,Austin,Cloudy;Overcast;Showers,93,1.0
155.99999999999994,Austin,Rain,100,1.0
166.99999999999997,Austin,Cloudy;Fog;Fog And Mist;Light Rain;Light Rain Mist,100,1.0
173.99999999999994,Austin,Mist/Fog,93.0,1.0
204.99999999999997,Austin,Fog;Overcast;Showers;Mist,93,1.0
209.0,Austin,Fog;Overcast;Rain,93,1.0
250.99999999999997,Austin,Mist/Fog,85.99999999999999,1.0
253.99999999999994,Austin,Mist/Fog,85.99999999999999,1.0
257.0,Baltimore,Overcast with Haze,80.0,1.0
259.0,Austin,Cloudy,76,1.0
273.0,Austin,Rain,87,1.0
275.0,Austin,Rain,93,1.0
279.99999999999994,Austin,Rain,100,1.0
302.0,Baltimore,Overcast,80.0,1.0
313.99999999999994,Baltimore,Mist/Light Rain Fog,93.0,1.0
314.99999999999994,Baltimore,Mist/Light Rain Fog,90.0,1.0
324.0,Baltimore,Mostly Cloudy,43,1.0
342.0,Baltimore,Clear,52,1.0
375.99999999999994,Baltimore,Fair,42.99999999999999,1.0
381.99999999999994,Baltimore,A Few Clouds,56.999999999999986,1.0
397.9999999999999,Baltimore,Overcast,40.0,1.0
407.0,Baltimore,Cloudy,36,1.0
408.00000000000006,Baltimore,Cloudy,36,1.0
427.99999999999994,Baltimore,Snow,79,1.0
441.0,Baltimore,Light Snow,80,1.0
461.9999999999999,Baltimore,Sunny,33,1.0
467.0000000000001,Baltimore,Sunny,37,1.0
482.9999999999999,Baltimore,Clear,61,1.0
496.00000000000006,Boston,Mainly Cloudy,65.0,1.0
497.9999999999998,Boston,Partly Cloudy,60.0,1.0
517.0,Baltimore,Mostly Clear,55,1.0
527.9999999999999,Baltimore,Mostly Cloudy;Clean;Intermittent Clouds,81,1.0
534.9999999999999,Baltimore,Cloudy,81,1.0
551.9999999999999,Boston,Mostly Cloudy,60.99999999999999,1.0
564.9999999999999,Boston,Overcast,74.99999999999999,1.0
599.9999999999999,Baltimore,Cloudy,86,1.0
610.9999999999999,Boston,Light Snow,78.99999999999999,1.0
624.9999999999999,Boston,Mist/Fog,84.99999999999999,1.0
645.9999999999999,Boston,Clear,42,1.0
648.9999999999999,Boston,Sunny,38,1.0
655.0,Boston,Mostly Sunny;Partly Cloudy,26,1.0
659.9999999999999,Boston,Clear,36,1.0
668.9999999999999,Boston,Cloudy,40,1.0
671.0,Boston,Cloudy,44,1.0
673.0,Boston,Mostly Cloudy;Mostly,44,1.0
675.9999999999999,Boston,Clear,48,1.0
684.0,Boston,Not totally Cloudy;Partly Sunny,36,1.0
691.9999999999999,Boston,Partly Cloudy;Mainly Sunny;Mostly Clear,29,1.0
731.0,Boston,Clear,31,1.0
733.9999999999999,Boston,Clear,36,1.0
746.0,Boston,Scattered Clouds;Mostly Cloudy;Cloudy;Partly,40,1.0
756.0,Boston,Cloudy,38,1.0
768.0,Boston,Cloudy,45,1.0
774.0,Boston,Not totally Sunny;Scattered Clouds;Not totally Cloudy,38,1.0
775.9999999999999,Boston,Partly Cloudy;Scattered Clouds;Partly,35,1.0
788.9999999999999,Boston,Cloudy,58,1.0
790.9999999999999,Boston,Cloudy,56,1.0
797.9999999999999,Boston,Clear,63,1.0
800.9999999999999,Boston,Clear,65,1.0
830.9999999999999,Boston,Partly Sunny;Partly;Scattered Clouds,58,1.0
836.9999999999999,Boston,Not totally Cloudy;Partly Cloudy;Mostly Clear,31,1.0
843.0,Boston,Overcast;Cloudy,44,1.0
848.0,Boston,Partly Cloudy,48,1.0
852.0,Boston,Partly Cloudy,54,1.0
858.9999999999998,Boston,Cloudy;Overcast,41,1.0
908.0000000000001,Boston,Cloudy,66,1.0
960.9999999999999,Charlotte,Cloudy,50,1.0
965.0,Charlotte,Partly Cloudy,41,1.0
997.0000000000001,Charlotte,Partly Cloudy,95,1.0
1000.0,Charlotte,Mostly Cloudy,100,1.0
1001.0000000000001,Charlotte,Mostly Cloudy,92,1.0
1011.0,Charlotte,Partly Cloudy,43,1.0
3533.999999999999,Houston,Cloudy,82,1.0
7240.999999999999,Phoenix,Mostly Cloudy,36,1.0
9223.999999999998,Seattle,Partly Cloudy,71,1.0
9584.0,Milwaukee,Mist/Fog,84.99999999999999,1.0
1388.0,Chicago,Partly Cloudy,54,1.0
1393.0,Chicago,Mostly Cloudy,62,1.0
1402.9999999999995,Chicago,Cloudy,74,1.0
1405.9999999999998,Chicago,Mostly Cloudy,71,1.0
1410.9999999999998,Chicago,Mostly Cloudy,79,1.0
1416.0000000000002,Chicago,Partly Cloudy,71,1.0
1471.9999999999998,Chicago,Partly Cloudy,61,1.0
2009.9999999999993,Dallas,Cloudy,75,1.0
2013.9999999999995,Dallas,Cloudy,75,1.0
2023.9999999999995,Dallas,Cloudy,74,1.0
2025.9999999999998,Dallas,Cloudy,74,1.0
2047.0,Dallas,Cloudy,82,1.0
2968.9999999999995,El Paso,Clear,62,1.0
2974.0,El Paso,Clear,75,1.0
2995.0,El Paso,Cloudy,43,1.0
3002.0,El Paso,Partly Cloudy,65,1.0
3016.9999999999995,El Paso,Cloudy,82,1.0
3024.0,El Paso,Mostly Cloudy,44,1.0
3025.999999999999,El Paso,Mostly Cloudy,41,1.0
3951.0,Indianapolis,Partly Cloudy,55,1.0
3953.9999999999995,Indianapolis,Partly Cloudy,55,1.0
3979.999999999999,Indianapolis,Clear,68,1.0
3983.0,Indianapolis,Clear,58,1.0
4583.999999999999,Las Vegas,Mostly Sunny,75,1.0
4993.0,Los Angeles,Clear,71,1.0
5525.999999999999,Milwaukee,Partly Cloudy,64,1.0
5526.999999999999,Milwaukee,Partly Cloudy,62,1.0
5533.999999999999,Milwaukee,Cloudy,57,1.0
5548.0,Milwaukee,Light Snow,86,1.0
5572.999999999999,Milwaukee,Mostly Cloudy,73,1.0
5580.999999999999,Milwaukee,Partly Cloudy,46,1.0
7047.999999999999,Phoenix,Partly Cloudy,89,1.0
7051.999999999999,Phoenix,Partly Cloudy,74,1.0
7055.0,Phoenix,Partly Cloudy,58,1.0
7125.999999999997,Phoenix,Partly Cloudy,43,1.0
7131.0,Phoenix,Partly Cloudy,59,1.0
7145.999999999999,Phoenix,Mostly Cloudy,56,1.0
7149.999999999999,Phoenix,Mostly Cloudy,37,1.0
7150.999999999999,Phoenix,Mostly Cloudy,35,1.0
7152.0,Phoenix,Mostly Cloudy,34,1.0
7552.999999999998,Portland,Cloudy,68,1.0
8100.0,San Diego,Fog,86,1.0
8103.999999999999,San Diego,Mostly Cloudy,82,1.0
8109.999999999999,San Diego,Partly Cloudy,62,1.0
8111.0,San Diego,Partly Cloudy,67,1.0
8123.0,San Diego,Partly Cloudy,77,1.0
8134.999999999999,San Diego,Haze,82,1.0
8139.999999999999,San Diego,Haze,79,1.0
8142.999999999997,San Diego,Partly Cloudy,64,1.0
8649.0,San Jose,Mostly Cloudy,93,1.0
9051.999999999998,Seattle,Cloudy,79,1.0
9066.0,Seattle,Light Rain,93,1.0
9069.0,Seattle,Cloudy,87,1.0
9075.999999999998,Seattle,Light Rain,87,1.0
9078.999999999998,Seattle,Cloudy,87,1.0
9084.000000000002,Seattle,Cloudy,93,1.0
