entity,Domain,Conditions,Humidity,day
5.000000000000001,Austin,Rain,93,0.9387045318011344
10.000000000000002,Austin,Rain,93,0.9387045318011344
13.000000000000002,Austin,Cloudy,81,0.9387045318011344
24.999999999999996,Austin,Cloudy,81,0.8755435727839972
30.999999999999996,Austin,Cloudy,84,0.8755435727839972
34.99999999999999,Austin,Cloudy,81,0.8755435727839972
38.0,Austin,Cloudy,85,0.8755435727839972
39.00000000000001,Austin,Cloudy,87,0.8755435727839972
43.0,Austin,Cloudy,93,0.8755435727839972
49.99999999999999,Austin,Cloudy,81,0.8755435727839972
60.00000000000001,Austin,Overcast,85,1
91.0,Austin,Partly Cloudy,64,0.9387045318011344
104.00000000000001,Austin,Clear,80,0.9387045318011344
112.00000000000001,Austin,Clear,53,0.9387045318011344
129.99999999999997,Austin,Cloudy,88,0.9387045318011344
132.0,Austin,Cloudy,88,0.9387045318011344
145.00000000000003,Austin,Cloudy,81,0.9387045318011344
149.00000000000003,Austin,Rain,93,0.8755435727839972
154.0,Austin,Cloudy,93,0.8755435727839972
156.00000000000003,Austin,Rain,100,0.8166258993950329
166.99999999999997,Austin,Fog,100,0.8166258993950329
174.00000000000003,Austin,Mist/Fog,93,1
204.99999999999997,Austin,Showers,93,0.8755435727839972
209.0,Austin,Fog,93,0.8755435727839972
251.0,Austin,Mist/Fog,86,1
254.0,Austin,Mist/Fog,86,1
256.99999999999994,Austin,Overcast with Haze,80,1
259.0,Austin,Cloudy,76,0.8755435727839972
272.99999999999994,Austin,Rain,87,0.8755435727839972
275.00000000000006,Austin,Rain,93,0.8755435727839972
279.99999999999994,Austin,Rain,100,0.8755435727839972
302.0,Austin,Overcast,80,1
314.00000000000006,Baltimore,Mist/Light Rain Fog,93,1
315.0,Baltimore,Mist/Light Rain Fog,90,1
324.0,Baltimore,Mostly Cloudy,43,0.8783780022001315
342.0,Baltimore,Clear,52,0.8779213675938984
376.00000000000006,Baltimore,Fair,43,1
382.0,Baltimore,A Few Clouds,57,1
397.99999999999994,Baltimore,Overcast,40,1
406.99999999999994,Baltimore,Cloudy,36,0.9410823266110357
408.00000000000006,Baltimore,Cloudy,36,0.9410823266110357
428.0,Baltimore,Snow,79,0.8797868584121702
441.00000000000006,Baltimore,Light Snow,80,0.9410823266110357
461.99999999999994,Baltimore,Sunny,33,0.9410823266110357
466.99999999999994,Baltimore,Sunny,37,0.9410823266110357
483.00000000000006,Baltimore,Clear,61,0.8779213675938984
495.99999999999994,Baltimore,Mainly Cloudy,65,1
498.00000000000006,Baltimore,Partly Cloudy,60,1
516.9999999999999,Baltimore,Mostly Clear,55,0.8779213675938984
528.0,Baltimore,Mostly Cloudy,81,0.8152170431829941
535.0,Baltimore,Cloudy,81,0.8779213675938984
552.0,Baltimore,Mostly Cloudy,61,1
565.0000000000001,Baltimore,Overcast,75,1
600.0,Baltimore,Cloudy,86,0.8779213675938984
611.0000000000001,Baltimore,Light Snow,79,1
625.0000000000001,Baltimore,Mist/Fog,85,1
646.0,Boston,Clear,42,0.6952938292459149
649.0,Boston,Sunny,38,0.6952938292459149
655.0000000000001,Boston,Partly Cloudy,26,0.6952938292459149
659.9999999999999,Boston,Clear,36,0.6952938292459149
669.0,Boston,Cloudy,40,0.6952938292459149
670.9999999999999,Boston,Cloudy,44,0.6952938292459149
673.0000000000001,Boston,Mostly Cloudy,44,0.6325895048350106
676.0,Boston,Clear,48,0.6952938292459149
684.0,Boston,Partly Cloudy,36,0.6952938292459149
691.9999999999999,Boston,Mostly Clear,29,0.6952938292459149
731.0,Boston,Clear,31,0.6952938292459149
734.0,Boston,Clear,36,0.6952938292459149
745.9999999999999,Boston,Partly Sunny,40,0.6325895048350106
755.9999999999999,Boston,Cloudy,38,0.631672356694043
767.9999999999998,Boston,Cloudy,45,0.6952938292459149
774.0,Boston,Partly Sunny,38,0.6952938292459149
775.9999999999998,Boston,Partly Sunny,35,0.6952938292459149
788.9999999999999,Boston,Cloudy,58,0.6952938292459149
791.0000000000002,Boston,Cloudy,56,0.6952938292459149
798.0,Boston,Clear,63,0.6952938292459149
801.0,Boston,Clear,65,0.6952938292459149
831.0,Boston,Partly Sunny,58,0.6952938292459149
837.0000000000001,Boston,Partly Cloudy,31,0.6952938292459149
843.0,Boston,Cloudy,44,0.6952938292459149
847.9999999999999,Boston,Partly Cloudy,48,0.6952938292459149
852.0,Boston,Partly Cloudy,54,0.6952938292459149
859.0,Boston,Cloudy,41,0.6952938292459149
908.0,Boston,Cloudy,66,0.6952938292459149
961.0000000000001,Charlotte,Cloudy,50,0.9368390409828626
965.0,Charlotte,Partly Cloudy,41,0.9368390409828626
997.0000000000001,Charlotte,Partly Cloudy,95,0.9368390409828626
999.9999999999999,Charlotte,Mostly Cloudy,100,0.8741347165719584
1000.9999999999999,Charlotte,Mostly Cloudy,92,0.8741347165719584
1010.9999999999998,Charlotte,Partly Cloudy,43,0.9368390409828626
1073.9999999999998,Charlotte,Cloudy,81,0.9368390409828626
1080.0000000000002,Charlotte,Cloudy,80,0.9368390409828626
1083.0000000000002,Charlotte,Partly Cloudy,74,0.9368390409828626
1084.0000000000002,Charlotte,Partly Cloudy,77,0.9368390409828626
1086.0,Charlotte,Partly Cloudy,80,0.9368390409828626
1107.0,Charlotte,Mostly Clear,47,0.9368390409828626
1113.0,Charlotte,Clear,70,0.9368390409828626
1152.0,Charlotte,Mostly Cloudy,67,0.8741347165719584
1154.0,Charlotte,Partly Cloudy,49,0.9368390409828626
1166.0000000000002,Charlotte,Cloudy,69,0.9368390409828626
1183.0000000000002,Charlotte,Drizzle,93,0.8755435727839972
1224.0000000000002,Charlotte,Fog,95,0.9368390409828626
1226.0,Charlotte,Fog,93,0.9368390409828626
1234.0,Charlotte,Fog,100,0.9368390409828626
1236.9999999999998,Charlotte,Fog,100,0.9368390409828626
1239.0,Charlotte,Fog,100,0.9368390409828626
1240.0,Charlotte,Fog,100,0.9368390409828626
1286.0,Chicago,Mostly Cloudy,60,0.9372956755890958
1288.0000000000002,Chicago,Mostly Cloudy,57,0.9372956755890958
1294.0000000000002,Chicago,Mostly Cloudy,49,0.9372956755890958
1298.0,Chicago,Mostly Cloudy,62,0.9372956755890958
1304.0,Chicago,Partly Cloudy,58,0.9368390409828626
1308.0000000000002,Chicago,Partly Cloudy,62,0.9368390409828626
1313.0000000000002,Chicago,Overcast,63,0.9368390409828626
1316.9999999999998,Chicago,Cloudy,62,0.9368390409828626
1318.0,Chicago,Cloudy,62,0.9368390409828626
1331.0,Chicago,Cloudy,55,0.9368390409828626
1332.9999999999998,Chicago,A Few Clouds,60,1
1334.9999999999998,Chicago,Clean,65,1
1340.9999999999998,Chicago,Partly Cloudy,65,1
1341.9999999999998,Chicago,Partly Cloudy,65,1
1343.0,Chicago,A Few Clouds,68,1
1350.0,Chicago,Overcast,62,1
1365.0,Chicago,Mostly Cloudy,65,0.9372956755890958
1388.0000000000002,Chicago,Partly Cloudy,54,1.0
1393.0,Chicago,Mostly Cloudy,62,1.0
1403.0,Chicago,Cloudy,74,1.0
1406.0,Chicago,Mostly Cloudy,71,1.0
1410.9999999999998,Chicago,Mostly Cloudy,79,1.0
1416.0,Chicago,Partly Cloudy,71,1.0
1438.0000000000002,Chicago,Haze,74,0.8152170431829941
1440.0,Chicago,Cloudy,74,0.8779213675938984
1450.0,Chicago,Overcast,72,1
1462.0,Chicago,Overcast with Haze,78,1
1468.0,Chicago,Overcast with Haze,78,1
1471.9999999999998,Chicago,Partly Cloudy,61,1.0
1486.0,Chicago,Light Snow,93,0.8755435727839972
1503.0,Chicago,Cloudy,74,0.9368390409828626
1507.0,Chicago,Overcast Haze,63,1
1546.0000000000002,Chicago,Cloudy,80,0.9368390409828626
1557.0000000000002,Chicago,Cloudy,80,0.9368390409828626
1569.9999999999998,Chicago,Mist/Light Snow Fog,85,1
1572.9999999999998,Chicago,Light Snow,79,1
1583.0000000000002,Chicago,Overcast with Haze,81,1
1588.0000000000005,Chicago,Overcast with Haze,81,1
1610.9999999999995,Columbus,Cloudy,52,0.8166258993950329
1613.9999999999998,Columbus,Mostly Cloudy,48,0.7539215749841286
1631.0,Columbus,Clear,73,0.7539215749841286
1633.0,Columbus,Partly Cloudy,79,0.8166258993950329
1641.0,Columbus,Haze,74,0.7539215749841286
1642.0000000000002,Columbus,Haze,74,0.7539215749841286
1646.0000000000002,Columbus,Mostly Cloudy,55,0.7539215749841286
1651.0,Columbus,Cloudy,44,0.8166258993950329
1686.0,Columbus,Cloudy,53,0.8166258993950329
1695.9999999999998,Columbus,Cloudy,57,0.8166258993950329
1703.0000000000002,Columbus,Cloudy,57,0.7529230945809706
1717.0000000000002,Columbus,Clear,53,0.7539215749841286
1723.0,Columbus,Partly Cloudy,73,0.8166258993950329
1739.9999999999995,Columbus,Partly Sunny,57,0.8166258993950329
1745.0,Columbus,Sunny,43,0.8166258993950329
1751.9999999999998,Columbus,Cloudy,72,0.8166258993950329
1753.0000000000002,Columbus,Cloudy,72,0.8166258993950329
1753.9999999999998,Columbus,Cloudy,80,0.8166258993950329
1800.0000000000002,Columbus,Cloudy,66,1
1870.9999999999998,Columbus,Light Snow,75,0.8166258993950329
1873.9999999999998,Columbus,Light Snow,81,0.8166258993950329
1926.0,Dallas,Light Rain,93,0.9387045318011344
1939.9999999999998,Dallas,Cloudy,70,0.9368390409828626
1959.0000000000005,Dallas,Cloudy,92,0.9368390409828626
1961.0000000000002,Dallas,Haze,81,0.9368390409828626
1963.0000000000002,Dallas,Haze,75,0.9368390409828626
1968.0,Dallas,Cloudy,68,0.9368390409828626
1985.0,Dallas,Mist/Fog,88,1
1995.0000000000002,Dallas,Overcast with Haze,79,1
1999.0000000000005,Dallas,Overcast,68,1
2010.0000000000002,Dallas,Cloudy,75,1.0
2014.0000000000002,Dallas,Cloudy,75,1.0
2024.0,Dallas,Cloudy,74,1.0
2026.0000000000007,Dallas,Cloudy,74,1.0
2046.9999999999998,Dallas,Cloudy,82,1.0
2051.0,Dallas,Cloudy,82,1.0
2053.0,Dallas,Cloudy,85,1.0
2072.9999999999995,Dallas,Cloudy,76,0.9368390409828626
2079.0,Dallas,Rain,87,0.8166258993950329
2091.0,Dallas,Mist/Fog,83,1
2108.0000000000005,Dallas,Mist/Light Rain Fog,92,1
2110.0000000000005,Dallas,Light Rain,87,1.0
2111.0,Dallas,Light Rain,87,1
2112.0,Dallas,Overcast,88,1.0
2115.0000000000005,Dallas,Cloudy,71,0.9368390409828626
2120.0,Dallas,Cloudy,81,0.9368390409828626
2121.0,Dallas,Cloudy,81,0.9368390409828626
2151.9999999999995,Dallas,Overcast with Haze,83,1
2161.0,Dallas,Overcast Haze,82,1
2175.0,Dallas,Cloudy,57,1
2176.0,Dallas,Mostly,54,1
2180.0,Dallas,Mostly Cloudy,65,0.9368390409828626
2211.0,Dallas,Mostly,61,1
2220.0,Dallas,Overcast,86,1
2222.9999999999995,Dallas,Mostly Cloudy,86,1
2226.0,Dallas,Overcast,82,1
2247.0,Denver,Partly Cloudy,92,0.9410823266110357
2267.9999999999995,Denver,Partly Cloudy,80,0.8779213675938984
2271.9999999999995,Denver,Partly Cloudy,71,0.8779213675938984
2272.9999999999995,Denver,Partly Cloudy,74,0.8779213675938984
2281.0,Denver,Partly Cloudy,50,0.8779213675938984
2305.0,Denver,Mist/Fog,92,1
2309.0,Denver,A Few Clouds,69,1
2318.0000000000005,Denver,A Few,25,1
2320.0000000000005,Denver,A Few Clouds,23,1
2323.0,Denver,Not totally Cloudy,23,1
2328.0000000000005,Denver,Mostly Clear,32,0.9410823266110357
2332.0000000000005,Denver,Clear,37,0.9410823266110357
2350.0,Denver,Partly Cloudy,32,0.9410823266110357
2354.9999999999995,Denver,Mostly Cloudy,23,0.8783780022001315
2357.9999999999995,Denver,Partly Cloudy,48,0.9410823266110357
2365.0000000000005,Denver,Mostly Cloudy,52,0.9410823266110357
2396.0,Denver,Cloudy,48,0.8779213675938984
2402.0000000000005,Denver,Cloudy,85,0.8779213675938984
2417.0,Denver,Overcast,57,1
2423.0,Denver,Overcast,85,1
2441.9999999999995,Denver,Clear,40,0.8779213675938984
2444.9999999999995,Denver,Clear,63,0.8779213675938984
2447.0,Denver,Clear,43,0.8779213675938984
2451.0000000000005,Denver,Mostly Clear,37,0.8779213675938984
2456.9999999999995,Denver,Sunny,40,0.8779213675938984
2478.9999999999995,Denver,Clean,71,1
2500.0000000000005,Denver,Mostly Cloudy,41,0.8152170431829941
2535.0,Denver,Cloudy,52,1
2543.0,Denver,Partly Cloudy,47,1
2548.0,Denver,Not totally Cloudy,36,1
2549.0000000000005,Denver,Not totally Cloudy,36,1
2552.0,Denver,Not totally Cloudy,29,1
2557.9999999999995,Denver,Mostly Cloudy,27,1
2580.0,Detroit,Clear,54,0.9368390409828626
2588.9999999999995,Detroit,Clear,68,0.9368390409828626
2604.9999999999995,Detroit,Cloudy,53,0.9368390409828626
2611.0,Detroit,Cloudy,54,0.9368390409828626
2625.0,Detroit,Fair,70,1
2630.9999999999995,Detroit,Clean,80,1
2647.9999999999995,Detroit,Clear,53,1.0
2649.0,Detroit,Clear,57,1.0
2649.9999999999995,Detroit,Clear,62,1.0
2671.9999999999995,Detroit,Partly Cloudy,62,1.0
2685.0,Detroit,Clear,79,1.0
2686.9999999999995,Detroit,Clear,79,1.0
2690.9999999999995,Detroit,Clear,85,1.0
2692.0000000000005,Detroit,Overcast,85,1
2710.0,Detroit,Cloudy,69,0.9368390409828626
2712.000000000001,Detroit,Clear,74,0.9368390409828626
2743.0,Detroit,Clean,85,1
2746.0000000000005,Detroit,Clean,85,1
2798.0,Detroit,Overcast,85,1
2877.0,Detroit,Overcast,66,1
3017.0,El Paso,Cloudy,82,1.0
3120.0,El Paso,Mostly Cloudy,65,1
3259.0,El Paso,Mist/Fog,85,1
3373.0,El Paso,Light Rain,85,1
3511.9999999999995,El Paso,Fair,77,1
3513.0,El Paso,Fair,77,1
3534.0,Houston,Cloudy,82,1.0
3772.999999999999,Houston,Overcast,77,1
3775.0000000000005,Houston,Overcast,78,1
3839.000000000001,Houston,Overcast,77,1
4011.999999999999,Houston,Fair,78,1
4148.999999999999,Houston,Overcast with Haze,81,1
4149.999999999999,Houston,Overcast with Haze,81,1
4153.000000000001,Houston,Overcast with Haze,78,1
4219.0,Houston,Mostly Cloudy,77,1
4322.999999999999,Jacksonville,Cloudy,82,0.8779213675938984
4462.000000000001,Jacksonville,Overcast,77,1
4866.0,Jacksonville,Fair,77,1
4981.0,Jacksonville,Overcast,81,1
5036.0,Jacksonville,Haze,81,1
5050.0,Jacksonville,Haze,77,1
5184.999999999999,Jacksonville,Mainly Cloudy,78,1
5267.999999999999,Memphis,Cloudy,55,0.9368390409828626
5419.000000000001,Memphis,Fair,78,1
5619.000000000001,Memphis,with Haze,81,1
6068.000000000002,Memphis,Overcast,65,1
6367.999999999999,New York,Cloudy,59,0.8779213675938984
7346.0,New York,Overcast,66,1
7413.000000000002,New York,Mainly Cloudy,77,1
7416.000000000001,New York,Mainly Cloudy,77,1
7422.0,New York,Mainly Cloudy,77,1
8172.999999999998,New York,A Few,77,1
8180.000000000001,New York,A Few Clouds,77,1
8208.000000000002,San Diego,Cloudy,80,0.9368390409828626
8297.0,San Diego,Overcast,78,1
8792.000000000002,San Jose,Cloudy,80,0.9368390409828626
9130.0,San Jose,Mostly Cloudy,77,1
9292.999999999998,Washington,Cloudy,38,1.0
9515.999999999998,Washington,Mostly,66.0,1.0
