entity,Domain,Conditions,Humidity,day
5.0,Austin,Rain,93,0.938744777662122
10.0,Austin,Rain,93,0.938744777662122
12.999999999999998,Austin,Cloudy,81,0.938744777662122
24.999999999999996,Austin,Cloudy,81,0.8755367815876008
31.0,Austin,Cloudy,84,0.8755367815876008
35.0,Austin,Cloudy,81,0.8755367815876008
38.0,Austin,Cloudy,85,0.8755367815876008
38.99999999999999,Austin,Cloudy,87,0.8755367815876008
42.99999999999999,Austin,Cloudy,93,0.8755367815876008
49.99999999999999,Austin,Cloudy,81,0.8755367815876008
60.000000000000014,Austin,Overcast,85,1
91.0,Austin,Partly Cloudy,64,0.938744777662122
103.99999999999999,Austin,Clear,80,0.938744777662122
111.99999999999997,Austin,Clear,53,0.938744777662122
130.0,Austin,Cloudy,88,0.938744777662122
131.99999999999997,Austin,Cloudy,88,0.938744777662122
145.0,Austin,Cloudy,81,0.938744777662122
149.0,Austin,Rain,93,0.8755367815876008
153.99999999999997,Austin,Cloudy,93,0.8755367815876008
155.99999999999997,Austin,Rain,100,0.8167253748342196
166.99999999999997,Austin,Fog,100,0.8167253748342196
174.0,Austin,Mist/Fog,93,1
204.99999999999997,Austin,Showers,93,0.8755367815876008
209.0,Austin,Fog,93,0.8755367815876008
250.99999999999997,Austin,Mist/Fog,86,1
254.00000000000003,Austin,Mist/Fog,86,1
256.99999999999994,Austin,Overcast with Haze,80,1
259.0,Austin,Cloudy,76,0.8755367815876008
272.99999999999994,Austin,Rain,87,0.8755367815876008
275.0,Austin,Rain,93,0.8755367815876008
280.0,Austin,Rain,100,0.8755367815876008
302.0,Austin,Overcast,80,1
313.99999999999994,Baltimore,Mist/Light Rain Fog,93,1
314.99999999999994,Baltimore,Mist/Light Rain Fog,90,1
323.99999999999994,Baltimore,Mostly Cloudy,43,0.8785573017728862
342.0,Baltimore,Clear,52,0.8779805971720975
376.0,Baltimore,Fair,43,1
381.99999999999994,Baltimore,A Few Clouds,57,1
397.99999999999994,Baltimore,Overcast,40,1
407.0,Baltimore,Cloudy,36,0.9411885932466187
407.99999999999994,Baltimore,Cloudy,36,0.9411885932466187
428.00000000000006,Baltimore,Snow,79,0.8799333709087407
441.0,Baltimore,Light Snow,80,0.9411885932466187
462.0000000000001,Baltimore,Sunny,33,0.9411885932466187
466.99999999999994,Baltimore,Sunny,37,0.9411885932466187
482.99999999999994,Baltimore,Clear,61,0.8779805971720975
496.0,Baltimore,Mainly Cloudy,65,1
498.0,Baltimore,Partly Cloudy,60,1
517.0,Baltimore,Mostly Clear,55,0.8779805971720975
527.9999999999999,Baltimore,Mostly Cloudy,81,0.8153493056983651
534.9999999999999,Baltimore,Cloudy,81,0.8779805971720975
552.0000000000001,Baltimore,Mostly Cloudy,61,1
565.0,Baltimore,Overcast,75,1
600.0,Baltimore,Cloudy,86,0.8779805971720975
610.9999999999999,Baltimore,Light Snow,79,1
624.9999999999999,Baltimore,Mist/Fog,85,1
645.9999999999998,Boston,Clear,42,0.695321897036681
649.0000000000001,Boston,Sunny,38,0.695321897036681
655.0000000000001,Boston,Partly Cloudy,26,0.695321897036681
659.9999999999999,Boston,Clear,36,0.695321897036681
669.0,Boston,Cloudy,40,0.695321897036681
670.9999999999999,Boston,Cloudy,44,0.695321897036681
672.9999999999999,Boston,Mostly Cloudy,44,0.6326906055629485
676.0,Boston,Clear,48,0.695321897036681
684.0,Boston,Partly Cloudy,36,0.695321897036681
692.0,Boston,Mostly Clear,29,0.695321897036681
731.0,Boston,Clear,31,0.695321897036681
734.0,Boston,Clear,36,0.695321897036681
745.9999999999999,Boston,Partly Sunny,40,0.6326906055629485
756.0,Boston,Cloudy,38,0.6316031443245856
767.9999999999999,Boston,Cloudy,45,0.695321897036681
774.0,Boston,Partly Sunny,38,0.695321897036681
775.9999999999999,Boston,Partly Sunny,35,0.695321897036681
789.0,Boston,Cloudy,58,0.695321897036681
791.0000000000001,Boston,Cloudy,56,0.695321897036681
797.9999999999999,Boston,Clear,63,0.695321897036681
800.9999999999999,Boston,Clear,65,0.695321897036681
831.0000000000001,Boston,Partly Sunny,58,0.695321897036681
836.9999999999999,Boston,Partly Cloudy,31,0.695321897036681
842.9999999999999,Boston,Cloudy,44,0.695321897036681
847.9999999999998,Boston,Partly Cloudy,48,0.695321897036681
852.0000000000002,Boston,Partly Cloudy,54,0.695321897036681
858.9999999999998,Boston,Cloudy,41,0.695321897036681
908.0,Boston,Cloudy,66,0.695321897036681
961.0000000000001,Charlotte,Cloudy,50,0.9367920039254789
965.0,Charlotte,Partly Cloudy,41,0.9367920039254789
996.9999999999999,Charlotte,Partly Cloudy,95,0.9367920039254789
999.9999999999999,Charlotte,Mostly Cloudy,100,0.8741607124517463
1000.9999999999999,Charlotte,Mostly Cloudy,92,0.8741607124517463
1011.0000000000001,Charlotte,Partly Cloudy,43,0.9367920039254789
1074.0,Charlotte,Cloudy,81,0.9367920039254789
1079.9999999999998,Charlotte,Cloudy,80,0.9367920039254789
1082.9999999999998,Charlotte,Partly Cloudy,74,0.9367920039254789
1084.0,Charlotte,Partly Cloudy,77,0.9367920039254789
1085.9999999999998,Charlotte,Partly Cloudy,80,0.9367920039254789
1107.0,Charlotte,Mostly Clear,47,0.9367920039254789
1113.0,Charlotte,Clear,70,0.9367920039254789
1151.9999999999998,Charlotte,Mostly Cloudy,67,0.8741607124517463
1154.0000000000002,Charlotte,Partly Cloudy,49,0.9367920039254789
1165.9999999999998,Charlotte,Cloudy,69,0.9367920039254789
1183.0,Charlotte,Drizzle,93,0.8755367815876008
1223.9999999999998,Charlotte,Fog,95,0.9367920039254789
1225.9999999999998,Charlotte,Fog,93,0.9367920039254789
1234.0,Charlotte,Fog,100,0.9367920039254789
1237.0,Charlotte,Fog,100,0.9367920039254789
1238.9999999999998,Charlotte,Fog,100,0.9367920039254789
1240.0,Charlotte,Fog,100,0.9367920039254789
1285.9999999999998,Chicago,Mostly Cloudy,60,0.9373687085262674
1288.0000000000002,Chicago,Mostly Cloudy,57,0.9373687085262674
1293.9999999999998,Chicago,Mostly Cloudy,49,0.9373687085262674
1298.0000000000002,Chicago,Mostly Cloudy,62,0.9373687085262674
1303.9999999999998,Chicago,Partly Cloudy,58,0.9367920039254789
1308.0,Chicago,Partly Cloudy,62,0.9367920039254789
1312.9999999999998,Chicago,Overcast,63,0.9367920039254789
1316.9999999999998,Chicago,Cloudy,62,0.9367920039254789
1318.0,Chicago,Cloudy,62,0.9367920039254789
1330.9999999999995,Chicago,Cloudy,55,0.9367920039254789
1332.9999999999998,Chicago,A Few Clouds,60,1
1334.9999999999998,Chicago,Clean,65,1
1341.0,Chicago,Partly Cloudy,65,1
1341.9999999999998,Chicago,Partly Cloudy,65,1
1342.9999999999998,Chicago,A Few Clouds,68,1
1349.9999999999998,Chicago,Overcast,62,1
1364.9999999999998,Chicago,Mostly Cloudy,65,0.9373687085262674
1387.9999999999995,Chicago,Partly Cloudy,54,1.0
1393.0,Chicago,Mostly Cloudy,62,1.0
1402.9999999999998,Chicago,Cloudy,74,1.0
1406.0,Chicago,Mostly Cloudy,71,1.0
1410.9999999999998,Chicago,Mostly Cloudy,79,1.0
1415.9999999999998,Chicago,Partly Cloudy,71,1.0
1437.9999999999998,Chicago,Haze,74,0.8153493056983651
1440.0,Chicago,Cloudy,74,0.8779805971720975
1449.9999999999998,Chicago,Overcast,72,1
1462.0,Chicago,Overcast with Haze,78,1
1468.0,Chicago,Overcast with Haze,78,1
1471.9999999999998,Chicago,Partly Cloudy,61,1.0
1486.0,Chicago,Light Snow,93,0.8755367815876008
1503.0,Chicago,Cloudy,74,0.9367920039254789
1506.9999999999998,Chicago,Overcast Haze,63,1
1545.9999999999998,Chicago,Cloudy,80,0.9367920039254789
1556.9999999999998,Chicago,Cloudy,80,0.9367920039254789
1569.9999999999998,Chicago,Mist/Light Snow Fog,85,1
1572.9999999999998,Chicago,Light Snow,79,1
1583.0,Chicago,Overcast with Haze,81,1
1587.9999999999998,Chicago,Overcast with Haze,81,1
1610.9999999999998,Columbus,Cloudy,52,0.8167253748342196
1613.9999999999998,Columbus,Mostly Cloudy,48,0.754094083360487
1630.9999999999998,Columbus,Clear,73,0.754094083360487
1633.0,Columbus,Partly Cloudy,79,0.8167253748342196
1641.0,Columbus,Haze,74,0.754094083360487
1642.0,Columbus,Haze,74,0.754094083360487
1645.9999999999998,Columbus,Mostly Cloudy,55,0.754094083360487
1651.0,Columbus,Cloudy,44,0.8167253748342196
1685.9999999999998,Columbus,Cloudy,53,0.8167253748342196
1695.9999999999995,Columbus,Cloudy,57,0.8167253748342196
1702.9999999999998,Columbus,Cloudy,57,0.7529650217515877
1717.0,Columbus,Clear,53,0.754094083360487
1722.9999999999998,Columbus,Partly Cloudy,73,0.8167253748342196
1739.9999999999995,Columbus,Partly Sunny,57,0.8167253748342196
1744.9999999999998,Columbus,Sunny,43,0.8167253748342196
1752.0,Columbus,Cloudy,72,0.8167253748342196
1752.9999999999995,Columbus,Cloudy,72,0.8167253748342196
1754.0000000000002,Columbus,Cloudy,80,0.8167253748342196
1800.0,Columbus,Cloudy,66,1
1870.9999999999998,Columbus,Light Snow,75,0.8167253748342196
1874.0,Columbus,Light Snow,81,0.8167253748342196
1926.0,Dallas,Light Rain,93,0.938744777662122
1940.0,Dallas,Cloudy,70,0.9367920039254789
1958.9999999999995,Dallas,Cloudy,92,0.9367920039254789
1961.0,Dallas,Haze,81,0.9367920039254789
1962.9999999999995,Dallas,Haze,75,0.9367920039254789
1967.9999999999998,Dallas,Cloudy,68,0.9367920039254789
1984.9999999999998,Dallas,Mist/Fog,88,1
1995.0,Dallas,Overcast with Haze,79,1
1999.0,Dallas,Overcast,68,1
2010.0,Dallas,Cloudy,75,1.0
2013.9999999999998,Dallas,Cloudy,75,1.0
2023.9999999999993,Dallas,Cloudy,74,1.0
2026.0,Dallas,Cloudy,74,1.0
2047.0,Dallas,Cloudy,82,1.0
2050.9999999999995,Dallas,Cloudy,82,1.0
2053.0,Dallas,Cloudy,85,1.0
2072.9999999999995,Dallas,Cloudy,76,0.9367920039254789
2078.9999999999995,Dallas,Rain,87,0.8167253748342196
2090.9999999999995,Dallas,Mist/Fog,83,1
2108.0,Dallas,Mist/Light Rain Fog,92,1
2110.0,Dallas,Light Rain,87,1.0
2110.9999999999995,Dallas,Light Rain,87,1
2111.9999999999995,Dallas,Overcast,88,1.0
2114.9999999999995,Dallas,Cloudy,71,0.9367920039254789
2119.9999999999995,Dallas,Cloudy,81,0.9367920039254789
2120.9999999999995,Dallas,Cloudy,81,0.9367920039254789
2151.9999999999995,Dallas,Overcast with Haze,83,1
2160.9999999999995,Dallas,Overcast Haze,82,1
2175.0,Dallas,Cloudy,57,1
2176.0,Dallas,Mostly,54,1
2180.0,Dallas,Mostly Cloudy,65,0.9367920039254789
2210.9999999999995,Dallas,Mostly,61,1
2220.0,Dallas,Overcast,86,1
2222.9999999999995,Dallas,Mostly Cloudy,86,1
2226.0,Dallas,Overcast,82,1
2246.9999999999995,Denver,Partly Cloudy,92,0.9411885932466187
2267.9999999999995,Denver,Partly Cloudy,80,0.8779805971720975
2271.9999999999995,Denver,Partly Cloudy,71,0.8779805971720975
2272.9999999999995,Denver,Partly Cloudy,74,0.8779805971720975
2280.9999999999995,Denver,Partly Cloudy,50,0.8779805971720975
2305.0,Denver,Mist/Fog,92,1
2309.0,Denver,A Few Clouds,69,1
2318.0,Denver,A Few,25,1
2320.0,Denver,A Few Clouds,23,1
2322.9999999999995,Denver,Not totally Cloudy,23,1
2328.0,Denver,Mostly Clear,32,0.9411885932466187
2331.9999999999995,Denver,Clear,37,0.9411885932466187
2349.9999999999995,Denver,Partly Cloudy,32,0.9411885932466187
2354.9999999999995,Denver,Mostly Cloudy,23,0.8785573017728862
2358.0000000000005,Denver,Partly Cloudy,48,0.9411885932466187
2364.9999999999995,Denver,Mostly Cloudy,52,0.9411885932466187
2396.0,Denver,Cloudy,48,0.8779805971720975
2402.0,Denver,Cloudy,85,0.8779805971720975
2416.9999999999995,Denver,Overcast,57,1
2422.9999999999995,Denver,Overcast,85,1
2442.0,Denver,Clear,40,0.8779805971720975
2444.999999999999,Denver,Clear,63,0.8779805971720975
2446.9999999999995,Denver,Clear,43,0.8779805971720975
2450.999999999999,Denver,Mostly Clear,37,0.8779805971720975
2456.9999999999995,Denver,Sunny,40,0.8779805971720975
2479.0,Denver,Clean,71,1
2499.9999999999995,Denver,Mostly Cloudy,41,0.8153493056983651
2535.0,Denver,Cloudy,52,1
2542.9999999999995,Denver,Partly Cloudy,47,1
2547.9999999999995,Denver,Not totally Cloudy,36,1
2548.9999999999995,Denver,Not totally Cloudy,36,1
2551.9999999999995,Denver,Not totally Cloudy,29,1
2558.0,Denver,Mostly Cloudy,27,1
2580.0,Detroit,Clear,54,0.9367920039254789
2588.9999999999995,Detroit,Clear,68,0.9367920039254789
2604.9999999999995,Detroit,Cloudy,53,0.9367920039254789
2610.9999999999995,Detroit,Cloudy,54,0.9367920039254789
2625.0000000000005,Detroit,Fair,70,1
2631.0,Detroit,Clean,80,1
2647.9999999999995,Detroit,Clear,53,1.0
2649.0,Detroit,Clear,57,1.0
2649.9999999999995,Detroit,Clear,62,1.0
2671.9999999999995,Detroit,Partly Cloudy,62,1.0
2684.9999999999995,Detroit,Clear,79,1.0
2687.0,Detroit,Clear,79,1.0
2690.9999999999995,Detroit,Clear,85,1.0
2691.9999999999995,Detroit,Overcast,85,1
2709.9999999999995,Detroit,Cloudy,69,0.9367920039254789
2712.0,Detroit,Clear,74,0.9367920039254789
2742.9999999999995,Detroit,Clean,85,1
2746.0,Detroit,Clean,85,1
2798.0,Detroit,Overcast,85,1
2877.0,Detroit,Overcast,66,1
3017.0,El Paso,Cloudy,82,1.0
3120.0000000000005,El Paso,Mostly Cloudy,65,1
3258.999999999999,El Paso,Mist/Fog,85,1
3372.9999999999995,El Paso,Light Rain,85,1
3512.0,El Paso,Fair,77,1
3513.0,El Paso,Fair,77,1
3533.9999999999995,Houston,Cloudy,82,1.0
3772.9999999999986,Houston,Overcast,77,1
3774.9999999999995,Houston,Overcast,78,1
3839.0,Houston,Overcast,77,1
4011.9999999999986,Houston,Fair,78,1
4148.999999999999,Houston,Overcast with Haze,81,1
4150.0,Houston,Overcast with Haze,81,1
4153.0,Houston,Overcast with Haze,78,1
4218.999999999999,Houston,Mostly Cloudy,77,1
4322.999999999999,Jacksonville,Cloudy,82,0.8779805971720975
4462.0,Jacksonville,Overcast,77,1
4866.0,Jacksonville,Fair,77,1
4980.999999999999,Jacksonville,Overcast,81,1
5035.999999999999,Jacksonville,Haze,81,1
5050.0,Jacksonville,Haze,77,1
5185.000000000001,Jacksonville,Mainly Cloudy,78,1
5267.999999999999,Memphis,Cloudy,55,0.9367920039254789
5419.0,Memphis,Fair,78,1
5619.0,Memphis,with Haze,81,1
6068.000000000001,Memphis,Overcast,65,1
6367.999999999999,New York,Cloudy,59,0.8779805971720975
7345.999999999999,New York,Overcast,66,1
7412.999999999998,New York,Mainly Cloudy,77,1
7416.0,New York,Mainly Cloudy,77,1
7422.0,New York,Mainly Cloudy,77,1
8173.0,New York,A Few,77,1
8179.999999999997,New York,A Few Clouds,77,1
8208.0,San Diego,Cloudy,80,0.9367920039254789
8297.0,San Diego,Overcast,78,1
8791.999999999998,San Jose,Cloudy,80,0.9367920039254789
9130.000000000002,San Jose,Mostly Cloudy,77,1
9293.0,Washington,Cloudy,38,1.0
9516.0,Washington,Mostly,65.99999999999999,1.0
