entity,Domain,Conditions,Humidity,day
2100.320439920967,Fort Worth,Mostly Cloudy,86.38665327354941,1.0
2103.320439920967,Fort Worth,Overcast,82.60759800129192,1.0
2123.4366610099964,Fort Worth,Fog;Partly Cloudy;Not totally Cloudy;Scattered Clouds,92.11895733586726,1.0
2143.4424097351553,Fort Worth,Partly Cloudy;Mostly Cloudy,77.77689113914651,1.0
2147.8842991906404,Fort Worth,Partly Cloudy;Clear;Clean;Sunny;Intermittent Clouds,74.82819514308078,1.0
2149.1604801003186,Fort Worth,Partly Cloudy;Clear,76.47214040763825,1.0
2156.939535372576,Fort Worth,Partly;Partly Cloudy;Partly Sunny,50.476761546460864,1.0
2179.7795755519287,Fort Worth,Mist/Fog,91.61334672645059,1.0
2183.6138670061214,Fort Worth,A Few Clouds,69.99425127484133,1.0
2192.3376860964427,Fort Worth,A Few,28.7560603716228,1.0
2194.6138670061205,Fort Worth,A Few Clouds,26.20369855226651,1.0
2198.0005202796706,Fort Worth,Not totally Cloudy,26.424643280009025,1.0
2204.436661009997,Fort Worth,Mostly Clear;Partly;Mainly Sunny,33.522754740037385,1.0
2208.9337866474175,Fort Worth,Clear;Sunny,43.19815515116293,1.0
2226.381424828061,Fort Worth,Not totally Cloudy;Mostly Cloudy;Clear;Mostly;Partly Cloudy,31.683792385141558,1.0
2232.099495193225,Fort Worth,Mostly Cloudy;Sunny,26.778925260458443,1.0
2235.0442590112884,Fort Worth,Partly Cloudy;Cloudy;Mostly Cloudy;Clear,51.01295663949698,1.0
2242.375676102903,Fort Worth,Mainly Cloudy;Partly Cloudy;Mostly Cloudy;Mostly Clear,58.729759393661055,1.0
2271.884299190641,Houston,Cloudy,50.92243880446981,1.0
2277.8290630087045,Houston,Cloudy,83.39941243893004,1.0
2292.110992643542,Houston,Overcast,59.375155823232056,1.0
2298.3871735532193,Houston,Overcast,85.82854272903445,1.0
2316.724339369992,Houston,Clear,44.774250635498376,1.0
2321.2709524641896,Houston,Clear,60.833692084990986,1.0
2323.381424828061,Houston,Clear,51.00964608158321,1.0
2329.4803997416147,Houston,Clear;Partly Cloudy;Mainly Sunny,46.67643540550764,1.0
2335.3146911958083,Houston,Sunny;Mostly Sunny,44.75700417288264,1.0
2356.265203739031,Houston,Clean,71.49712563742067,1.0
2376.2157162822546,Houston,Mainly Cloudy;Mostly Cloudy;Intermittent Clouds,41.32876421178587,1.0
2410.055756461606,Houston,Cloudy,53.93326636774703,1.0
2417.7243393699923,Houston,Partly Cloudy,49.54086436903896,1.0
2422.7243393699923,Houston,Not totally Cloudy,39.53511564388028,1.0
2424.884299190641,Houston,Not totally Cloudy,38.43039200516769,1.0
2428.3814248280614,Houston,Not totally Cloudy,32.53511564388029,1.0
2434.1052439183836,Houston,Mostly Cloudy,30.479879461944655,1.0
2455.38717355322,Houston,Clear;Mostly Cloudy,53.515950521196,1.0
2464.8842991906404,Houston,Clear;Sunny,66.87373989922006,1.0
2481.8785504654816,Houston,Cloudy;Overcast,52.32336907272588,1.0
2487.878550465481,Houston,Cloudy,55.403680957961335,1.0
2501.989022829353,Houston,Fair,68.34291454193112,1.0
2508.1547313751603,Houston,Clean,77.56960799483232,1.0
2524.27095246419,Houston,Clear;Mostly Clear,52.991143166089756,1.0
2526.3204399209662,Houston,Clear;Mostly Clear,58.52993273340175,1.0
2527.983274104194,Houston,Clear;Sunny,62.68973603498401,1.0
2549.928037922258,Houston,Partly Cloudy;Partly Sunny;Scattered Clouds;Scattered;Not totally Cloudy,58.727330407469886,1.0
2562.486148466774,Houston,Clear;Clean;Mostly Clear,76.43318555488432,1.0
2565.259455013873,Houston,Clear;Fair,77.26357247391714,1.0
2569.7565806512935,Houston,Clear;Fair;Mostly Cloudy,82.23115247268149,1.0
2570.811816833229,Houston,Overcast;Cloudy;Clear,82.38188062706843,1.0
2588.867053015165,Indianapolis,Cloudy,69.27872443235415,1.0
2591.3641786525855,Indianapolis,Clear;Cloudy,74.20094304724923,1.0
2592.6955957441987,Indianapolis,Partly Cloudy;Cloudy,73.45802087611578,1.0
2621.9775253790353,Indianapolis,Clean,83.6743316335449,1.0
2625.5298871983923,Indianapolis,Clean,84.44763818064371,1.0
2635.9660279287186,Indianapolis,Cloudy,67.0254036649656,1.0
2644.131736474525,Indianapolis,Cloudy;Overcast;Partly Cloudy,78.0345347542794,1.0
2658.131736474526,Indianapolis,Light Snow;Flurries;Cloudy;Light,80.64207815258662,1.0
2662.1259877493662,Indianapolis,Haze;Hazy;Cloudy;Partly Cloudy,78.08654473931135,1.0
2679.2974450203324,Indianapolis,Overcast,82.40389944902543,1.0
2687.186972656461,Indianapolis,Mist/Fog,80.79630144773348,1.0
2705.413666109362,Indianapolis,Flurries;Cloudy;Fog And Mist;Light Snow;Light Snow Mist;Mist,89.72818532901073,1.0
2707.8003193829118,Indianapolis,Light Snow;Overcast;Flurries;Snow,90.25846442307947,1.0
2711.6898470190404,Indianapolis,Cloudy;Overcast;Fog,84.23691115666696,1.0
2712.745083200976,Indianapolis,Cloudy;Fog;Mist,89.86131343308196,1.0
2723.3031937454907,Indianapolis,Cloudy;Partly;Partly Cloudy,69.01137945903963,1.0
2725.634610837105,Indianapolis,Cloudy,63.19580603116689,1.0
2738.3584299274266,Indianapolis,Mist/Light Snow Fog,88.52012053805535,1.0
2743.346932477109,Indianapolis,Mist/Fog,84.85153762966912,1.0
2758.628862111946,Jacksonville,Overcast,64.34291454193112,1.0
2763.0707515674308,Jacksonville,Light Snow;Snow;Light Snow Mist;Flurries,89.82936945678246,1.0
2767.4021686590445,Jacksonville,Cloudy,82.52660992579784,1.0
2771.8440581145296,Jacksonville,Mostly Cloudy;Cloudy,76.89226482322604,1.0
2777.8440581145296,Jacksonville,Partly Cloudy;Not totally Cloudy;Partly Sunny,63.01497388630273,1.0
2797.7945706577534,Jacksonville,Mostly Cloudy,73.49304402961803,1.0
2800.4021686590445,Jacksonville,Mostly Cloudy;Mainly Cloudy,79.42054027309369,1.0
2817.518389748075,Jacksonville,Mostly Cloudy,56.94476381806435,1.0
2832.0765002925896,Jacksonville,Mainly Cloudy,80.95051254322304,1.0
2836.021264110654,Jacksonville,Mainly Cloudy,70.66858290838623,1.0
2844.2916962951736,Jacksonville,Partly,39.10472363871259,1.0
2845.5678772048514,Jacksonville,Mostly Cloudy,30.999999999999993,1.0
2851.5678772048514,Jacksonville,Clear;Fair,60.94480667576938,1.0
2856.5678772048514,Jacksonville,Sunny;Clear,73.57039151512112,1.0
2876.6288621119456,Jacksonville,Cloudy;Overcast,43.545436297479675,1.0
2883.628862111946,Jacksonville,Not totally Cloudy;Mostly Clear;Scattered Clouds;Cloudy,63.67433163354488,1.0
2900.5068922977575,Jacksonville,Cloudy,80.74579379057734,1.0
2910.047756666797,Jacksonville,Cloudy;Mainly Cloudy,44.020860648743756,1.0
2912.1582290306687,Las Vegas,Mostly Cloudy;Cloudy,40.814249140733466,1.0
2927.152480305509,Las Vegas,Light Rain,87.99786410237914,1.0
2936.7658270319594,Las Vegas,Overcast,87.71807036516319,1.0
2946.2687013945388,Las Vegas,Overcast,92.94476381806437,1.0
2961.9372843029255,Las Vegas,Mostly Cloudy;Intermittent Clouds;Cloudy,32.03441716769334,1.0
2970.140982855192,Las Vegas,Mainly Cloudy;Mostly Cloudy;Cloudy,48.69274738774204,1.0
2975.1962190371273,Las Vegas,Mostly Cloudy;Mostly,66.34083922141758,1.0
2998.9810230345433,Las Vegas,Overcast,48.49137691226199,1.0
3007.539133579058,Las Vegas,Mostly Cloudy,65.66283418322755,1.0
3021.8210632138953,Las Vegas,Mostly,32.76180909678148,1.0
3023.925786852608,Las Vegas,Mostly Cloudy,30.9390150929057,1.0
3048.821063213895,Las Vegas,Light Rain;Showers,81.21445534000003,1.0
3055.6990933997063,Las Vegas,Light Rain;Rain,92.36894314461934,1.0
3064.312440126157,Las Vegas,Overcast,56.55811054451495,1.0
3069.6990933997063,Las Vegas,Overcast,72.77905527225751,1.0
3075.3619275829346,Las Vegas,Light Rain,86.38665327354941,1.0
3085.1847215868097,Las Vegas,Light,83.66283418322755,1.0
3092.8533044951955,Las Vegas,Light Rain,92.11700460931874,1.0
3099.908540677131,Las Vegas,Rain,88.39965033344178,1.0
3115.1904703119676,Las Vegas,Clear,81.16575299830096,1.0
3134.196219037127,Las Vegas,Cloudy;Overcast,87.48377325753714,1.0
3139.920038127449,Las Vegas,Cloudy,76.58188691910723,1.0
3150.0190130410033,Las Vegas,Mist/Fog,83.61909545160927,1.0
3151.074249222938,Las Vegas,Mist/Fog,86.2876783599955,1.0
3153.2951939506806,Las Vegas,Mist/Fog,85.84578890451046,1.0
3154.460902496488,Las Vegas,Mist/Fog,90.34291454193112,1.0
3156.6818472242308,Los Angeles,Mist/Fog,86.34291454193112,1.0
3161.626611042295,Los Angeles,Mist/Fog,87.508623087738,1.0
3181.742832131325,Los Angeles,Cloudy;Overcast,77.23157294236103,1.0
3186.687595949389,Los Angeles,Cloudy,73.46086474156652,1.0
3192.4114150397104,Los Angeles,Cloudy,75.74064460772092,1.0
3197.853304495196,Los Angeles,Cloudy,72.88783131029562,1.0
3204.5771235855177,Los Angeles,Cloudy,73.22613893921427,1.0
3206.5771235855177,Los Angeles,Cloudy,76.91381262176202,1.0
3209.742832131324,Los Angeles,Cloudy,77.52735058838162,1.0
3214.521887403583,Los Angeles,Cloudy,80.72961140286411,1.0
3232.527636128741,Los Angeles,Cloudy,80.03460742772603,1.0
3240.472399946805,Los Angeles,Light Rain;Rain,83.72507770847182,1.0
3247.9142894022907,Los Angeles,Light Rain;Cloudy,86.60666111687857,1.0
3252.0190130410037,Los Angeles,Light Rain;Rain,90.16516837547628,1.0
3263.632359767453,Los Angeles,Light Rain,83.72956781548052,1.0
3277.411415039711,Los Angeles,Light Rain,95.72956781548051,1.0
3287.969525584226,Los Angeles,Cloudy,78.74140477881929,1.0
3289.1904703119685,Los Angeles,Cloudy,79.18329423430433,1.0
3307.4171637648697,Los Angeles,Cloudy,70.30194078325242,1.0
3314.3009426758395,Los Angeles,Sunny;Not totally Cloudy,58.69835799511679,1.0
3322.9142894022907,Los Angeles,Overcast,79.66858290838624,1.0
3325.3561788577754,Los Angeles,Overcast,85.22669345290119,1.0
3343.0247617661616,Los Angeles,Mainly Cloudy,68.55236181935629,1.0
3350.9142894022907,Los Angeles,Sunny;Partly Cloudy;Clear,67.79491058795396,1.0
3352.079997948097,Memphis,Clear;Sunny,71.20891154257423,1.0
3367.969525584226,Memphis,Sunny;Cloudy;Mostly,85.68731040902986,1.0
3373.632359767454,Memphis,Clear;Sunny;Overcast,68.96909529068418,1.0
3374.7980683132605,Memphis,Light Rain;Cloudy;Clean,70.68157344728323,1.0
3394.9027919519726,Memphis,Clean,88.50287436257933,1.0
3403.06850049778,Memphis,Fair,80.00000000000001,1.0
3404.731334681007,Memphis,Fair,77.44188945548504,1.0
3405.8418070448793,Memphis,Fair,77.11047236387125,1.0
3426.234209043587,Memphis,Cloudy,82.19032211901632,1.0
3435.958028133908,Memphis,Partly Cloudy;Fair,75.82591365171793,1.0
3439.1179879545575,Memphis,Partly Cloudy;Clear;Scattered Clouds;Clean,77.38468451509469,1.0
3440.2284603184276,Memphis,Partly Cloudy;Not totally Cloudy;Clear,78.68389985539451,1.0
3443.057003047463,Memphis,Partly;Scattered Clouds;Cloudy;Not totally Cloudy,80.49745608619811,1.0
3461.117987954557,Memphis,Cloudy;Overcast;Fog And Mist,91.29888092735743,1.0
3464.394168864236,Memphis,Cloudy;Overcast,85.82923581973297,1.0
3476.731334681008,Memphis,Mostly Cloudy,82.50287436257932,1.0
3499.6266110422953,Memphis,Cloudy,72.6849382818768,1.0
3514.0742492229388,Memphis,Cloudy,71.49763764046486,1.0
3517.8970432268147,Memphis,Cloudy,70.70188659776397,1.0
3520.338932682299,Memphis,Cloudy,69.1557493624598,1.0
3525.449405046171,Memphis,Cloudy;Mostly Cloudy,61.78847504314515,1.0
3528.112239229398,Memphis,Cloudy;Mostly,61.360447738614006,1.0
3535.0570030474632,Memphis,Cloudy,72.8757135560912,1.0
3537.8855457764967,Memphis,Cloudy,73.63286385146485,1.0
3540.051254322305,Memphis,Cloudy,72.61710169488624,1.0
3545.161726686176,Memphis,Cloudy,75.38894041457823,1.0
3553.7198372306902,Memphis,Cloudy,74.95799037898719,1.0
3560.388420139076,Milwaukee,Cloudy;Mostly Cloudy,69.56310417371506,1.0
3563.8740483261795,Milwaukee,Cloudy;Light;Light Rain,80.52228603308086,1.0
3574.40916397006,Milwaukee,Rain;Cloudy,91.12298999696166,1.0
3581.1882192423172,Milwaukee,Rain;Showers;Cloudy,91.94603192269996,1.0
3595.397666519743,Milwaukee,Mist/Rain Fog,86.38665327354941,1.0
3607.508138883614,Milwaukee,Overcast,90.78480399741615,1.0
3621.7843197932925,Milwaukee,Cloudy,89.16649668801591,1.0
3627.5633750655497,Milwaukee,Cloudy,91.40945824494396,1.0
3629.5633750655493,Milwaukee,Cloudy,86.45840526126304,1.0
3635.508138883614,Milwaukee,Cloudy;Overcast,90.31964176624584,1.0
3665.7348323365154,Milwaukee,Mist/Fog,89.88952763612875,1.0
3672.9005408823223,Milwaukee,Light Rain,79.94476381806439,1.0
3675.0110132461923,Milwaukee,Overcast,76.50287436257933,1.0
3677.5081388836147,Milwaukee,Overcast,77.8342914541931,1.0
3686.2319579739356,Milwaukee,Cloudy;Mostly Cloudy,80.99796079468608,1.0
3695.2871941558715,Milwaukee,Cloudy;Mostly Cloudy;Overcast,79.42398690212529,1.0
3696.3424303378074,Milwaukee,Overcast;Cloudy,80.87805116529533,1.0
3698.4471539765195,Milwaukee,Light Rain;Mostly Cloudy;Cloudy,79.53421055250372,1.0
3699.6128625223255,Milwaukee,Light Rain;Showers,81.44322295229526,1.0
3721.452902701678,Milwaukee,Mostly Cloudy,80.27618090967816,1.0
3741.452902701678,Milwaukee,Overcast,76.94476381806437,1.0
3757.845304700387,Milwaukee,Mostly Cloudy;Cloudy,61.16551859431343,1.0
3762.2871941558715,Milwaukee,Partly Cloudy;Sunny;Cloudy,57.2315499675517,1.0
3773.618611247485,Milwaukee,Mostly Cloudy;Mainly Cloudy;Overcast;Intermittent Clouds,72.33734281399992,1.0
3776.5633750655493,Milwaukee,Cloudy;Overcast,70.72608276412466,1.0
3787.955777064257,Nashville,Mostly Cloudy,56.15107251180278,1.0
3802.182470517159,Nashville,A Few Clouds,69.10472363871258,1.0
3822.1882192423172,Nashville,Mostly Cloudy,42.657085458068885,1.0
3849.8625508758623,Nashville,Partly Cloudy;Not totally Cloudy;Sunny;Cloudy;Scattered,57.12107760368045,1.0
3852.7520785119914,Nashville,Partly Cloudy;Not totally Cloudy;Scattered Clouds;Mostly Sunny,57.12107760368045,1.0
3861.0777468784454,Nashville,Partly Cloudy;Mostly Clear,73.67606074415039,1.0
3879.5253850590893,Nashville,Clear;Sunny,67.8441783269259,1.0
3883.132983060382,Nashville,Sunny;Clear,58.62759093150071,1.0
3901.138731785541,Nashville,Cloudy;Overcast,80.48180111643615,1.0
3910.8073146939264,Nashville,Fair,77.2819296348368,1.0
3926.6910936048967,Nashville,Mist/Fog,82.72956781548051,1.0
3930.967274514575,Nashville,Partly;Partly Sunny;Mostly Clear,73.96755340562464,1.0
3933.9672745145745,Nashville,Mostly Cloudy;Mainly Cloudy,46.65022802514863,1.0
3936.0225106965104,Nashville,Mostly Cloudy;Cloudy,56.414451758196954,1.0
3951.353927788125,Nashville,Cloudy,76.49966354320702,1.0
3963.851053425545,Nashville,Cloudy,60.657697805700195,1.0
3972.574872515866,Nashville,Overcast,56.82854272903444,1.0
3989.6358574229616,Nashville,Overcast,55.104723638712585,1.0
3993.8568021507044,Nashville,Overcast,58.502874362579334,1.0
3997.071998153288,Nashville,Overcast,63.65708545806887,1.0
4008.6301086978024,Nashville,Cloudy,79.95044511222044,1.0
4011.9615257894166,Nashville,Light Snow;Flurries;Cloudy;Light,84.20860527780599,1.0
4021.5196363339323,Nashville,Haze;Cloudy;Snow,75.21146103479502,1.0
4035.856802150704,Nashville,Overcast,78.74106526579786,1.0
4048.4149126952193,Nashville,Overcast with Haze,78.29342708515415,1.0
4049.5806212410257,Nashville,Overcast with Haze,78.5696079948323,1.0
4053.4091639700596,Nashville,Overcast with Haze,75.45913563096104,1.0
4077.304440331348,Nashville,Cloudy;Overcast,53.40315217061966,1.0
4081.2492041494124,Nashville,Cloudy,74.20713245854662,1.0
4085.4149126952193,Nashville,Cloudy;Mainly Cloudy;Mostly Cloudy;Mostly,75.47343566664253,1.0
4093.740581061674,New York,Mostly Cloudy;Mainly Cloudy;Clear,77.67624928376921,1.0
4099.740581061674,New York,Cloudy;Overcast;Sunny,84.75578006022573,1.0
4106.237706699095,New York,Cloudy;Overcast,71.60497825063506,1.0
4113.182470517159,New York,Mostly Cloudy,71.77330654709881,1.0
4120.845304700386,New York,Mostly Cloudy,74.95626126838171,1.0
4128.5691237907085,New York,Mainly Cloudy,79.06098490709432,1.0
4132.458651426837,New York,Overcast,80.79055272257482,1.0
4144.961525789416,New York,Overcast,80.45913563096104,1.0
4159.4644001519955,New York,Cloudy;Overcast,88.28521510807282,1.0
4180.519636333931,New York,Cloudy;Overcast,87.69444313143104,1.0
4193.016761971352,New York,Cloudy,72.5913161414178,1.0
4208.1767217920005,New York,Mostly Cloudy;Mainly Cloudy,68.26798700718768,1.0
4219.955777064257,New York,Cloudy;Not totally Cloudy;Mostly,94.10901976511981,1.0
4224.955777064258,New York,Cloudy,80.56789650490046,1.0
4235.403415244902,New York,Mostly Cloudy,77.56960799483232,1.0
4238.403415244901,New York,Not totally Cloudy,82.85153762966912,1.0
4242.513887608772,New York,Overcast,85.57535671999098,1.0
4245.618611247484,Oklahoma City,Overcast,84.23244217805986,1.0
4261.231957973936,Oklahoma City,Cloudy;Light Rain,88.45584499292006,1.0
4274.397666519743,Oklahoma City,Cloudy;Overcast,92.78266315153718,1.0
4279.452902701679,Oklahoma City,Rain;Overcast,92.46631634900703,1.0
4291.56337506555,Oklahoma City,Overcast,86.0609849070943,1.0
4301.342430337807,Oklahoma City,Mist/Light Rain Fog,96.06098490709428,1.0
4331.5691237907085,Oklahoma City,Cloudy,73.58124396138912,1.0
4342.961525789417,Oklahoma City,Partly Cloudy;Sunny;Cloudy,65.40425980001645,1.0
4344.906289607481,Oklahoma City,Mostly Cloudy;Partly Sunny;Mainly Cloudy,68.11878948944015,1.0
4361.237706699095,Oklahoma City,Overcast,73.33716581677244,1.0
4363.845304700386,Oklahoma City,Overcast,77.11047236387125,1.0
4380.016761971352,Oklahoma City,Cloudy,67.66283418322755,1.0
4383.0719981532875,Oklahoma City,Mostly Clear,63.33220061190258,1.0
4385.016761971352,Oklahoma City,Clear;Mostly;Cloudy,69.84168236729823,1.0
4387.900540882321,Oklahoma City,Clear;Mainly Cloudy;Cloudy;Fair,68.77141955467255,1.0
4389.900540882322,Oklahoma City,Mostly Cloudy;Clear;Intermittent Clouds;Fair,71.20559654533855,1.0
4401.292942881029,Philadelphia,Mostly Cloudy;Intermittent Clouds;Mostly Sunny;Sunny,35.38780330142352,1.0
4403.8947921571635,Philadelphia,Mostly Cloudy;Intermittent Clouds;Fair,35.11215861677174,1.0
4443.740581061673,Philadelphia,Mainly Cloudy,35.87228146065274,1.0
4454.630108697803,Philadelphia,A Few Clouds,72.72381909032187,1.0
4469.243455424254,Philadelphia,Mostly Cloudy;Clear;Intermittent Clouds;Fair,52.31582963534247,1.0
4471.906289607481,Philadelphia,Clear;Mostly;Partly Cloudy;Clean;Mostly Cloudy,62.89406366976946,1.0
4476.795817243609,Philadelphia,Mostly Cloudy;Clear;Clean,68.48061061187526,1.0
4485.348179062966,Philadelphia,Clear;Partly Cloudy;Mostly Sunny;Sunny,75.86450607458593,1.0
4528.304440331348,Philadelphia,Clear;Not totally Cloudy;Sunny;Partly,32.53187731488518,1.0
4532.188219242317,Philadelphia,Sunny;Clear,39.6870270901821,1.0
4534.188219242318,Philadelphia,Clear,54.928434410987265,1.0
4537.243455424253,Philadelphia,Clear,55.43616401415833,1.0
4544.856802150704,Philadelphia,Clear;Partly Cloudy,61.61339389177541,1.0
4546.40916397006,Philadelphia,Clear;Mostly Clear;Not totally Cloudy,60.84398827288014,1.0
4565.414912695219,Philadelphia,A Few Clouds,62.110472363871246,1.0
4568.022510696511,Philadelphia,A Few Clouds,63.65708545806887,1.0
4571.967274514576,Philadelphia,Clear;Scattered Clouds;Not totally Sunny;Clean;Sunny,60.86719171566438,1.0
4580.40916397006,Philadelphia,Mainly Cloudy;Clear;Mostly Cloudy;Cloudy,42.01080386944339,1.0
4593.8568021507035,Philadelphia,Cloudy;Not totally Cloudy,66.75109000595596,1.0
4596.912038332639,Philadelphia,Mostly Cloudy;Partly Cloudy,54.85251447157261,1.0
4598.077746878446,Phoenix,Mainly Cloudy;Clear;Sunny,50.03585801752212,1.0
4601.243455424253,Phoenix,Sunny;Mainly Cloudy;Clear;Fair,37.45894547400689,1.0
4604.292942881029,Phoenix,Clear;Mainly Cloudy;Intermittent Clouds;Partly Cloudy,36.50428877611217,1.0
4617.630108697802,Phoenix,Mostly Cloudy,57.380904548390745,1.0
4627.127234335223,Phoenix,Mostly,59.834291454193114,1.0
4628.900540882321,Phoenix,Cloudy,61.215196002583845,1.0
4640.458651426837,Phoenix,Clear;Mainly Cloudy;Clean;Mostly Cloudy,37.565174318201755,1.0
4658.79581724361,Phoenix,Clear;Mostly Clear;Fair,68.23244217805987,1.0
4664.519636333932,Phoenix,Sunny;Clear;Fair;Scattered Clouds;Scattered;Partly Sunny,42.598598136104606,1.0
4667.685344879739,Phoenix,Sunny;Partly Sunny;Fair;Clear,32.77425213741547,1.0
4670.79581724361,Phoenix,Mostly Cloudy,38.15421109548954,1.0
4675.734832336515,Phoenix,Mostly Cloudy,47.723819090321854,1.0
4678.011013246193,Phoenix,Mostly,52.71807036516318,1.0
4701.513887608772,Phoenix,Clear,74.38167132868452,1.0
4711.348179062966,Phoenix,Sunny;Clear,58.77227707292493,1.0
4712.403415244901,Phoenix,Sunny;Clear,57.24637747450344,1.0
4716.955777064259,Phoenix,Sunny;Clear,41.756022884258826,1.0
4733.5691237907085,Phoenix,Clear,77.80025816355025,1.0
4751.127234335222,Phoenix,Haze;Sunny;Mainly Sunny,48.31483538781151,1.0
4753.900540882321,Phoenix,Fair,52.72956781548052,1.0
4756.06624942813,Phoenix,Fair,55.502874362579334,1.0
4759.176721792,Phoenix,Fair,56.5523618193563,1.0
4761.502390158455,Phoenix,Fair,55.502874362579334,1.0
4769.55762634039,Phoenix,Fair,76.33716581677244,1.0
4772.275696705555,Phoenix,Haze,80.07248235741163,1.0
4774.2204605236175,Phoenix,Haze,76.29342708515415,1.0
4787.938530888783,Phoenix,Haze,44.20944727742518,1.0
4792.93853088878,Phoenix,Sunny;Clear,61.67926839178894,1.0
4803.82805852491,Phoenix,Cloudy;Haze;Mainly Cloudy;Unclear,81.61107428867217,1.0
4805.049003252652,Phoenix,Hazy;Haze;Partly Cloudy;Fair,82.24587826148306,1.0
4837.447153976519,Phoenix,Clear;Sunny,85.39370242759443,1.0
4841.668098704263,Portland,Haze;Hazy Sunshine;Sunny;Clear,86.84413688763115,1.0
4843.9995157958765,Portland,Sunny;Haze;Hazy,76.420089807239,1.0
4845.33093288749,Portland,Sunny;Hazy;Haze,65.99858896839154,1.0
4847.159475616524,Portland,Sunny;Clear,55.08658677615728,1.0
4850.153726891365,Portland,Clear;Haze;Mostly Sunny,49.000639388040824,1.0
4860.877545981688,Portland,Clear,77.25256342322113,1.0
4876.435656526202,Portland,Fair,49.09897491355392,1.0
4885.938530888782,Portland,Overcast,81.3866532735494,1.0
4897.386169069426,Portland,Sunny;Clear,69.4576187969453,1.0
4901.220460523618,Portland,Clear;Sunny,68.38090454839073,1.0
4917.3919177945845,Portland,Haze;Hazy,88.0,1.0
4927.115736884905,Portland,Haze;Cloudy,61.60184927613325,1.0
4939.612862522326,Portland,Haze,80.8342914541931,1.0
4941.778571068133,Portland,Fog,85.33716581677244,1.0
4948.723334886198,Portland,Haze,83.61334672645059,1.0
4949.944279613941,Portland,Haze,79.66858290838624,1.0
4954.109988159747,Portland,Haze,76.8342914541931,1.0
4963.668098704263,Portland,Clear;Sunny,58.15995982064821,1.0
4978.005264521035,Portland,Clear,81.77905527225748,1.0
4979.226209248778,Portland,Clear,81.94476381806437,1.0
4995.3919177945845,San Antonio,Clean,61.15995982064822,1.0
5017.56337506555,San Antonio,Clean,48.15421109548955,1.0
5020.7843197932925,San Antonio,Fair,43.59610055097458,1.0
5023.7843197932925,San Antonio,Cloudy,65.60184927613327,1.0
5034.839555975229,San Antonio,Light Freezing Rain;Sleet;Freezing Rain,85.94476381806437,1.0
5046.005264521034,San Antonio,Mainly Cloudy;Mostly Cloudy;Not totally Cloudy;Partly;Cloudy,76.21519600258385,1.0
5056.06050070297,San Antonio,Mostly Cloudy;Mostly;Mainly Cloudy,80.88952763612873,1.0
5072.176721792,San Antonio,Cloudy,54.436140730326365,1.0
5087.397666519742,San Antonio,Mainly Cloudy,77.55811054451496,1.0
5108.513887608772,San Antonio,Freezing Rain;Light Freezing,83.50862308773802,1.0
5110.900540882321,San Antonio,Freezing Rain;Light Freezing Rain;Freezing,85.66858290838623,1.0
5111.955777064258,San Antonio,Freezing Drizzle;Freezing Rain;Light Freezing Drizzle;Light Freezing Drizzle Mist,86.0,1.0
5115.7843197932925,San Antonio,Freezing Drizzle;Light Freezing;Light Freezing Drizzle Mist;Rain;Cloudy,86.89527636128742,1.0
5117.170973066842,San Antonio,Freezing Drizzle;Light Freezing Drizzle;Freezing Rain,91.56385926967363,1.0
5118.170973066842,San Antonio,Light Freezing Drizzle;Freezing Drizzle;Rain,85.22669345290119,1.0
5132.281445430713,San Antonio,Cloudy,85.94476381806437,1.0
5150.508138883613,San Antonio,Clear;Sunny,80.17145727096555,1.0
5164.734832336515,San Antonio,Partly Cloudy;Partly Sunny,67.2209447277425,1.0
5170.508138883613,San Antonio,Cloudy,56.8780301858114,1.0
5171.8947921571635,San Antonio,Cloudy,56.38090454839073,1.0
5177.618611247484,San Antonio,Cloudy,65.66283418322755,1.0
5182.397666519743,San Antonio,Cloudy,65.66283418322755,1.0
5192.060500702969,San Diego,Overcast,56.49137691226199,1.0
5199.226209248777,San Diego,Overcast,63.66283418322755,1.0
5211.618611247485,San Diego,Rain,73.3314170916138,1.0
5214.508138883613,San Diego,Cloudy;Overcast,70.60759800129193,1.0
5218.397666519742,San Diego,Cloudy,58.3256683664551,1.0
5221.336681612648,San Diego,Cloudy,74.10472363871261,1.0
5247.955777064257,San Diego,Overcast,61.43614073032636,1.0
5254.342430337807,San Diego,Overcast,73.55236181935632,1.0
5258.5023901584555,San Diego,Overcast,75.8342914541931,1.0
5281.06050070297,San Diego,Cloudy,70.27618090967816,1.0
5284.005264521036,San Diego,Cloudy;Mostly Cloudy,70.11047236387127,1.0
5287.894792157164,San Diego,Clear,74.72381909032185,1.0
5291.005264521035,San Diego,Clear,77.11622108902992,1.0
5295.839555975228,San Diego,Clear;Sunny;Fair,91.23244217805986,1.0
5302.839555975228,San Diego,Mainly Cloudy;Cloudy,70.1657085458069,1.0
5311.452902701679,San Diego,Overcast,70.27618090967816,1.0
5315.342430337807,San Diego,Fair,75.94476381806437,1.0
5320.342430337807,San Diego,Clean,81.6133467264506,1.0
5321.7843197932925,San Diego,Fair,77.8342914541931,1.0
5334.452902701677,San Diego,Not totally Cloudy,60.55236181935629,1.0
5341.121485610065,San Diego,Overcast,51.822794003875764,1.0
5342.452902701679,San Diego,Partly Cloudy;Mostly Clear;Partly;Clear,49.48562818710332,1.0
5348.508138883613,San Diego,Partly Cloudy;Not totally Cloudy,61.76755782194014,1.0
5357.673847429421,San Diego,Partly Cloudy;Not totally Cloudy;Partly;Partly Sunny,52.933266367747024,1.0
5363.060500702969,San Diego,Mostly Cloudy;Cloudy,47.59610055097459,1.0
5373.281445430712,San Diego,Partly Cloudy;Not totally Cloudy;Clear,62.546613094197625,1.0
5382.115736884905,San Francisco,Cloudy,68.43614073032637,1.0
5383.17097306684,San Francisco,Cloudy,68.10472363871258,1.0
5388.226209248777,San Francisco,Cloudy,55.20944727742518,1.0
5395.6071137971685,San Francisco,Cloudy;Mostly Cloudy,56.93326636774703,1.0
5408.275696705554,San Francisco,Clean,62.04948745677696,1.0
5410.275696705555,San Francisco,Fair,67.55236181935629,1.0
5411.33093288749,San Francisco,A Clouds,64.77330654709881,1.0
5414.662349979104,San Francisco,Cloudy,64.99425127484133,1.0
5417.993767070718,San Francisco,Overcast,67.71807036516317,1.0
5420.883294706845,San Francisco,Overcast with Haze,63.10472363871258,1.0
5421.883294706846,San Francisco,Overcast,56.325668366455105,1.0
5422.883294706847,San Francisco,Overcast,53.657085458068885,1.0
5427.9327821636225,San Francisco,Overcast,54.491376912261984,1.0
5432.816561074593,San Francisco,Partly Cloudy;Cloudy;Mostly Clear,64.71807036516319,1.0
5434.700339985563,San Francisco,Partly Cloudy;Mostly Cloudy;Scattered Clouds,61.8342914541931,1.0
5441.534631439757,San Francisco,Cloudy;Overcast,56.889527636128726,1.0
5455.36892289395,San Francisco,Light;Light Snow;Snow,85.11622108902993,1.0
5479.153726891366,San Francisco,Mostly Cloudy;Mainly Cloudy,72.72381909032187,1.0
5487.374671619109,San Francisco,Partly Sunny;Cloudy;Partly Cloudy;Sunny,46.497125637420666,1.0
5519.380420344268,San Francisco,A Few Clouds,70.8342914541931,1.0
5523.374671619108,San Francisco,Mist/Fog,81.62484417676792,1.0
5526.86604853137,San Francisco,with Haze,79.56385926967363,1.0
5527.976520895241,San Francisco,Mist/Fog,82.39815072386673,1.0
5539.700339985563,San Francisco,Partly Cloudy;Partly,57.88377891097006,1.0
5544.528882714597,San Francisco,Cloudy,67.99999999999999,1.0
5551.307937986854,San Francisco,Snow;Light Snow;Flurries,84.45338690580238,1.0
5564.639355078469,San Francisco,Snow;Light Snow,85.66858290838623,1.0
5588.810812349434,San Francisco,Light Snow,91.22669345290117,1.0
5591.528882714597,San Francisco,Light Snow,91.55811054451496,1.0
5607.810812349434,San Francisco,Light Snow;Snow,80.55811054451496,1.0
5616.47939525782,San Francisco,Cloudy;Haze,83.73531654063919,1.0
5627.927033438464,San Jose,Cloudy;Haze,72.89527636128742,1.0
5630.6451038036275,San Jose,Mostly Cloudy,64.60759800129193,1.0
5634.1422294410495,San Jose,Partly Cloudy;Partly Sunny;Scattered Clouds;Scattered,56.165708545806886,1.0
5635.584118896532,San Jose,Partly Cloudy;Scattered Clouds;Partly Sunny;Not totally Cloudy,62.61334672645059,1.0
5659.252701804919,San Jose,Overcast with Haze,73.84004017935177,1.0
5672.700339985563,San Jose,Cloudy;Overcast,58.05523618193563,1.0
5675.6451038036275,San Jose,Light Snow;Snow;Flurries,55.3866532735494,1.0
5693.313686712014,San Jose,Partly Cloudy;Not totally Cloudy;Mostly Clear,87.55811054451496,1.0
5698.203214348142,San Jose,Fog;Freezing Fog,99.33716581677243,1.0
5699.700339985562,San Jose,Fog;Foggy,98.78480399741615,1.0
5714.700339985563,San Jose,Mostly Cloudy,54.60184927613325,1.0
5716.3631741687905,San Jose,Mostly Cloudy;Mostly,56.436140730326365,1.0
5760.8223097997525,San Jose,Cloudy;Sleet;Light Sleet;Fog And Mist;Light Snow;Light Snow Mist,91.39240199870807,1.0
5763.822309799752,San Jose,Light Snow;Flurries;Snow,91.22669345290117,1.0
5774.650852528786,San Jose,Cloudy;Overcast,75.72956781548052,1.0
5779.595616346851,San Jose,Cloudy;Overcast,74.11047236387125,1.0
5793.988018345559,San Jose,Clear,83.55811054451496,1.0
5810.435656526202,Seattle,Clear;Sunny,43.93326636774703,1.0
5812.656601253945,Seattle,Not totally Cloudy;Scattered Clouds;Mostly Sunny;Partly Cloudy,50.82279400387577,1.0
5821.490892708137,Seattle,Mostly Cloudy;Cloudy,74.8342914541931,1.0
5833.21471179846,Seattle,Cloudy,71,1.0
5838.325184162331,Seattle,Fair,67.55236181935629,1.0
5851.049003252653,Seattle,Overcast,76.22094472774252,1.0
5857.883294706847,Seattle,Cloudy;Overcast,73.55236181935632,1.0
5861.435656526202,Seattle,Cloudy,70.71807036516319,1.0
5866.043254527495,Seattle,Cloudy,78.66283418322755,1.0
5876.650852528786,Seattle,Drizzle;Overcast;Showers;Mist,92.77905527225748,1.0
5878.258450530078,Seattle,Fog;Overcast;Mist,91.8952763612874,1.0
5881.866048531369,Seattle,Drizzle;Light Drizzle;Showers,98.34291454193112,1.0
5883.473646532661,Seattle,Drizzle;Light Drizzle;Showers,99.99999999999999,1.0
5886.584118896533,Seattle,Fog,99.00574872515865,1.0
5892.860299806209,Seattle,Mostly Cloudy;Mostly,58.270432184519464,1.0
5896.805063624275,Seattle,Overcast,76.55236181935629,1.0
5906.4736465326605,Seattle,Mist/Light Rain Fog,95.6133467264506,1.0
5918.86604853137,Seattle,Mist/Fog,88.8342914541931,1.0
5926.363174168791,Seattle,Cloudy,58.76755782194013,1.0
5929.915535988147,Seattle,Cloudy,63.76755782194013,1.0
5934.915535988145,Seattle,Cloudy,71.32566836645512,1.0
5938.412661625568,Seattle,Cloudy,72.82854272903444,1.0
5947.4678978075035,Seattle,Cloudy,66.76755782194014,1.0
5972.799314899118,Washington,Overcast,70.22094472774252,1.0
5978.1859681726655,Washington,Overcast,64.94476381806436,1.0
5984.909787262988,Washington,A Few Clouds,51.994251274841325,1.0
6026.418410350726,Washington,Clear;Sunny,51.3256683664551,1.0
6063.374671619108,Washington,Fair,42.0437387316183,1.0
6093.60136507201,Washington,Cloudy;Partly Cloudy;Scattered Clouds,40.546613094197625,1.0
6097.546128890072,Washington,Mostly Cloudy;Mainly Cloudy,40.27043218451948,1.0
6101.435656526202,Washington,Cloudy,44.491376912262,1.0
6102.490892708139,Washington,Cloudy,50.15995982064822,1.0
6119.6071137971685,Washington,Clear;Sunny,50.15995982064822,1.0
6124.993767070718,Washington,Sunny;Clear,37.723819090321854,1.0
6127.883294706845,Washington,Clear;Sunny,30.110472363871256,1.0
6142.485143982979,Washington,Clear,59.45338690580238,1.0
6144.9822696204,Washington,Clear,61.66283418322756,1.0
6157.147978166206,Washington,Overcast,54.94476381806437,1.0
6166.706088710721,Washington,Fair,61.27618090967815,1.0
6180.208963073302,Washington,Clear,39.657085458068885,1.0
6194.822309799752,Washington,Clear,51.38090454839074,1.0
6205.810812349434,Washington,Mainly Cloudy;Cloudy,42.22669345290119,1.0
6214.479395257819,Washington,Mainly Cloudy,37.834291454193114,1.0
6220.258450530078,Washington,Fair,45.497125637420666,1.0
6226.092741984271,Washington,Fair,47.49712563742066,1.0
6233.1479781662065,Washington,Mostly Cloudy,45.939015092905706,1.0
6238.871797256529,Washington,Mostly Cloudy,41.21519600258386,1.0
6244.700339985564,Washington,Mostly Cloudy,54.44188945548503,1.0
6251.424159075887,Washington,Light Snow;Flurries;Snow,91.28767835999548,1.0
6257.313686712014,Washington,Cloudy;Light Snow;Overcast,91.17720599612421,1.0
6270.9822696204,Washington,Mostly Cloudy;Mainly Cloudy,63.67433163354488,1.0
6275.534631439757,Washington,Cloudy;Overcast,59.38665327354941,1.0
6276.6451038036275,Washington,Overcast,55.72381909032186,1.0
6284.258450530079,Washington,Mist/Light Snow Fog,89.45913563096104,1.0
6298.595616346851,Washington,Mainly Cloudy,76.5696079948323,1.0
6299.650852528786,Washington,Mostly Cloudy,68.01149745031735,1.0
6316.485143982978,Washington,Snow;Light Snow;Flurries,82.45338690580236,1.0
6318.871797256529,Washington,Snow;Light Snow;Light,77.95051254322303,1.0
6324.595616346849,Washington,Snow;Overcast,89.2876783599955,1.0
6331.871797256528,Washington,Fog;Foggy;Light Freezing;Light Freezing Rain,96.46488435611971,1.0
6409.44715397652,Washington,Cloudy,75.66858290838623,1.0
6410.723334886198,Washington,Cloudy,78.01149745031735,1.0
6417.5023901584555,Washington,Cloudy;Overcast,65.01149745031734,1.0
6421.44715397652,Washington,Cloudy;Overcast,72.84578890451044,1.0
6424.502390158455,Washington,Cloudy;Overcast,91.45913563096104,1.0
6460.513887608772,Washington,Cloudy;Light Rain,83.17720599612423,1.0
6462.784319793292,Washington,Cloudy;Light Rain,84.39240199870808,1.0
6464.281445430712,Washington,Rain;Light Rain,86.34291454193112,1.0
6494.569123790708,Washington,Freezing Rain;Overcast,65.55811054451496,1.0
6564.702591055216,Washington,Fog;Overcast,89.96200999354038,1.0
6566.586369966185,Washington,Fog;Overcast;Dense Fog,91.17145727096556,1.0
6620.48739505263,Washington,Clear,39.276180909678146,1.0
6624.37692268876,Washington,Cloudy;Sunny;Mostly Cloudy,43.60759800129192,1.0
6646.21696286811,Washington,Clear;Sunny,54.11047236387125,1.0
6669.057003047462,Washington,Clean,53.16570854580688,1.0
6674.7808221377845,Washington,Fair,62.61334672645059,1.0
6683.725585955849,Washington,A Few Clouds,53.38090454839073,1.0
6684.780822137783,Washington,A Clouds,49.93326636774703,1.0
6685.836058319721,Washington,A Few Clouds,49.71232164000452,1.0
6687.498892502947,Washington,Few Clouds,43.88952763612875,1.0
6710.449405046172,Washington,Cloudy;Clear,43.88377891097007,1.0
6717.670349773913,Washington,Cloudy;Overcast,43.26468345936081,1.0
6726.228460318427,Washington,Light Snow;Snow,79.16570854580688,1.0
6735.664601048754,Washington,Cloudy;Overcast,50.8780301858114,1.0
6744.388420139076,Washington,Clear;Not totally Cloudy;Mostly Clear,54.8780301858114,1.0
6759.615113591977,Washington,Sunny;Clear,39.04373873161829,1.0
6784.234209043587,Washington,Mostly,62.05523618193562,1.0
6787.123736679715,Washington,Cloudy,58.613346726450594,1.0
6789.123736679716,Washington,Overcast,63.00574872515867,1.0
6794.455153771329,Washington,Partly Cloudy,47.71232164000451,1.0
6802.897043226814,Washington,Cloudy,63.060984907094294,1.0
6807.228460318428,Washington,Mostly Cloudy;Mainly Cloudy;Clear;Sunny,43.20944727742518,1.0
6822.0627517726225,Washington,Clear;Mostly Clear;Partly,68.16570854580688,1.0
6825.117987954557,Washington,Mainly Cloudy;Partly Cloudy,73.61334672645059,1.0
6836.44940504617,Washington,Cloudy;Overcast,46.4303920051677,1.0
6838.891294501656,Washington,Cloudy,48.66283418322756,1.0
6847.112239229398,Washington,Partly Cloudy,69.66283418322756,1.0
6849.112239229399,Washington,Partly Cloudy,69.93901509290569,1.0
6852.333183957142,Washington,Partly Cloudy,72.66283418322755,1.0
6861.83605831972,Washington,Overcast,50.71232164000451,1.0
6863.946530683592,Washington,Overcast,42.0437387316183,1.0
6868.277947775203,Washington,Overcast,40.93901509290571,1.0
6880.443656321012,Washington,Light Snow;Snow;Flurries,92.39240199870807,1.0
6881.443656321011,Washington,Light Snow;Snow;Flurries,92.39240199870807,1.0
6887.996018140368,Washington,Light Snow;Flurries;Snow,91.17720599612421,1.0
6898.714088505531,Washington,Partly Cloudy;Not totally Cloudy;Not totally Sunny,68.6743316335449,1.0
6899.824560869402,Washington,Not totally Cloudy;Partly Sunny;Partly;Partly Cloudy,65.56385926967364,1.0
6923.6093648668175,Washington,Mist/Fog,86.6743316335449,1.0
6931.775073412626,Washington,Mostly Cloudy,63.32566836645509,1.0
6942.775073412626,Washington,Not totally Cloudy;Partly Cloudy;Partly,88.22669345290119,1.0
6947.106490504239,Washington,Partly Sunny;Partly Cloudy;Cloudy;Scattered Clouds,74.38665327354941,1.0
6950.87979705134,Washington,Partly Cloudy;Mostly Cloudy;Not totally Cloudy;Scattered Clouds,57.723819090321854,1.0
6959.266450324889,Washington,Partly Cloudy;Cloudy;Clear,38.31991964129643,1.0
6972.763575962307,Washington,Partly Cloudy;Mostly Clear;Sunny;Mainly Sunny,73.66283418322757,1.0
6975.7083397803735,Washington,Partly Cloudy;Clear;Not totally Cloudy,76.55236181935629,1.0
6977.653103598438,Washington,Mostly Cloudy;Mainly Cloudy;Mostly;Clear,73.7180703651632,1.0
6987.266450324889,Washington,Mostly Cloudy;Mainly Cloudy;Sunny,36.98275382452399,1.0
6991.1007417790815,Washington,Clean,40.09322618839525,1.0
7007.216962868113,Washington,A Few Clouds,76.55236181935629,1.0
7008.935033233274,Washington,Not totally Cloudy,74.66283418322755,1.0
7017.542631234565,Washington,Cloudy,45.09897491355392,1.0
7023.09499305392,Washington,Partly Cloudy;Sunny;Not totally Cloudy,44.325668366455105,1.0
7028.094993053924,Washington,Partly Cloudy;Mainly Sunny;Mostly Clear,58.77905527225748,1.0
7042.321686506823,Washington,Mostly Cloudy;Mainly Cloudy;Mostly,55.944763818064374,1.0
7046.432158870694,Washington,Mostly Cloudy;Mainly Cloudy;Sunny,38.546613094197625,1.0
7047.653103598435,Washington,Mainly Cloudy;Mostly Cloudy;Intermittent,36.65708545806889,1.0
7049.094993053924,Washington,Cloudy;Mostly Cloudy,35.15995982064822,1.0
7066.48739505263,Washington,Clear;Sunny,73.39240199870808,1.0
7072.874048326181,Washington,Mostly Cloudy;Mostly;Intermittent Clouds,76.77905527225748,1.0
7075.87404832618,Washington,Mostly Cloudy;Cloudy;Mainly Cloudy,57.71807036516317,1.0
7078.929284508115,Washington,Mostly Cloudy;Mostly;Not totally Sunny,41.883778910970065,1.0
7079.984520690049,Washington,Not totally Cloudy;Scattered Clouds;Mostly Cloudy;Not totally Sunny;Mostly,40.8780301858114,1.0
7090.0340081468285,Washington,Cloudy;Overcast,41.1047236387126,1.0
7095.089244328761,Washington,Not totally Cloudy;Cloudy;Partly Cloudy,69.22094472774252,1.0
7099.978771964892,Washington,Cloudy;Partly Cloudy,79.7790552722575,1.0
7115.420661420378,Washington,Mostly Cloudy,64.33141709161377,1.0
7117.475897602313,Washington,Few Clouds,69.05523618193563,1.0
7118.6416061481195,Washington,A Few Clouds,72.16570854580688,1.0
7134.868299601021,Washington,Cloudy,39.2646834593608,1.0
7138.923535782957,Washington,Mostly Cloudy;Mostly;Mainly Cloudy,39.148462370330876,1.0
7172.37692268876,Washington,Mainly Cloudy,53.9390150929057,1.0
7173.818812144245,Washington,Overcast,60.55236181935629,1.0
7187.266450324887,Washington,Partly Cloudy,40.09897491355392,1.0
7196.045505597146,Washington,Mostly Cloudy;Intermittent Clouds,31.927517642588363,1.0
7204.603616141661,Washington,Cloudy,60.049487456776966,1.0
7206.266450324887,Washington,Cloudy,62.83429145419311,1.0
7210.432158870695,Washington,Cloudy,63.22669345290118,1.0
7212.376922688759,Washington,Cloudy,62.11622108902992,1.0
7223.100741779079,Washington,Mostly Cloudy;Mostly;Mainly Cloudy;Not totally Sunny,29.76755782194014,1.0
7224.542631234566,Washington,Mostly Cloudy;Sunny;Mainly Cloudy,30.215196002583852,1.0
7232.376922688758,Washington,Mostly Cloudy,61.06098490709429,1.0
7242.376922688757,Washington,Overcast,65.72381909032185,1.0
7270.272199050047,Washington,Cloudy;Overcast,63.22094472774251,1.0
7275.051254322304,Washington,Mostly Cloudy;Cloudy,75.50287436257933,1.0
7281.940781958432,Washington,Partly Cloudy;Scattered Clouds;Mostly Clear,89.84578890451044,1.0
7287.940781958432,Washington,Not totally Cloudy;Cloudy;Partly Cloudy,90.90102508644607,1.0
7307.554128684882,Washington,Mainly Cloudy,76.11622108902992,1.0
7310.4988925029475,Washington,Mainly Cloudy,76.44763818064371,1.0
7316.222711593268,Washington,Mainly Cloudy,76.28192963483681,1.0
7321.112239229399,Washington,Fog,98.01149745031735,1.0
7322.222711593271,Washington,Fog,91.56385926967363,1.0
7334.670349773913,Washington,Lt Rain,85.61909545160925,1.0
7342.2836965003635,Washington,Light Rain;Rain;Cloudy,77.67433163354488,1.0
7356.510389953264,Washington,Cloudy;Overcast,79.39815072386673,1.0
7369.013264315844,Washington,Cloudy,80.39815072386673,1.0
7376.792319588103,Washington,Cloudy,91.39815072386673,1.0
7387.2399577687465,Washington,Fog;Overcast;Mist,97.90102508644607,1.0
7388.571374860358,Washington,Fog;Overcast;Mist,97.62484417676794,1.0
7403.516138678425,Washington,Cloudy;Mostly Cloudy,85.05523618193563,1.0
7431.350430132616,Washington,Lt Rain,86.22669345290119,1.0
7444.074249222939,Washington,Cloudy;Overcast,66.78480399741615,1.0
7452.510389953265,Washington,Light Rain;Light;Rain,91.78480399741615,1.0
7464.013264315844,Washington,Cloudy,92.50287436257932,1.0
7465.0685004977795,Washington,Mostly Cloudy,92.33716581677243,1.0
7476.460902496489,Washington,Mostly Cloudy;Mainly Cloudy,79.27618090967815,1.0
7486.571374860359,Washington,Overcast,91.01149745031732,1.0
7499.074249222938,Washington,Mostly Cloudy,95.39815072386673,1.0
7502.29519395068,Washington,Not totally Cloudy,88.8342914541931,1.0
7505.8475557700385,Washington,Mostly Cloudy,86.0,1.0
7526.123736679717,Washington,Cloudy,92.0,1.0
7528.123736679717,Washington,Cloudy;Overcast,79.71807036516317,1.0
7532.841807044878,Washington,Cloudy;Overcast,87.6133467264506,1.0
7560.737083406166,Washington,Rain,86.94476381806436,1.0
7572.737083406165,Washington,Cloudy;Light Rain;Rain;Showers,89.11622108902993,1.0
7578.516138678422,Washington,Rain;Severe Rain,85.72956781548052,1.0
7582.460902496488,Washington,Scattered Clouds;Showers;Mostly;Mainly Cloudy;Partly Cloudy;Mostly Cloudy;Cloudy,74.89527636128742,1.0
7590.074249222939,Washington,Cloudy,80.95051254322304,1.0
7623.52188740358,Washington,Overcast,81.6133467264506,1.0
7629.963776859067,Washington,Mist/Fog,84.45338690580238,1.0
7633.90854067713,Washington,Mist/Fog,87.1219698141886,1.0
7648.129485404874,Washington,Mist/Light Drizzle Fog,96.5028743625793,1.0
7655.9637768590665,Washington,Partly Sunny;Scattered Clouds;Clear;Fair;Sunny,57.48562818710332,1.0
7666.41141503971,Washington,Clear,67.87803018581141,1.0
7669.129485404874,Washington,Clear,70.95051254322303,1.0
7691.859053220355,Washington,Clear,73.8952763612874,1.0
7702.958028133907,Washington,Cloudy;Overcast,88.22094472774252,1.0
7715.405666314554,Washington,Cloudy;Overcast,81.60759800129192,1.0
7723.516138678423,Washington,Rain;Light Rain,94.95051254322304,1.0
7730.405666314551,Washington,Rain;Light Rain,94.78480399741616,1.0
7737.847555770037,Washington,Cloudy;Overcast;Rain;Mist,99.11622108902992,1.0
7756.737083406166,Washington,Mist/Light Rain Fog,90.18295472128288,1.0
7771.019013041005,Washington,Mist;Fog;Showers,93.40389944902543,1.0
7778.129485404873,Washington,Mist;Showers;Cloudy,94.84004017935179,1.0
7782.571374860358,Washington,Mist;Fog;Showers,90.69732653417958,1.0
7785.681847224231,Washington,Mist;Fog;Showers,94.39815072386676,1.0
7794.902791951971,Washington,Cloudy;Hazy,84.50287436257933,1.0
7808.516138678425,Washington,Mist/Light Drizzle Fog,91.8952763612874,1.0
7811.516138678425,Washington,Light Drizzle,95.508623087738,1.0
7824.9637768590665,Washington,Mist/Fog,85.55811054451497,1.0
7827.405666314551,Washington,Mist/Fog,89.22094472774252,1.0
7839.7428321313255,Washington,Rain;Light Rain,92.99999999999999,1.0
7849.356178857774,Washington,Rain,96.22094472774252,1.0
7856.969525584227,Washington,Rain;Light,92.44188945548504,1.0
7858.079997948098,Washington,Rain;Light Rain,96.22094472774252,1.0
7869.748580856483,Washington,Mist/Light Rain Fog,91.01149745031732,1.0
7878.472399946805,Washington,Mist/Rain Fog,94.89527636128742,1.0
7882.80381703842,Washington,Mist/Light Rain Fog,96.00000000000001,1.0
7898.638108492612,Washington,Mostly Cloudy;Mainly Cloudy;Intermittent Clouds;Cloudy,77.66283418322755,1.0
7915.085746673256,Washington,Not totally Cloudy;Partly Cloudy;Mostly Clear,75.89527636128742,1.0
7924.699093399705,Washington,Haze;Fair;Hazy;Intermittent Clouds;Mostly Cloudy,80.8952763612874,1.0
7926.864801945513,Washington,Mostly;Fair;Hazy;Mainly Cloudy;Intermittent;Mostly Cloudy,81.33716581677244,1.0
7928.920038127449,Washington,Haze;Intermittent Clouds;Mostly Cloudy,81.44763818064371,1.0
7967.2077164874445,Washington,Mostly Cloudy,66.88952763612873,1.0
7984.649605942928,Washington,Clear;Mostly;Hazy,84.17145727096556,1.0
7987.7600783068,Washington,Fog;Partly Cloudy;Clear;Fog And Mist,84.84004017935177,1.0
7991.925786852608,Washington,Mostly Cloudy;Not totally Cloudy;Fog And Mist;Mainly Cloudy;Intermittent Clouds;Partly,80.28767835999548,1.0
7999.969525584226,Washington,Not totally Cloudy;Partly Cloudy;Scattered Clouds;Cloudy;Mainly Sunny,61.33716581677243,1.0
8003.068500497779,Washington,Partly Cloudy;Cloudy;Mostly Sunny;Mostly Cloudy;Scattered;Scattered Clouds,65.508623087738,1.0
8016.117987954559,Washington,Partly Cloudy;Partly;Clouds,74.90102508644608,1.0
8027.6760984990715,Washington,Haze;Partly Cloudy;Mostly Cloudy,79.62484417676794,1.0
8032.620862317135,Washington,Haze;Partly Sunny;Cloudy,77.01149745031732,1.0
8035.510389953265,Washington,Not totally Cloudy;Partly Sunny;Partly Cloudy,63.171457270965554,1.0
8041.228460318427,Washington,Partly Cloudy;Partly Sunny;Not totally Cloudy,70.72956781548051,1.0
8050.95227940875,Washington,Not totally Cloudy;Mostly;Cloudy,74.84578890451046,1.0
8057.731334681008,Washington,Haze;Cloudy;Mostly Cloudy,74.40389944902542,1.0
8061.283696500363,Washington,Mostly Cloudy,61,1.0
8063.283696500362,Washington,A Few Clouds,71.39240199870807,1.0
8065.836058319721,Washington,A Few Clouds,71.06098490709428,1.0
8067.33318395714,Washington,A Few,76.11622108902992,1.0
8072.830309594562,Washington,Partly Cloudy,79.56960799483231,1.0
8075.548379959726,Washington,A Few Clouds,75.508623087738,1.0
8089.272199050047,Washington,Mostly Cloudy;Cloudy;Mainly Cloudy,70.39815072386673,1.0
8101.106490504239,Washington,Haze;Partly Cloudy;Fair;Hazy,79.56960799483231,1.0
8103.32743523198,Washington,Cloudy;Haze,78.06673363225299,1.0
8111.21696286811,Washington,Haze;Intermittent Clouds;Mostly Cloudy,80.06673363225296,1.0
8118.216962868111,Washington,Mostly Cloudy;Mainly Cloudy,62.95051254322304,1.0
8133.664601048753,Washington,Haze,77.79055272257483,1.0
8136.7750734126275,Washington,Overcast,72.89527636128742,1.0
8147.554128684883,Washington,Mostly Cloudy,65.60184927613327,1.0
8156.388420139077,Washington,Mostly Cloudy,77.88377891097008,1.0
8169.44365632101,Washington,Cloudy;Haze;Partly Cloudy,82.00574872515865,1.0
8174.388420139078,Washington,Cloudy;Haze;Mainly Cloudy,76.00574872515867,1.0
8179.167475411334,Washington,Cloudy;Mostly Cloudy,66.39240199870807,1.0
8187.167475411333,Washington,Mostly Cloudy,75.93901509290569,1.0
8191.775073412627,Washington,Overcast,78.05523618193563,1.0
8206.94653068359,Washington,Overcast,73.77905527225748,1.0
8214.498892502948,Washington,Cloudy;Mostly;Overcast,88.72381909032185,1.0
8229.72558595585,Washington,Mostly Cloudy;Cloudy;Mainly Cloudy,66.71807036516319,1.0
8259.34468140746,Washington,Mostly Cloudy;Mainly Cloudy,82.49712563742067,1.0
8260.676098499072,Washington,Mostly Cloudy;Cloudy,82.99425127484133,1.0
8267.039756871985,Washington,Mostly Cloudy;Mainly Cloudy,79.7790552722575,1.0
8301.106490504239,Washington,Light Rain;Showers;Cloudy,64.88377891097007,1.0
8303.382671413918,Washington,Light Rain;Showers,87.78480399741615,1.0
8304.548379959724,Washington,Cloudy;Rain;Overcast,91.0609849070943,1.0
8307.548379959724,Washington,Rain;Cloudy;Overcast,88.33141709161379,1.0
8314.3711739636,Washington,Partly Cloudy;Mostly Cloudy;Not totally Cloudy,95.3924019987081,1.0
8321.039756871987,Washington,Partly Cloudy;Mostly Cloudy,92.55811054451496,1.0
8322.039756871987,Washington,Mostly Cloudy;Mostly;Mainly Cloudy,92.72381909032184,1.0
8330.420661420376,Washington,Mostly Cloudy;Cloudy,81.11622108902993,1.0
8335.452902701678,Washington,Mostly Cloudy;Mostly;Not totally Cloudy,82.60759800129192,1.0
8337.39766651974,Washington,Partly;Partly Sunny;Scattered Clouds,77.82854272903444,1.0
8341.435656526202,Washington,Partly Cloudy;Scattered Clouds;Partly,70.17720599612421,1.0
8345.435656526202,Washington,Partly Cloudy;Partly,86.45913563096104,1.0
8347.650852528786,Washington,Partly Cloudy;Not totally Cloudy;Cloudy,87.06673363225298,1.0
8351.810812349435,Washington,Partly Cloudy;Not totally Cloudy,90.79055272257482,1.0
8382.374671619107,Washington,Mostly Cloudy;Mainly Cloudy;Mostly,80.95051254322304,1.0
8383.816561074591,Washington,Not totally Cloudy;Mostly Cloudy;Cloudy;Mostly,80.34291454193111,1.0
8386.706088710722,Washington,Mostly Cloudy;Cloudy;Intermittent Clouds,82.95626126838172,1.0
8419.82805852491,Washington,Cloudy,65.95051254322304,1.0
8420.82805852491,Washington,Cloudy,61.95051254322303,1.0
8447.662349979104,Washington,Cloudy;Mainly Cloudy,77.95626126838172,1.0
8448.993767070715,Washington,Cloudy,75.01149745031734,1.0
8482.557626340391,Washington,Mostly Cloudy;Mainly Cloudy,79.94476381806439,1.0
8484.889043432006,Washington,Cloudy;Overcast,80.17720599612423,1.0
8488.22046052362,Washington,Mostly Cloudy;Cloudy,81.34291454193111,1.0
8490.993767070719,Washington,Mostly Cloudy;Mostly,85.1829547212829,1.0
8493.374671619109,Washington,Mostly Cloudy;Not totally Cloudy;Partly,87.508623087738,1.0
8552.115736884905,Washington,Cloudy;Mostly Cloudy,91.1219698141886,1.0
8581.513887608773,Washington,Mostly Cloudy;Cloudy,91.39815072386673,1.0
8593.127234335223,Washington,Cloudy,59.22669345290118,1.0
8594.513887608773,Washington,Mostly Cloudy,60.22094472774251,1.0
8597.569123790709,Washington,Mostly,58.950512543223034,1.0
8600.287194155873,Washington,Mainly Cloudy,60.441889455485025,1.0
8607.066249428128,Washington,Mostly,85.33716581677244,1.0
8680.420661420378,Washington,Partly Cloudy;Mainly Cloudy;Partly Sunny;Cloudy,75.17720599612421,1.0
8686.199716692636,Washington,Cloudy;Mostly,51.77905527225748,1.0
8690.420661420378,Washington,Cloudy,79.3924019987081,1.0
8698.089244328763,Washington,Cloudy;Not totally Cloudy,91.67433163354488,1.0
8704.868299601021,Washington,Clear;Cloudy,88.06098490709431,1.0
8710.144480510698,Washington,Mainly Cloudy,70.72956781548051,1.0
8725.3711739636,Washington,Fair,86.29342708515415,1.0
8731.260701599731,Washington,Cloudy;Overcast,50.39240199870807,1.0
8747.039756871987,Washington,Cloudy;Mainly Cloudy;Scattered Clouds,82.60759800129192,1.0
8755.597867416502,Washington,Cloudy;Overcast,86.38665327354941,1.0
8759.708339780373,Washington,Cloudy;Overcast,70.3256683664551,1.0
8798.051254322303,Washington,Cloudy,79.44763818064372,1.0
8801.885545776497,Washington,Partly Cloudy;Cloudy;Not totally Cloudy,91.56385926967363,1.0
8810.824560869401,Washington,Partly Cloudy;Not totally Cloudy,92.72381909032184,1.0
8812.211214142952,Washington,Clear;Mist;Not totally Cloudy,97.90102508644607,1.0
8815.653103598439,Washington,Cloudy;Mainly Cloudy,92.77905527225748,1.0
8822.48739505263,Washington,Not totally Cloudy;Partly;Cloudy,59.82854272903444,1.0
8844.382671413918,Washington,Mostly,93.9010250864461,1.0
8851.437907595853,Washington,Partly,60.56385926967362,1.0
8857.824560869403,Washington,Fair,50.32566836645511,1.0
8864.603616141658,Washington,Mostly Cloudy;Cloudy;Mainly Cloudy,71.27618090967815,1.0
8886.443656321011,Washington,Cloudy,86.22669345290119,1.0
8888.885545776497,Washington,Cloudy;Scattered Clouds;Mostly Cloudy;Mainly Cloudy,84.07248235741163,1.0
8894.775073412626,Washington,Clear;Cloudy,84.23819090321852,1.0
8898.548379959726,Washington,Mostly Cloudy;Cloudy;Fog,92.0609849070943,1.0
8899.548379959724,Washington,Cloudy;Partly;Scattered Clouds;Partly Cloudy,86.28192963483681,1.0
8915.10649050424,Washington,Overcast,74.17720599612423,1.0
8918.216962868111,Washington,Overcast,74.17720599612423,1.0
8921.32743523198,Washington,Mostly Cloudy,84.508623087738,1.0
8929.71408850553,Washington,Fair,87.17720599612423,1.0
8946.940781958434,Washington,Cloudy,76.68008035870355,1.0
8960.22271159327,Washington,Light Rain;Showers,89.79630144773348,1.0
8963.112239229396,Washington,Cloudy;Light;Light Rain,84.07248235741163,1.0
8970.719837230688,Washington,Light Rain;Rain,86.28192963483681,1.0
8973.885545776498,Washington,Cloudy;Overcast,86.4476381806437,1.0
8978.775073412626,Washington,Cloudy;Overcast,91.01149745031732,1.0
9002.559877410042,Washington,Mostly Cloudy;Mainly Cloudy;Cloudy,74.06673363225298,1.0
9016.786570862942,Washington,Cloudy;Mainly Cloudy,84.34866326708979,1.0
9022.95227940875,Washington,Mostly Cloudy,74.95626126838171,1.0
9026.062751772619,Washington,Overcast,85.06098490709431,1.0
9035.786570862943,Washington,Rain,85.66858290838623,1.0
9042.283696500364,Washington,Cloudy,87.61909545160927,1.0
9044.283696500363,Washington,Cloudy,86.00574872515867,1.0
9051.897043226812,Washington,Cloudy;Light Rain;Overcast,85.22669345290119,1.0
9059.44940504617,Washington,Light Rain;Showers,84.23819090321852,1.0
9071.007515590685,Washington,Partly Cloudy;Mostly Cloudy;Not totally Cloudy;Clouds,84.1829547212829,1.0
9088.057003047461,Washington,Overcast,84.17720599612423,1.0
9115.510389953264,Washington,Mostly Cloudy;Mainly Cloudy;Intermittent,65.66858290838623,1.0
9117.228460318427,Washington,Not totally Cloudy;Scattered Clouds;Intermittent Clouds;Partly Cloudy,69.17720599612423,1.0
9123.394168864235,Washington,Mostly Cloudy;Mainly Cloudy,73.40389944902542,1.0
9129.559877410044,Washington,Cloudy;Light Rain,85.45338690580236,1.0
9140.95227940875,Washington,Light Rain;Showers,91.34291454193111,1.0
9144.007515590687,Washington,Mostly Cloudy,61.16570854580689,1.0
9145.06275177262,Washington,Mainly Cloudy,61.11047236387127,1.0
9160.786570862945,Washington,Partly Cloudy,82.79630144773348,1.0
9172.17897286165,Washington,Partly Cloudy;Scattered Clouds;Clear,41.281929634836814,1.0
9184.902791951974,Washington,Cloudy;Overcast,39.32566836645511,1.0
9188.289445225524,Washington,Cloudy;Overcast,36.71232164000451,1.0
9196.504641228106,Washington,Clear;Overcast;Partly Cloudy;Scattered Clouds,44.104723638712585,1.0
9201.504641228106,Washington,Partly Cloudy;Overcast,58.04948745677695,1.0
9214.173224136493,Washington,Mostly Cloudy;Mostly;Sunny;Intermittent Clouds,49.48562818710332,1.0
9218.283696500364,Washington,Cloudy;Overcast,41.03799000645962,1.0
9243.95227940875,Washington,Mainly Cloudy,50.546613094197625,1.0
9263.958028133908,Washington,Cloudy;Overcast,40.15421109548955,1.0
9270.902791951972,Washington,Cloudy;Overcast,43.93326636774703,1.0
9276.847555770037,Washington,Snow;Light Rain,80.15995982064821,1.0
9281.626611042293,Washington,Snow;Light Rain;Light,74.10472363871261,1.0
9286.123736679716,Washington,Snow;Light Snow;Light Rain,79.44188945548503,1.0
9313.963776859067,Washington,Sunny;Clear,33.65133673291021,1.0
9316.68184722423,Washington,Sunny;Clear;Overcast,32.8170452787171,1.0
9319.289445225522,Washington,Cloudy;Light Rain;Mainly Cloudy,63.10472363871258,1.0
9326.344681407458,Washington,Cloudy;Overcast,63.712321640004504,1.0
9357.18472158681,Washington,Fair,56.54086436903896,1.0
9375.190470311969,Washington,Mostly Cloudy;Mainly Cloudy;Light Rain,70.71232164000452,1.0
9382.632359767453,Washington,Cloudy;Overcast,74.60759800129192,1.0
9385.123736679716,Washington,Cloudy;Overcast,69.99425127484133,1.0
9398.123736679716,Washington,Mostly,35.8780301858114,1.0
9407.95802813391,Washington,Mostly,67.491376912262,1.0
9409.5656261352,Washington,Mostly Cloudy,70.3256683664551,1.0
9412.455153771329,Washington,Mostly Cloudy,75.99425127484133,1.0
9444.295193950682,Washington,Overcast;Light Snow;Flurries;Cloudy,84.66858290838623,1.0
9445.792319588103,Washington,Cloudy;Overcast,86.38665327354941,1.0
9449.344681407458,Washington,Fog;Overcast;Mist;Light Fog;Fog And Mist,87.55236181935629,1.0
9450.455153771329,Washington,Fog;Light Fog;Fog And Mist;Light Snow;Scattered Clouds;Light Snow Mist,87.11047236387125,1.0
9451.5656261352,Washington,Fog;Cloudy;Overcast;Mostly Cloudy;Mainly Cloudy,85.05523618193563,1.0
9453.615113591979,Washington,Cloudy;Haze;Overcast,78.7733065470988,1.0
9459.394168864235,Washington,Cloudy;Overcast;Light,62.93901509290569,1.0
9476.620862317135,Washington,Mist/Fog,85.1657085458069,1.0
425.49580690047117,Austin,Rain,93.75799718,1.0
428.9929325378918,Austin,Rain,95.35747527,1.0
434.0481687198274,Austin,Rain,99.85597987,1.0
437.10340490176304,Austin,Cloudy,72.47748774,1.0
448.8824601740205,Austin,Cloudy,81.48832604,1.0
456.4290732682181,Austin,Cloudy,79.31755889,1.0
460.53954563208947,Austin,Cloudy,87.68363376,1.0
463.59478181402505,Austin,Cloudy,85.39001802,1.0
465.3128521791882,Austin,Cloudy,87.01744313,1.0
469.5337969069308,Austin,Cloudy,100.7733173,1.0
476.7547416346733,Austin,Cloudy,82.5142044,1.0
486.31285217918827,Austin,Overcast,84.21928553313616,1.0
516.9261989056388,Austin,Cloudy,68.03302461,1.0
529.7052541778963,Austin,Sunny,67.23131057,1.0
537.9814350875745,Austin,Sunny,58.41671257,1.0
555.4290732682181,Austin,Cloudy,81.38069635,1.0
557.7052541778963,Austin,Cloudy,93.08269049,1.0
570.3738370862825,Austin,Cloudy,88.68511716,1.0
575.2023798153169,Austin,Rain,93,1.0
580.7547416346732,Austin,Cloudy,100.8980354,1.0
583.0309225443515,Austin,Rain,100,1.0
593.6442692708019,Austin,Cloudy;Fog;Fog And Mist;Light Rain;Light Rain Mist,100.2930165,1.0
600.4233245430595,Austin,Mist/Fog,92.78432345838078,1.0
630.2081285404756,Austin,Overcast,101.5545108,1.0
634.7604903598319,Austin,Fog,93.29876588,1.0
674.6062792643424,Austin,Mist/Fog,87.09433859033628,1.0
678.2138772656343,Austin,Mist/Fog,86.14998802872346,1.0
681.1586410836986,Baltimore,Overcast with Haze,80.2888540596283,1.0
683.7662390849906,Austin,Cloudy,72.88036911,1.0
697.5452943572482,Austin,Rain,87.18640074,1.0
699.8767114488619,Austin,Rain,91.09180308,1.0
704.6557667211193,Austin,Rain,98.78253278,1.0
726.103404901763,Baltimore,Overcast,80.56968955339099,1.0
737.9376963559562,Baltimore,Mist/Light Rain Fog,93.41124371808483,1.0
739.103404901763,Baltimore,Mist/Light Rain Fog,90.31638304985361,1.0
748.4900581753124,Baltimore,Mostly,40.67747431,1.0
766.4348219933769,Baltimore,Sunny,55.40255826,1.0
799.1091536269217,Baltimore,Fair,45.08735138077201,1.0
804.8882088991793,Baltimore,A Few Clouds,58.307556691649914,1.0
820.1149023520804,Baltimore,Overcast,42.563779500020374,1.0
830.827223992085,Baltimore,Cloudy,38.3308859,1.0
832.7110029030549,Baltimore,Cloudy,32.8524348,1.0
851.7719878101492,Baltimore,Snow,79.06439852,1.0
864.2748621727285,Baltimore,Light,84.64079234,1.0
884.446319443694,Baltimore,Sunny,36.53559766,1.0
889.2253747159517,Baltimore,Sunny,37.31493247,1.0
905.0044299882092,Baltimore,Sunny,55.1371074,1.0
917.9491938062735,Charlotte,Mainly Cloudy,66.33269238645728,1.0
920.1149023520804,Charlotte,Partly Cloudy,61.002543051706375,1.0
938.2311234411103,Baltimore,Partly,55.0290948,1.0
948.8997063494966,Baltimore,Cloudy,81.02426291,1.0
956.0654148953033,Baltimore,Cloudy,80.90692207,1.0
972.5130530759471,Charlotte,Mostly Cloudy,62.19162262734922,1.0
984.960691256591,Charlotte,Overcast,71.01257318129979,1.0
1018.137897252715,Baltimore,Cloudy,82.60452118,1.0
1028.6407716152944,Charlotte,Light Snow,78.65003387326445,1.0
1041.9227012501312,Charlotte,Mist/Fog,84.14713306272843,1.0
1062.0389223391612,Boston,Sunny,42,1.0
1064.9836861572255,Boston,Sunny,37.96346927,1.0
1071.4255756127104,Boston,Mostly Sunny;Partly Cloudy,26.12663412,1.0
1076.8122288862598,Boston,Sunny,35.81839774,1.0
1085.4255756127106,Boston,Cloudy,40,1.0
1087.7569927043244,Boston,Cloudy,44.45064639,1.0
1090.0331736140024,Boston,Mostly Cloudy;Mostly,44,1.0
1093.7512439791656,Boston,Sunny,48,1.0
1101.4750630694875,Boston,Not totally Cloudy;Partly Sunny,36.19981079,1.0
1109.6407716152944,Boston,Partly Cloudy;Mainly Sunny;Mostly Clear,28.50807956,1.0
1146.9836861572255,Boston,Sunny,31,1.0
1150.5360479765818,Boston,Sunny,36,1.0
1162.1493947030326,Boston,Scattered Clouds;Mostly Cloudy;Cloudy;Partly,40.20893997,1.0
1171.8732137933544,Boston,Cloudy,38,1.0
1183.6522690656118,Boston,Cloudy,44.98739484,1.0
1189.5417967017404,Boston,Not totally Sunny;Scattered Clouds;Not totally Cloudy,37.79077173,1.0
1192.3151032488393,Boston,Partly Cloudy;Scattered Clouds;Partly,35,1.0
1204.9836861572255,Boston,Cloudy,58,1.0
1207.7569927043244,Boston,Cloudy,56,1.0
1216.0826610707795,Boston,Sunny,63,1.0
1218.9721887069084,Boston,Sunny,65,1.0
1247.4255756127106,Boston,Partly Sunny;Partly;Scattered Clouds,58,1.0
1255.0826610707793,Chicago,Not totally Cloudy;Partly Cloudy;Mostly Clear,32.84428351067118,1.0
1260.8617163430367,Chicago,Overcast;Cloudy,45.81575140760894,1.0
1265.6407716152944,Chicago,Not totally Cloudy;Partly Cloudy,50.28166292595171,1.0
1269.585535433359,Chicago,Partly Cloudy;Not totally Cloudy,56.32007493976809,1.0
1276.4750630694873,Chicago,Cloudy;Overcast,43.56993180774476,1.0
1323.1551434281912,Chicago,Cloudy,67.1858945470499,1.0
1373.282861967538,Charlotte,Cloudy;Overcast,51.15135318839686,1.0
1377.4485705133452,Charlotte,Partly Cloudy;Scattered Clouds;Mostly Clear,43.233847742371346,1.0
1407.7362488733409,Charlotte,Partly Cloudy;Scattered Clouds;Mist;Cloudy,93.31322089996773,1.0
1410.681012691405,Columbus,Mostly Cloudy;Intermittent;Mist;Fog And Mist,95.97910546333668,1.0
1411.6810126914052,Columbus,Mostly Cloudy;Mainly Cloudy,91.69793488659865,1.0
1421.3495955997914,Charlotte,Not totally Cloudy;Partly Cloudy;Mostly Sunny;Sunny,44.58904265841562,1.0
1480.9249523197825,Charlotte,Cloudy,81.26294010452854,1.0
1486.7592437739756,Charlotte,Cloudy,78.95496921839249,1.0
1491.3610930501086,Charlotte,Partly Cloudy;Cloudy;Scattered,73.44398336587591,1.0
1492.3610930501086,Charlotte,Partly Cloudy;Not totally Cloudy,76.25280286525874,1.0
1494.4163292320443,Charlotte,Partly Cloudy;Not totally Cloudy,78.62639725902147,1.0
1516.189635779143,Charlotte,Sunny;Mainly Sunny;Fair;Partly Cloudy;Partly,51.347401346033934,1.0
1521.913454869465,Charlotte,Clear,68.75765985585349,1.0
1560.2506206862372,Columbus,Mostly Cloudy;Mainly Cloudy;Intermittent Clouds,68.24042749343407,1.0
1562.195384504302,Charlotte,Partly Cloudy;Mainly Sunny;Mostly Clear,48.87841048778151,1.0
1575.4658166888212,Charlotte,Cloudy,67.96427888328421,1.0
1591.6372739597866,Columbus,Drizzle;Light Drizzle;Showers,94.11904380288937,1.0
1630.5382990462329,Charlotte,Fog;Overcast;Mist;Light Fog,92.76809772402083,1.0
1632.5382990462326,Charlotte,Fog;Overcast;Mist,91.66424398018543,1.0
1640.1516457726834,Charlotte,Fog,97.44773558940538,1.0
1646.410580506886,Charlotte,Fog,98.43143497417068,1.0
1650.012429783019,Charlotte,Fog,99.40950106972548,1.0
1651.6200277843109,Charlotte,Fog;Overcast;Mist,97.80565178350851,1.0
1695.1343995972077,Chicago,Cloudy;Mostly Cloudy;Mostly,57.071350153910885,1.0
1697.1896357791431,Chicago,Cloudy;Mostly Cloudy;Mainly Cloudy,55.8962920017749,1.0
1702.9686910514008,Chicago,Mostly Cloudy;Mostly,46.81171044905475,1.0
1707.1343995972074,Chicago,Cloudy;Mostly Cloudy;Partly Sunny,61.625895890106754,1.0
1717.056168514637,Chicago,Mainly Sunny;Partly Cloudy;Not totally Cloudy,59.11310693293093,1.0
1721.1666408785084,Chicago,Partly Cloudy;Partly;Mostly Clear;Scattered,62.19440807933381,1.0
1726.111404696573,Chicago,Cloudy;Overcast,64.47075150024835,1.0
1730.3323494243152,Chicago,Cloudy,62.5250548692911,1.0
1731.6637665159292,Chicago,Cloudy,63.19735862362919,1.0
1744.221877060444,Chicago,Cloudy;Haze,54.92852077015782,1.0
1746.995183607543,Dallas,A Few Clouds,61.69060913008223,1.0
1749.2161283352852,Dallas,Clean,64.2377947723943,1.0
1755.7684901546415,Dallas,Partly Cloudy,65.98001343814246,1.0
1757.210379610127,Dallas,Partly Cloudy,66.39890922405036,1.0
1758.3760881559335,Dallas,A Few Clouds,68.03002914455432,1.0
1767.1988821598093,Dallas,Overcast,63.13236397008497,1.0
1781.5912841585173,Chicago,Mostly Cloudy;Cloudy;Mostly,64.17449686077799,1.0
1803.7627414294832,Chicago,Partly Cloudy;Scattered Clouds;Not totally Cloudy,56.11740279663744,1.0
1808.5417967017404,Chicago,Mostly Cloudy;Partly;Intermittent Clouds;Partly Cloudy,64.80214675343767,1.0
1818.155143428191,Chicago,Cloudy;Overcast,73.37016308515321,1.0
1821.3760881559333,Chicago,Cloudy;Mostly Cloudy;Mainly Cloudy,71.13954636528725,1.0
1827.370339430775,Chicago,Mostly Cloudy;Mainly Cloudy,77.55550978402981,1.0
1832.480811794646,Chicago,Partly Cloudy;Mostly;Not totally Cloudy;Mostly Sunny,72.96903396976006,1.0
1853.5970328836759,Denver,Haze;Partly Cloudy;Hazy,72.4404273992186,1.0
1855.8732137933544,Denver,Cloudy;Haze,76.6354594007945,1.0
1866.5912841585175,Denver,Overcast,72.62377895429042,1.0
1878.0389223391612,Denver,Overcast with Haze,78.69475121488784,1.0
1884.0389223391612,Denver,Overcast with Haze,78.2244958704787,1.0
1887.9836861572255,Chicago,Partly Cloudy;Cloudy;Partly;Partly Sunny,61.81333621739139,1.0
1901.2656157920624,Chicago,Snow;Flurries;Light Snow;Light,91.55140304646369,1.0
1918.2103796101262,Chicago,Cloudy;Haze,75.29826950636061,1.0
1922.1551434281907,Denver,Overcast Haze,63.87770837646722,1.0
1959.1666408785084,Chicago,Cloudy;Haze,79.78939631475245,1.0
1970.0009323327013,Chicago,Cloudy;Haze,81.11912650993834,1.0
1983.2771132423795,Denver,Mist/Light Snow Fog,84.7193563456825,1.0
1986.884711243672,Denver,Light Snow,79.31820389048052,1.0
1996.498057970122,Denver,Overcast with Haze,81.7898194830974,1.0
2001.6085303339935,Denver,Overcast with Haze,81.70640991952875,1.0
2023.5038066952811,Denver,Cloudy;Overcast;Sunny,53.928241439826344,1.0
2026.6142790591518,Denver,Sunny;Cloudy;Clean;Mostly Cloudy,50.709880952875885,1.0
2044.056168514637,Denver,Sunny;Cloudy;Fair;Mostly Cloudy,73.42830766892817,1.0
2046.7742388798001,Detroit,Partly Cloudy;Sunny;Mostly Clear,79.60559888576057,1.0
2054.6637665159287,Detroit,Haze;Hazy;Sunny,74.91307666880193,1.0
2055.7742388798006,Detroit,Haze;Fair;Hazy;Intermittent Clouds,75.11052017894072,1.0
2060.105655971414,Detroit,Clear;Mostly Cloudy;Fair;Cloudy,57.831294456806845,1.0
2065.16089215335,Detroit,Mostly Cloudy;Cloudy;Clear,47.54572261748174,1.0
2098.338098149474,Detroit,Cloudy;Overcast,55.26008992335799,1.0
2108.2276257856024,Detroit,Cloudy;Clear,59.055104046624905,1.0
2115.227625785603,Detroit,Cloudy;Overcast,59.18120978091051,1.0
2129.1171534217315,Detroit,Clear;Mostly Clear;Fair,57.1765631774331,1.0
2135.669515241088,Detroit,Partly Cloudy;Clear;Sunny,74.56438116180232,1.0
2153.3323494243155,Detroit,Clear;Sunny;Partly;Fair,60.332269688762345,1.0
2158.111404696573,Detroit,Sunny,44.90062335350473,1.0
2165.056168514637,Detroit,Cloudy;Overcast,73.63581178954219,1.0
2166.332349424315,Detroit,Cloudy;Overcast,74.33549465450535,1.0
2167.939947425607,Detroit,Cloudy;Scattered Clouds,81.02007039961836,1.0
2211.564791602375,Detroit,Cloudy;Overcast,67.40156327161806,1.0
2278.698258866881,Detroit,Cloudy;Snow;Light Snow,74.65320190248308,1.0
2282.4163292320445,Detroit,Light Snow;Cloudy;Overcast,81.54370870489835,1.0
2332.2068819546193,Dallas,Light Rain;Rain,89.65811301823501,1.0
2346.1516457726834,Dallas,Cloudy;Mostly Cloudy,69.18326253153562,1.0
2364.2678668617136,Dallas,Cloudy;Mostly Cloudy,87.97915355611212,1.0
2366.5440477713914,Dallas,Cloudy;Haze,80.79636439017021,1.0
2368.7097563171983,Dallas,Cloudy;Haze,76.21232302831824,1.0
2374.151645772684,Dallas,Cloudy,67.70335614061858,1.0
2390.43357540752,Detroit,Mist/Fog,85.50723883641653,1.0
2401.3173543184903,El Paso,Overcast with Haze,76.9657195404839,1.0
2406.2563694113965,El Paso,Overcast,66.53988319364255,1.0
2417.035424683653,Dallas,Cloudy;Overcast,74.28090544962427,1.0
2421.1458970475246,Dallas,Cloudy;Overcast,75.55083528151916,1.0
2430.869716137847,Dallas,Cloudy;Overcast,74.9841113399599,1.0
2432.9801885017177,Dallas,Cloudy;Overcast,72.86643117420779,1.0
2454.4220779572033,Dallas,Cloudy;Overcast,77.84237215581393,1.0
2458.311605593332,Dallas,Cloudy;Overcast,78.655159349859,1.0
2460.311605593331,Dallas,Cloudy;Overcast,82.85809607659897,1.0
2479.593535228169,Dallas,Cloudy;Overcast,74.5740871942115,1.0
2487.0296759584944,El Paso,Rain;Light Rain;Light,84.53623975943223,1.0
2499.4163292320445,El Paso,Mist/Fog,82.48992996784803,1.0
2515.863967412688,El Paso,Mist/Light Rain Fog,91.52305873622274,1.0
2517.8087312307525,Dallas,Light Rain;Rain;Cloudy,84.56962784959262,1.0
2519.47156541398,El Paso,Light Rain;Rain,85.26725870606712,1.0
2520.9686910514006,El Paso,Overcast;Cloudy,87.53188243522847,1.0
2523.858218687529,El Paso,Cloudy,69.87752465665034,1.0
2528.7477463236582,El Paso,Cloudy,79.16062034686352,1.0
2531.5153041455983,El Paso,Cloudy;Haze,81.96408357270238,1.0
2560.858218687529,Fort Worth,Overcast with Haze,82.88731280796956,1.0
2569.5268015959155,Fort Worth,Overcast Haze,82.67437426281889,1.0
2582.8087312307525,Fort Worth,Cloudy,58.70603543517953,1.0
2583.808731230752,Fort Worth,Mostly,55.79362341590409,1.0
2587.643022684945,Fort Worth,Cloudy;Mostly Cloudy,64.33129290614386,1.0
2617.262118136555,Fort Worth,Mostly,61.200461971149544,1.0
2626.759243773975,Fort Worth,Overcast,85.79968796367804,1.0
