entity,Domain,Conditions,Humidity,day
2094.0018504540817,Fort Worth,Mostly Cloudy,86.40656778335048,1.0
2097.0018504540817,Fort Worth,Overcast,82.63889223097934,1.0
2117.0725526635665,Fort Worth,Fog;Partly Cloudy;Not totally Cloudy;Scattered Clouds,92.12219718497047,1.0
2137.0270926492362,Fort Worth,Partly Cloudy;Mostly Cloudy,77.74726734035673,1.0
2141.491741544494,Fort Worth,Partly Cloudy;Clear;Clean;Sunny;Intermittent Clouds,74.90223674427615,1.0
2142.78214710403,Fort Worth,Partly Cloudy;Clear,76.52598451353406,1.0
2150.549822656401,Fort Worth,Partly;Partly Cloudy;Partly Sunny,50.55045863462452,1.0
2173.3301193063494,Fort Worth,Mist/Fog,91.59343221664952,1.0
2177.1558759706286,Fort Worth,A Few Clouds,70.0454600143298,1.0
2185.865470411092,Fort Worth,A Few,28.94951560969042,1.0
2188.1558759706286,Fort Worth,A Few Clouds,26.368704490618303,1.0
2191.5624437539786,Fort Worth,Not totally Cloudy,26.601028938247147,1.0
2198.0725526635665,Fort Worth,Mostly Clear;Partly;Mainly Sunny,33.60925019380072,1.0
2202.5952826707307,Fort Worth,Clear;Sunny,43.37228079785757,1.0
2220.014471551659,Fort Worth,Not totally Cloudy;Mostly Cloudy;Clear;Mostly;Partly Cloudy,31.721799609516925,1.0
2225.7695260064525,Fort Worth,Mostly Cloudy;Sunny,26.963921062960775,1.0
2228.711444894546,Fort Worth,Partly Cloudy;Cloudy;Mostly Cloudy;Clear,51.13633986831524,1.0
2236.059931565989,Fort Worth,Mainly Cloudy;Partly Cloudy;Mostly Cloudy;Mostly Clear,58.874399766146226,1.0
2265.491741544494,Houston,Cloudy,51.05325392545955,1.0
2271.4336604325867,Houston,Cloudy,83.39686145462883,1.0
2285.6786059777933,Houston,Overcast,59.497487812010114,1.0
2291.969011537329,Houston,Overcast,85.87121667860816,1.0
2310.2720381944423,Houston,Clear,44.95353307133683,1.0
2314.8983093278443,Houston,Clear,60.86561171425042,1.0
2317.0144715516585,Houston,Clear,51.225985632573924,1.0
2323.221553804133,Houston,Clear;Partly Cloudy;Mainly Sunny,46.91664192042682,1.0
2329.0473104684115,Houston,Sunny;Mostly Sunny,44.92337886435393,1.0
2349.9437693421746,Houston,Clean,71.5227300071649,1.0
2369.840228215937,Houston,Mainly Cloudy;Mostly Cloudy;Intermittent Clouds,41.405786276657544,1.0
2403.6205248658857,Houston,Cloudy,54.03283891675242,1.0
2411.272038194443,Houston,Partly Cloudy,49.67173114773176,1.0
2416.2720381944428,Houston,Not totally Cloudy,39.71719116206157,1.0
2418.4917415444934,Houston,Not totally Cloudy,38.55556892391732,1.0
2422.014471551659,Houston,Not totally Cloudy,32.717191162061575,1.0
2427.7240659921235,Houston,Mostly Cloudy,30.65911005015436,1.0
2448.96901153733,Houston,Clear;Mostly Cloudy,53.48666656509147,1.0
2458.4917415444943,Houston,Clear;Sunny,66.82335438134821,1.0
2475.5372015588237,Houston,Cloudy;Overcast,52.29385337776911,1.0
2481.537201558824,Houston,Cloudy,55.42852389203967,1.0
2495.6533637826383,Houston,Fair,68.25756664278364,1.0
2501.82760711836,Houston,Clean,77.44443107608267,1.0
2517.8983093278453,Houston,Clear;Mostly Clear,52.95549141367073,1.0
2520.0018504540813,Houston,Clear;Mostly Clear,58.59374751116484,1.0
2521.6988237969676,Houston,Clear;Sunny,62.73584137354401,1.0
2543.64074268506,Houston,Partly Cloudy;Partly Sunny;Scattered Clouds;Scattered;Not totally Cloudy,58.62223449707304,1.0
2556.176093789803,Houston,Clear;Clean;Mostly Clear,76.31115445816725,1.0
2558.9892293565044,Houston,Clear;Fair,77.20330678265307,1.0
2563.511959363669,Houston,Clear;Fair;Mostly Cloudy,82.14971680435842,1.0
2564.570040475576,Houston,Overcast;Cloudy;Clear,82.29630783577794,1.0
2582.6281215874837,Indianapolis,Cloudy,69.25260898090961,1.0
2585.1508515946484,Indianapolis,Clear;Cloudy,74.21823712154317,1.0
2586.4993382660914,Indianapolis,Partly Cloudy;Cloudy,73.46554557961225,1.0
2615.744283811298,Indianapolis,Clean,83.6060533142269,1.0
2619.32509493037,Indianapolis,Clean,84.41918888092786,1.0
2629.8352038399576,Indianapolis,Cloudy,67.04652985361665,1.0
2638.0094471756793,Indianapolis,Cloudy;Overcast;Partly Cloudy,78.05335209637111,1.0
2652.009447175679,Indianapolis,Light Snow;Flurries;Cloudy;Light,80.66327574960383,1.0
2656.054907190009,Indianapolis,Haze;Hazy;Cloudy;Partly Cloudy,77.98072750978395,1.0
2673.183690511401,Indianapolis,Overcast,82.27018774036101,1.0
2681.0675282875864,Indianapolis,Mist/Fog,80.63129550938169,1.0
2699.2543927208853,Indianapolis,Flurries;Cloudy;Fog And Mist;Light Snow;Light Snow Mist;Mist,89.56402704979607,1.0
2701.6609605042363,Indianapolis,Light Snow;Overcast;Flurries;Snow,90.10992152497606,1.0
2705.5447982804217,Indianapolis,Cloudy;Overcast;Fog,84.12391238092214,1.0
2706.6028793923288,Indianapolis,Cloudy;Fog;Mist,89.71519330329812,1.0
2717.1382304970707,Indianapolis,Cloudy;Partly;Partly Cloudy,68.96829377467562,1.0
2719.486717168514,Indianapolis,Cloudy,63.12632526737781,1.0
2732.1963116089782,Indianapolis,Mist/Light Snow Fog,88.34088994984563,1.0
2737.2872316376374,Indianapolis,Mist/Fog,84.68937662128889,1.0
2752.5321771828435,Jacksonville,Overcast,64.25756664278363,1.0
2756.9968260781015,Jacksonville,Light Snow;Snow;Light Snow Mist;Flurries,89.67449790258645,1.0
2761.345312749545,Jacksonville,Cloudy,82.39487229758063,1.0
2765.8099616448026,Jacksonville,Mostly Cloudy;Cloudy,76.77773261829522,1.0
2771.8099616448026,Jacksonville,Partly Cloudy;Not totally Cloudy;Partly Sunny,62.93108689746342,1.0
2791.7064205185648,Jacksonville,Mostly Cloudy,73.37032707446991,1.0
2794.3453127495454,Jacksonville,Mostly Cloudy;Mainly Cloudy,79.35045031515618,1.0
2811.41601495903,Jacksonville,Mostly Cloudy,56.941918888092786,1.0
2825.951366063772,Jacksonville,Mainly Cloudy,80.89645887376297,1.0
2829.8932849518646,Jacksonville,Mainly Cloudy,70.65151332855672,1.0
2838.22915052573,Jacksonville,Partly,39.16162223814423,1.0
2839.5195560852667,Jacksonville,Mostly Cloudy,30.999999999999993,1.0
2845.519556085267,Jacksonville,Clear;Fair,60.89205590105473,1.0
2850.5195560852667,Jacksonville,Sunny;Clear,73.4940104511094,1.0
2870.532177182844,Jacksonville,Cloudy;Overcast,43.576120365242836,1.0
2877.532177182844,Jacksonville,Not totally Cloudy;Mostly Clear;Scattered Clouds;Cloudy,63.606053314226905,1.0
2894.5069349876894,Jacksonville,Cloudy,80.69359072851172,1.0
2904.178666135421,Jacksonville,Cloudy;Mainly Cloudy,44.0353929704372,1.0
2906.2948283592355,Las Vegas,Mostly Cloudy;Cloudy,40.81198489084184,1.0
2921.3402883735653,Las Vegas,Light Rain,88.02861414617882,1.0
2930.9337205902148,Las Vegas,Overcast,87.75505445479375,1.0
2940.410990583049,Las Vegas,Overcast,92.94191888809277,1.0
2956.0625039116057,Las Vegas,Mostly Cloudy;Intermittent Clouds;Cloudy,32.072372455904606,1.0
2964.4312084022245,Las Vegas,Mainly Cloudy;Mostly Cloudy;Cloudy,48.78684171451604,1.0
2969.489289514132,Las Vegas,Mostly Cloudy;Mostly,66.37491353532269,1.0
2993.211505052173,Las Vegas,Overcast,48.56819002149472,1.0
3001.746856156916,Las Vegas,Mostly Cloudy,65.69697334288654,1.0
3015.991801702121,Las Vegas,Mostly,32.904055595360596,1.0
3018.1534239402654,Las Vegas,Mostly Cloudy,30.987378902422602,1.0
3042.9918017021214,Las Vegas,Light Rain;Showers,81.17834209989384,1.0
3049.9665595069673,Las Vegas,Light Rain;Rain,92.30535449807986,1.0
3058.5599917236163,Las Vegas,Overcast,56.5353511047423,1.0
3063.9665595069664,Las Vegas,Overcast,72.76767555237113,1.0
3069.6635328498537,Las Vegas,Light Rain,86.40656778335048,1.0
3079.5802095427916,Las Vegas,Light,83.69697334288654,1.0
3087.231722871348,Las Vegas,Light Rain,92.12028158451135,1.0
3094.2898039832558,Las Vegas,Rain,88.44402595081718,1.0
3109.5347495284614,Las Vegas,Clear,81.22398684164475,1.0
3128.4892895141325,Las Vegas,Cloudy;Overcast,87.50489192304539,1.0
3134.198883954596,Las Vegas,Cloudy,76.6417139189882,1.0
3144.4059662070704,Las Vegas,Mist/Fog,83.54797220231968,1.0
3145.464047318978,Las Vegas,Mist/Fog,86.1994855308764,1.0
3147.6963717666063,Las Vegas,Mist/Fog,85.73483663561869,1.0
3148.870615102328,Las Vegas,Mist/Fog,90.25756664278363,1.0
3151.102939549956,Los Angeles,Mist/Fog,86.25756664278362,1.0
3156.044858438049,Los Angeles,Mist/Fog,87.43180997850526,1.0
3176.1155606475345,Los Angeles,Cloudy;Overcast,77.19155101801854,1.0
3181.0574795356265,Los Angeles,Cloudy,73.42779364855393,1.0
3186.76707397609,Los Angeles,Cloudy,75.69116941093053,1.0
3192.231722871349,Los Angeles,Cloudy,72.83289863496047,1.0
3198.941317311812,Los Angeles,Cloudy,73.18607993791085,1.0
3200.941317311813,Los Angeles,Cloudy,76.87054728893402,1.0
3204.1155606475345,Los Angeles,Cloudy,77.49431465964543,1.0
3208.8832361999052,Los Angeles,Cloudy,80.69375894935042,1.0
3226.8377761855754,Los Angeles,Cloudy,79.9941342303478,1.0
3234.779695073669,Los Angeles,Light Rain;Rain,83.66210351042902,1.0
3242.2443439689264,Los Angeles,Light Rain;Cloudy,86.53924064433652,1.0
3246.4059662070695,Los Angeles,Light Rain;Rain,90.04490144871293,1.0
3257.99939842372,Los Angeles,Light Rain,83.66413442613411,1.0
3271.7670739760915,Los Angeles,Light Rain,95.66413442613411,1.0
3282.302425080833,Los Angeles,Cloudy,78.72194447576716,1.0
3283.534749528461,Los Angeles,Cloudy,79.18659337102486,1.0
3301.7216139617612,Los Angeles,Cloudy,70.30878025489285,1.0
3308.6509117522764,Los Angeles,Sunny;Not totally Cloudy,58.74165694101811,1.0
3317.2443439689255,Los Angeles,Overcast,79.65151332855672,1.0
3319.708992864184,Los Angeles,Overcast,85.18686443329902,1.0
3337.360506192739,Los Angeles,Mainly Cloudy,68.58081111907211,1.0
3345.2443439689255,Los Angeles,Sunny;Partly Cloudy;Clear,67.82709897495319,1.0
3346.4185873046467,Memphis,Clear;Sunny,71.17430517341779,1.0
3362.3024250808335,Memphis,Sunny;Cloudy;Mostly,85.7140180096969,1.0
3367.9993984237194,Memphis,Clear;Sunny;Overcast,69.02867683989604,1.0
3369.17364175944,Memphis,Light Rain;Cloudy;Clean,70.66037736823031,1.0
3389.3352639975847,Memphis,Clean,88.47726999283508,1.0
3397.5095073333073,Memphis,Fair,79.99999999999999,1.0
3399.206480676194,Memphis,Fair,77.4646488952577,1.0
3400.322642900008,Memphis,Fair,77.11616222381441,1.0
3420.6837506690285,Memphis,Cloudy,82.19262307473024,1.0
3430.3933451094927,Memphis,Partly Cloudy;Fair,75.8494441344186,1.0
3433.613048459544,Memphis,Partly Cloudy;Clear;Scattered Clouds;Clean,77.30613222199695,1.0
3434.7292106833584,Memphis,Partly Cloudy;Not totally Cloudy;Clear,78.582610865859,1.0
3437.6004273619665,Memphis,Partly;Scattered Clouds;Cloudy;Not totally Cloudy,80.4735621402611,1.0
3455.6130484595437,Memphis,Cloudy;Overcast;Fog And Mist,91.24667525019493,1.0
3458.903454019081,Memphis,Cloudy;Overcast,85.80275808528057,1.0
3471.206480676193,Memphis,Mostly Cloudy,82.47726999283508,1.0
3494.044858438049,Memphis,Cloudy,72.64410932552676,1.0
3508.464047318978,Memphis,Cloudy,71.38730877446953,1.0
3512.380724011916,Memphis,Cloudy,70.64593169159325,1.0
3514.8453729071734,Memphis,Cloudy,69.1197258415985,1.0
3519.961535130987,Memphis,Cloudy;Mostly Cloudy,61.77473715816406,1.0
3522.658508473875,Memphis,Cloudy;Mostly,61.34935537334606,1.0
3529.600427361967,Memphis,Cloudy,72.87456026840341,1.0
3532.4716440405746,Memphis,Cloudy,73.57862113907679,1.0
3534.6458873762963,Memphis,Cloudy,72.5163637605993,1.0
3539.762049600111,Memphis,Cloudy,75.38851473672793,1.0
3548.2974007048524,Memphis,Cloudy,74.95052365571884,1.0
3554.94891403341,Milwaukee,Cloudy;Mostly Cloudy,69.57900061185184,1.0
3558.5625640692347,Milwaukee,Cloudy;Light;Light Rain,80.44931926334215,1.0
3569.2797552312963,Milwaukee,Rain;Cloudy,91.07614935954135,1.0
3576.0474307836676,Milwaukee,Rain;Showers;Cloudy,91.92334700901237,1.0
3590.370675259955,Milwaukee,Mist/Rain Fog,86.40656778335048,1.0
3602.4868374837697,Milwaukee,Overcast,90.72221553804134,1.0
3616.7772430433056,Milwaukee,Cloudy,89.17446907034382,1.0
3622.5449185956777,Milwaukee,Cloudy,91.36282584097583,1.0
3624.5449185956772,Milwaukee,Cloudy,86.42770067853091,1.0
3630.4868374837697,Milwaukee,Cloudy;Overcast,90.23285664870996,1.0
3660.673701917069,Milwaukee,Mist/Fog,89.88383777618557,1.0
3667.847945252791,Milwaukee,Light Rain,79.94191888809279,1.0
3669.9641074766055,Milwaukee,Overcast,76.47726999283509,1.0
3672.4868374837706,Milwaukee,Overcast,77.82575666427834,1.0
3681.1964319242347,Milwaukee,Cloudy;Mostly Cloudy,80.96917172987642,1.0
3690.2545130361414,Milwaukee,Cloudy;Mostly Cloudy;Overcast,79.40262580118241,1.0
3691.3125941480484,Milwaukee,Overcast;Cloudy,80.84599552439757,1.0
3693.474216386192,Milwaukee,Light Rain;Mostly Cloudy;Cloudy,79.54835571439219,1.0
3694.6484597219146,Milwaukee,Light Rain;Showers,81.43600174650376,1.0
3716.4287563718626,Milwaukee,Mostly Cloudy,80.29040555953605,1.0
3736.428756371863,Milwaukee,Overcast,76.94191888809277,1.0
3752.7898641408833,Milwaukee,Mostly Cloudy;Cloudy,61.25249950507701,1.0
3757.2545130361414,Milwaukee,Partly Cloudy;Sunny;Cloudy,57.31767124056858,1.0
3768.6029997075834,Milwaukee,Mostly Cloudy;Mainly Cloudy;Overcast;Intermittent Clouds,72.40987147607595,1.0
3771.5449185956772,Milwaukee,Cloudy;Overcast,70.79868136577149,1.0
3782.906026364698,Nashville,Mostly Cloudy,56.232901155698734,1.0
3797.092890797997,Nashville,A Few Clouds,69.16162223814423,1.0
3817.047430783667,Nashville,Mostly Cloudy,42.74243335721636,1.0
3844.653484097894,Nashville,Partly Cloudy;Not totally Cloudy;Sunny;Cloudy;Scattered,57.20150901675415,1.0
3847.5373218740797,Nashville,Partly Cloudy;Not totally Cloudy;Scattered Clouds;Mostly Sunny,57.20150901675415,1.0
3855.9312685598525,Nashville,Partly Cloudy;Mostly Clear,73.70557811051262,1.0
3874.350457440781,Nashville,Clear;Sunny,67.87542189242684,1.0
3877.9893496717596,Nashville,Sunny;Clear,58.63218413406063,1.0
3895.94388965743,Nashville,Cloudy;Overcast,80.43247776248491,1.0
3905.5954029859868,Nashville,Fair,77.24494554520622,1.0
3921.524700776503,Nashville,Mist/Fog,82.66413442613411,1.0
3925.8151063360388,Nashville,Partly;Partly Sunny;Mostly Clear,74.00675642647035,1.0
3928.815106336038,Nashville,Mostly Cloudy;Mainly Cloudy,46.7567271718644,1.0
3930.873187447946,Nashville,Mostly Cloudy;Cloudy,56.50384616243748,1.0
3946.221674119389,Nashville,Cloudy,76.5532314004384,1.0
3958.744404126554,Nashville,Cloudy,60.722114094115966,1.0
3967.4539985670167,Nashville,Overcast,56.87121667860818,1.0
3984.4666196645953,Nashville,Overcast,55.16162223814424,1.0
3988.698944112224,Nashville,Overcast,58.47726999283508,1.0
3991.976728574183,Nashville,Overcast,63.74243335721634,1.0
4003.512079678925,Nashville,Cloudy,79.92567831983578,1.0
4006.8605663503677,Nashville,Light Snow;Flurries;Cloudy;Light,84.02686957086392,1.0
4016.3959174551114,Nashville,Haze;Cloudy;Snow,75.05682767016577,1.0
4030.6989441122237,Nashville,Overcast,78.57321439747447,1.0
4043.2342952169665,Nashville,Overcast with Haze,78.1540255165466,1.0
4044.408538552688,Nashville,Overcast with Haze,78.44443107608265,1.0
4048.279755231296,Nashville,Overcast with Haze,75.32826885226822,1.0
4072.118132993152,Nashville,Cloudy;Overcast,53.32731220760456,1.0
4076.0600518812457,Nashville,Cloudy,74.12541221971325,1.0
4080.234295216966,Nashville,Cloudy;Mainly Cloudy;Mostly Cloudy;Mostly,75.42021784408381,1.0
4088.6282419027402,New York,Mostly Cloudy;Mainly Cloudy;Clear,77.6316518972114,1.0
4094.628241902739,New York,Cloudy;Overcast;Sunny,84.80564120055166,1.0
4101.150971909905,New York,Cloudy;Overcast,71.56734371426896,1.0
4108.092890797997,New York,Mostly Cloudy,71.81313556670096,1.0
4115.789864140884,New York,Mostly Cloudy,74.85099885943315,1.0
4123.499458581347,New York,Mainly Cloudy,79.01262109757738,1.0
4127.383296357533,New York,Overcast,80.6767555237115,1.0
4139.860566350368,New York,Overcast,80.32826885226824,1.0
4154.337836343203,New York,Cloudy;Overcast,88.16144838358224,1.0
4175.39591745511,New York,Cloudy;Overcast,87.63962688363465,1.0
4187.918647462275,New York,Cloudy,72.52071090807355,1.0
4203.138350812326,New York,Mostly Cloudy;Mainly Cloudy,68.20394295542633,1.0
4214.906026364697,New York,Cloudy;Not totally Cloudy;Mostly,93.9202201261891,1.0
4219.906026364697,New York,Cloudy,80.45642961418793,1.0
4230.325215245625,New York,Mostly Cloudy,77.44443107608267,1.0
4233.325215245626,New York,Not totally Cloudy,82.6893766212889,1.0
4237.44137746944,New York,Overcast,85.39897106175283,1.0
4240.602999707584,Oklahoma City,Overcast,84.1414044189692,1.0
4256.196431924233,Oklahoma City,Cloudy;Light Rain,88.40650576281908,1.0
4269.3706752599555,Oklahoma City,Cloudy;Overcast,92.68304296829439,1.0
4274.428756371863,Oklahoma City,Rain;Overcast,92.36572496718354,1.0
4286.544918595678,Oklahoma City,Overcast,86.01262109757738,1.0
4296.3125941480475,Oklahoma City,Mist/Light Rain Fog,96.01262109757738,1.0
4326.4994585813465,Oklahoma City,Cloudy,73.53366251902605,1.0
4337.860566350369,Oklahoma City,Partly Cloudy;Sunny;Cloudy,65.40798077525315,1.0
4339.80248523846,Oklahoma City,Mostly Cloudy;Partly Sunny;Mainly Cloudy,68.09017145941291,1.0
4356.150971909904,Oklahoma City,Overcast,73.30302665711343,1.0
4358.789864140884,Oklahoma City,Overcast,77.11616222381441,1.0
4374.918647462275,Oklahoma City,Cloudy,67.69697334288654,1.0
4377.976728574183,Oklahoma City,Mostly Clear,63.39806604647003,1.0
4379.918647462275,Oklahoma City,Clear;Mostly;Cloudy,69.8695642662936,1.0
4382.847945252792,Oklahoma City,Clear;Mainly Cloudy;Cloudy;Fair,68.75368339330805,1.0
4384.847945252791,Oklahoma City,Mostly Cloudy;Clear;Intermittent Clouds;Fair,71.23025925210314,1.0
4396.209053021812,Philadelphia,Mostly Cloudy;Intermittent Clouds;Mostly Sunny;Sunny,35.50634121184486,1.0
4398.89340526712,Philadelphia,Mostly Cloudy;Intermittent Clouds;Fair,35.26555000713819,1.0
4438.628241902738,Philadelphia,Mainly Cloudy,36.02021781917502,1.0
4449.512079678925,Philadelphia,A Few Clouds,72.70959444046393,1.0
4464.105511895575,Philadelphia,Mostly Cloudy;Clear;Intermittent Clouds;Fair,52.33916394949328,1.0
4466.802485238461,Philadelphia,Clear;Mostly;Partly Cloudy;Clean;Mostly Cloudy,62.87955789502119,1.0
4471.686323014646,Philadelphia,Mostly Cloudy;Clear;Clean,68.5114363059902,1.0
4480.267134133719,Philadelphia,Clear;Partly Cloudy;Mostly Sunny;Sunny,75.894909721143,1.0
4523.118132993151,Philadelphia,Clear;Not totally Cloudy;Sunny;Partly,32.695206508810855,1.0
4527.047430783668,Philadelphia,Sunny;Clear,39.8695589271787,1.0
4529.047430783667,Philadelphia,Clear,55.0171810408706,1.0
4532.105511895575,Philadelphia,Clear,55.491316715182776,1.0
4539.698944112223,Philadelphia,Clear;Partly Cloudy,61.674581914317294,1.0
4541.279755231296,Philadelphia,Clear;Mostly Clear;Not totally Cloudy,60.84355777703603,1.0
4560.234295216966,Philadelphia,A Few Clouds,62.116162223814406,1.0
4562.873187447945,Philadelphia,A Few Clouds,63.74243335721634,1.0
4566.815106336037,Philadelphia,Clear;Scattered Clouds;Not totally Sunny;Clean;Sunny,60.93806060184313,1.0
4575.279755231295,Philadelphia,Mainly Cloudy;Clear;Mostly Cloudy;Cloudy,42.07686351270926,1.0
4588.698944112224,Philadelphia,Cloudy;Not totally Cloudy,66.81637171104752,1.0
4591.757025224131,Philadelphia,Mostly Cloudy;Partly Cloudy,54.97550537405893,1.0
4592.9312685598525,Phoenix,Mainly Cloudy;Clear;Sunny,50.163463762323275,1.0
4596.105511895575,Phoenix,Sunny;Mainly Cloudy;Clear;Fair,37.55543865174376,1.0
4599.209053021811,Phoenix,Clear;Mainly Cloudy;Intermittent Clouds;Partly Cloudy,36.62676798190783,1.0
4612.512079678924,Phoenix,Mostly Cloudy,57.45202779768029,1.0
4622.034809686091,Phoenix,Mostly,59.82575666427836,1.0
4623.84794525279,Phoenix,Cloudy,61.27778446195866,1.0
4635.383296357533,Phoenix,Clear;Mainly Cloudy;Clean;Mostly Cloudy,37.65834109150098,1.0
4653.686323014646,Phoenix,Clear;Mostly Clear;Fair,68.1414044189692,1.0
4659.39591745511,Phoenix,Sunny;Clear;Fair;Scattered Clouds;Scattered;Partly Sunny,42.55365120178768,1.0
4662.570160790832,Phoenix,Sunny;Partly Sunny;Fair;Clear,32.86308098795992,1.0
4665.686323014646,Phoenix,Mostly Cloudy,38.265163364381266,1.0
4670.67370191707,Phoenix,Mostly Cloudy,47.70959444046393,1.0
4672.964107476605,Phoenix,Mostly,52.75505445479374,1.0
4696.441377469439,Phoenix,Clear,74.40235166359358,1.0
4706.267134133718,Phoenix,Sunny;Clear,58.75174553873486,1.0
4707.325215245625,Phoenix,Sunny;Clear,57.20006093592538,1.0
4711.906026364697,Phoenix,Sunny;Clear,41.90864475874262,1.0
4728.499458581347,Phoenix,Clear,77.83092667685128,1.0
4746.034809686089,Phoenix,Haze;Sunny;Mainly Sunny,48.471865719303935,1.0
4748.847945252791,Phoenix,Fair,52.66413442613412,1.0
4751.022188588511,Phoenix,Fair,55.47726999283508,1.0
4754.138350812327,Phoenix,Fair,56.580811119072116,1.0
4756.5322974981,Phoenix,Fair,55.47726999283508,1.0
4764.590378610007,Phoenix,Fair,76.30302665711345,1.0
4767.3454330648,Phoenix,Haze,79.92170106891776,1.0
4769.287351952893,Phoenix,Haze,76.15402551654661,1.0
4783.042406407688,Phoenix,Haze,44.32324447628848,1.0
4788.042406407687,Phoenix,Sunny;Clear,61.78494678372561,1.0
4798.926244183874,Phoenix,Cloudy;Haze;Mainly Cloudy;Unclear,81.54960637460994,1.0
4800.158568631502,Phoenix,Hazy;Haze;Partly Cloudy;Fair,82.22770217263903,1.0
4832.474216386193,Phoenix,Clear;Sunny,85.42381257356014,1.0
4836.706540833822,Portland,Haze;Hazy Sunshine;Sunny;Clear,86.8309391396847,1.0
4839.055027505265,Portland,Sunny;Haze;Hazy,76.47997031423124,1.0
4840.403514176708,Portland,Sunny;Hazy;Haze,66.08356302886791,1.0
4842.274730855316,Portland,Sunny;Clear,55.18536109591361,1.0
4845.3201908696465,Portland,Clear;Haze;Mostly Sunny,49.12712627133235,1.0
4856.02978531011,Portland,Clear,77.25445794721571,1.0
4871.5651364148525,Portland,Fair,49.20708225247406,1.0
4881.042406407687,Portland,Overcast,81.40656778335047,1.0
4892.461595288616,Portland,Sunny;Clear,69.47789270747121,1.0
4896.287351952894,Portland,Clear;Sunny,68.4520277976803,1.0
4912.416135274285,Portland,Haze;Hazy,87.99999999999997,1.0
4922.125729714749,Portland,Haze;Cloudy,61.68435224530914,1.0
4934.648459721915,Portland,Haze,80.82575666427834,1.0
4936.8227030576345,Portland,Fog,85.30302665711343,1.0
4943.764621945728,Portland,Haze,83.59343221664952,1.0
4944.996946393358,Portland,Haze,79.65151332855672,1.0
4949.171189729079,Portland,Haze,76.82575666427836,1.0
4958.70654083382,Portland,Clear;Sunny,58.21970335005145,1.0
4973.009567490934,Portland,Clear,81.76767555237114,1.0
4974.241891938564,Portland,Clear,81.94191888809279,1.0
4990.416135274285,San Antonio,Clean,61.21970335005144,1.0
5012.544918595677,San Antonio,Clean,48.265163364381266,1.0
5015.777243043306,San Antonio,Fair,43.72981225963897,1.0
5018.777243043307,San Antonio,Cloudy,65.68435224530916,1.0
5029.835324155213,San Antonio,Light Freezing Rain;Sleet;Freezing Rain,85.94191888809277,1.0
5041.009567490934,San Antonio,Mainly Cloudy;Mostly Cloudy;Not totally Cloudy;Partly;Cloudy,76.27778446195865,1.0
5051.067648602842,San Antonio,Mostly Cloudy;Mostly;Mainly Cloudy,80.88383777618556,1.0
5067.138350812326,San Antonio,Cloudy,54.51010890958751,1.0
5082.3706752599555,San Antonio,Mainly Cloudy,77.53535110474228,1.0
5103.44137746944,San Antonio,Freezing Rain;Light Freezing,83.43180997850526,1.0
5105.84794525279,San Antonio,Freezing Rain;Light Freezing Rain;Freezing,85.65151332855672,1.0
5106.906026364698,San Antonio,Freezing Drizzle;Freezing Rain;Light Freezing Drizzle;Light Freezing Drizzle Mist,85.99999999999999,1.0
5110.777243043306,San Antonio,Freezing Drizzle;Light Freezing;Light Freezing Drizzle Mist;Rain;Cloudy,86.83837776185572,1.0
5112.183810826656,San Antonio,Freezing Drizzle;Light Freezing Drizzle;Freezing Rain,91.48989109041246,1.0
5113.183810826656,San Antonio,Light Freezing Drizzle;Freezing Drizzle;Rain,85.18686443329902,1.0
5127.299973050471,San Antonio,Cloudy,85.94191888809277,1.0
5145.486837483771,San Antonio,Clear;Sunny,80.12878332139181,1.0
5159.673701917069,San Antonio,Partly Cloudy;Partly Sunny,67.23232444762883,1.0
5165.48683748377,San Antonio,Cloudy,56.974757804845204,1.0
5166.893405267121,San Antonio,Cloudy,56.45202779768029,1.0
5172.602999707585,San Antonio,Cloudy,65.69697334288654,1.0
5177.370675259955,San Antonio,Cloudy,65.69697334288654,1.0
5187.067648602842,San Diego,Overcast,56.56819002149472,1.0
5194.241891938565,San Diego,Overcast,63.69697334288653,1.0
5206.602999707583,San Diego,Rain,73.34848667144325,1.0
5209.486837483771,San Diego,Cloudy;Overcast,70.63889223097932,1.0
5213.370675259956,San Diego,Cloudy,58.39394668577308,1.0
5216.358054162378,San Diego,Cloudy,74.16162223814423,1.0
5242.906026364698,San Diego,Overcast,61.5101089095875,1.0
5249.312594148048,San Diego,Overcast,73.58081111907211,1.0
5253.5322974981,San Diego,Overcast,75.82575666427834,1.0
5276.0676486028415,San Diego,Cloudy,70.29040555953605,1.0
5279.009567490935,San Diego,Cloudy;Mostly Cloudy,70.11616222381443,1.0
5282.89340526712,San Diego,Clear,74.70959444046392,1.0
5286.009567490934,San Diego,Clear,77.07070220948458,1.0
5290.835324155213,San Diego,Clear;Sunny;Fair,91.14140441896919,1.0
5297.835324155212,San Diego,Mainly Cloudy;Cloudy,70.17424333572164,1.0
5306.428756371862,San Diego,Overcast,70.29040555953605,1.0
5310.3125941480475,San Diego,Fair,75.94191888809277,1.0
5315.312594148049,San Diego,Clean,81.5934322166495,1.0
5316.777243043306,San Diego,Fair,77.82575666427834,1.0
5329.428756371863,San Diego,Not totally Cloudy,60.58081111907211,1.0
5336.080269700419,San Diego,Overcast,51.916676692938,1.0
5337.428756371863,San Diego,Partly Cloudy;Mostly Clear;Partly;Clear,49.61365003582455,1.0
5343.48683748377,San Diego,Partly Cloudy;Not totally Cloudy,61.858595581030784,1.0
5352.661080819492,San Diego,Partly Cloudy;Not totally Cloudy;Partly;Partly Sunny,53.03283891675242,1.0
5358.067648602842,San Diego,Mostly Cloudy;Cloudy,47.72981225963897,1.0
5368.299973050471,San Diego,Partly Cloudy;Not totally Cloudy;Clear,62.626271133401936,1.0
5377.1257297147495,San Francisco,Cloudy,68.5101089095875,1.0
5378.183810826657,San Francisco,Cloudy,68.16162223814423,1.0
5383.241891938564,San Francisco,Cloudy,55.32324447628848,1.0
5390.693919736244,San Francisco,Cloudy;Mostly Cloudy,57.03283891675241,1.0
5403.345433064801,San Francisco,Clean,62.10354112623702,1.0
5405.345433064801,San Francisco,Fair,67.58081111907211,1.0
5406.403514176707,San Francisco,A Clouds,64.81313556670098,1.0
5409.752000848151,San Francisco,Cloudy,65.04546001432982,1.0
5413.100487519594,San Francisco,Overcast,67.75505445479375,1.0
5415.984325295781,San Francisco,Overcast with Haze,63.16162223814423,1.0
5416.984325295781,San Francisco,Overcast,56.39394668577308,1.0
5417.98432529578,San Francisco,Overcast,53.742433357216356,1.0
5423.087866422017,San Francisco,Overcast,54.56819002149472,1.0
5428.017164212532,San Francisco,Partly Cloudy;Cloudy;Mostly Clear,64.75505445479376,1.0
5429.9464620030485,San Francisco,Partly Cloudy;Mostly Cloudy;Scattered Clouds,61.82575666427835,1.0
5436.772218667326,San Francisco,Cloudy;Overcast,56.883837776185565,1.0
5450.597975331605,San Francisco,Light;Light Snow;Snow,85.0707022094846,1.0
5474.320190869646,San Francisco,Mostly Cloudy;Mainly Cloudy,72.70959444046393,1.0
5482.552515317275,San Francisco,Partly Sunny;Cloudy;Partly Cloudy;Sunny,46.52273000716491,1.0
5514.5070553029445,San Francisco,A Few Clouds,70.82575666427836,1.0
5518.552515317274,San Francisco,Mist/Fog,81.50251218798988,1.0
5522.12070533877,San Francisco,with Haze,79.48989109041247,1.0
5523.236867562584,San Francisco,Mist/Fog,82.31564775469084,1.0
5534.946462003047,San Francisco,Partly Cloudy;Partly,57.92929779051539,1.0
5539.817678681657,San Francisco,Cloudy,67.99999999999999,1.0
5546.585354234026,San Francisco,Snow;Light Snow;Flurries,84.37372886659804,1.0
5559.933840905469,San Francisco,Snow;Light Snow,85.65151332855672,1.0
5584.062624226863,San Francisco,Light Snow,91.18686443329902,1.0
5586.817678681657,San Francisco,Light Snow,91.53535110474229,1.0
5603.062624226863,San Francisco,Light Snow;Snow,80.53535110474229,1.0
5611.714137555418,San Francisco,Cloudy;Haze,83.61867441180429,1.0
5623.1333264363475,San Jose,Cloudy;Haze,72.83837776185574,1.0
5625.88838089114,San Jose,Mostly Cloudy,64.63889223097934,1.0
5629.411110898306,San Jose,Partly Cloudy;Partly Sunny;Scattered Clouds;Scattered,56.17424333572163,1.0
5630.875759793563,San Jose,Partly Cloudy;Scattered Clouds;Partly Sunny;Not totally Cloudy,62.59343221664951,1.0
5654.527273122119,San Jose,Overcast with Haze,73.78029664994853,1.0
5667.946462003048,San Jose,Cloudy;Overcast,58.05808111190721,1.0
5670.8883808911405,San Jose,Light Snow;Snow;Flurries,55.406567783350475,1.0
5688.539894219697,San Jose,Partly Cloudy;Not totally Cloudy;Mostly Clear,87.53535110474228,1.0
5693.423731995883,San Jose,Fog;Freezing Fog,99.30302665711343,1.0
5694.946462003048,San Jose,Fog;Foggy,98.72221553804131,1.0
5709.946462003048,San Jose,Mostly Cloudy,54.68435224530915,1.0
5711.643435345934,San Jose,Mostly Cloudy;Mostly,56.5101089095875,1.0
5755.971704198201,San Jose,Cloudy;Sleet;Light Sleet;Fog And Mist;Light Snow;Light Snow Mist,91.36110776902065,1.0
5758.971704198203,San Jose,Light Snow;Flurries;Snow,91.18686443329902,1.0
5769.842920876811,San Jose,Cloudy;Overcast,75.66413442613411,1.0
5774.784839764903,San Jose,Cloudy;Overcast,74.11616222381441,1.0
5789.145947533924,San Jose,Clear,83.53535110474229,1.0
5805.5651364148525,Seattle,Clear;Sunny,44.03283891675242,1.0
5807.797460862481,Seattle,Not totally Cloudy;Scattered Clouds;Mostly Sunny;Partly Cloudy,50.91667669293799,1.0
5816.623217526759,Seattle,Mostly Cloudy;Cloudy,74.82575666427834,1.0
5828.332811967223,Seattle,Cloudy,71,1.0
5833.448974191038,Seattle,Fair,67.58081111907211,1.0
5846.158568631501,Seattle,Overcast,76.23232444762883,1.0
5852.98432529578,Seattle,Cloudy;Overcast,73.58081111907211,1.0
5856.5651364148525,Seattle,Cloudy,70.75505445479375,1.0
5861.204028645831,Seattle,Cloudy,78.69697334288652,1.0
5871.84292087681,Seattle,Drizzle;Overcast;Showers;Mist,92.76767555237113,1.0
5873.48181310779,Seattle,Fog;Overcast;Mist,91.83837776185572,1.0
5877.12070533877,Seattle,Drizzle;Light Drizzle;Showers,98.25756664278363,1.0
5878.759597569749,Seattle,Drizzle;Light Drizzle;Showers,99.99999999999999,1.0
5881.875759793563,Seattle,Fog,98.95453998567018,1.0
5888.166165353099,Seattle,Mostly Cloudy;Mostly,58.33586557386587,1.0
5892.108084241191,Seattle,Overcast,76.5808111190721,1.0
5901.759597569749,Seattle,Mist/Light Rain Fog,95.5934322166495,1.0
5914.120705338769,Seattle,Mist/Fog,88.82575666427834,1.0
5921.643435345934,Seattle,Cloudy,58.858595581030784,1.0
5925.224246465007,Seattle,Cloudy,63.85859558103078,1.0
5930.224246465006,Seattle,Cloudy,71.39394668577309,1.0
5933.746976472171,Seattle,Cloudy,72.87121667860816,1.0
5942.805057584079,Seattle,Cloudy,66.85859558103078,1.0
5968.153544255522,Washington,Overcast,70.23232444762884,1.0
5973.560112038873,Washington,Overcast,64.94191888809279,1.0
5980.269706479337,Washington,A Few Clouds,52.04546001432981,1.0
6021.7015164578415,Washington,Clear;Sunny,51.39394668577309,1.0
6058.552515317274,Washington,Fair,42.149001140566845,1.0
6088.739379750574,Washington,Cloudy;Partly Cloudy;Scattered Clouds,40.62627113340193,1.0
6092.681298638665,Washington,Mostly Cloudy;Mainly Cloudy,40.33586557386587,1.0
6096.5651364148525,Washington,Cloudy,44.56819002149472,1.0
6097.623217526758,Washington,Cloudy,50.21970335005143,1.0
6114.6939197362435,Washington,Clear;Sunny,50.21970335005143,1.0
6120.100487519595,Washington,Sunny;Clear,37.70959444046393,1.0
6122.98432529578,Washington,Clear;Sunny,30.11616222381442,1.0
6137.668677541089,Washington,Clear,59.37372886659805,1.0
6140.191407548255,Washington,Clear,61.696973342886544,1.0
6152.365650883976,Washington,Overcast,54.94191888809277,1.0
6161.901001988717,Washington,Fair,61.29040555953606,1.0
6175.378271981554,Washington,Clear,39.742433357216356,1.0
6189.971704198202,Washington,Clear,51.452027797680294,1.0
6201.062624226862,Washington,Mainly Cloudy;Cloudy,42.18686443329902,1.0
6209.714137555419,Washington,Mainly Cloudy,37.82575666427835,1.0
6215.481813107789,Washington,Fair,45.5227300071649,1.0
6221.30756977207,Washington,Fair,47.52273000716491,1.0
6228.365650883976,Washington,Mostly Cloudy,45.9873789024226,1.0
6234.0752453244395,Washington,Mostly Cloudy,41.27778446195867,1.0
6239.9464620030485,Washington,Mostly Cloudy,54.464648895257696,1.0
6246.656056443511,Washington,Light Snow;Flurries;Snow,91.1994855308764,1.0
6252.539894219696,Washington,Cloudy;Light Snow;Overcast,91.08332330706197,1.0
6266.191407548252,Washington,Mostly Cloudy;Mainly Cloudy,63.606053314226905,1.0
6270.772218667326,Washington,Cloudy;Overcast,59.40656778335049,1.0
6271.8883808911405,Washington,Overcast,55.70959444046393,1.0
6279.48181310779,Washington,Mist/Light Snow Fog,89.32826885226824,1.0
6293.784839764904,Washington,Mainly Cloudy,76.44443107608267,1.0
6294.842920876809,Washington,Mostly Cloudy,67.90907997134036,1.0
6311.668677541089,Washington,Snow;Light Snow;Flurries,82.37372886659806,1.0
6314.07524532444,Washington,Snow;Light Snow;Light,77.89645887376297,1.0
6319.784839764904,Washington,Snow;Overcast,89.19948553087642,1.0
6327.0752453244395,Washington,Fog;Foggy;Light Freezing;Light Freezing Rain,96.2828088379384,1.0
6404.474216386192,Washington,Cloudy,75.6515133285567,1.0
6405.764621945728,Washington,Cloudy,77.90907997134035,1.0
6412.5322974981,Washington,Cloudy;Overcast,64.90907997134036,1.0
6416.474216386192,Washington,Cloudy;Overcast,72.7348366356187,1.0
6419.532297498098,Washington,Cloudy;Overcast,91.32826885226825,1.0
6455.44137746944,Washington,Cloudy;Light Rain,83.08332330706199,1.0
6457.777243043306,Washington,Cloudy;Light Rain,84.36110776902065,1.0
6459.299973050471,Washington,Rain;Light Rain,86.25756664278362,1.0
6489.499458581348,Washington,Freezing Rain;Overcast,65.53535110474229,1.0
6559.433780747841,Washington,Fog;Overcast,89.8055388451033,1.0
6561.363078538357,Washington,Fog;Overcast;Dense Fog,91.12878332139181,1.0
6615.155996285884,Washington,Clear,39.29040555953605,1.0
6619.039834062069,Washington,Cloudy;Sunny;Mostly Cloudy,43.63889223097933,1.0
6640.820130712018,Washington,Clear;Sunny,54.11616222381443,1.0
6663.600427361965,Washington,Clean,53.174243335721634,1.0
6669.310021802431,Washington,Fair,62.59343221664951,1.0
6678.251940690523,Washington,A Few Clouds,53.452027797680294,1.0
6679.310021802429,Washington,A Clouds,50.03283891675242,1.0
6680.368102914338,Washington,A Few Clouds,49.80051446912357,1.0
6682.065076257222,Washington,Few Clouds,43.883837776185565,1.0
6704.961535130987,Washington,Cloudy;Clear,43.92929779051539,1.0
6712.193859578615,Washington,Cloudy;Overcast,43.38132558819569,1.0
6720.729210683357,Washington,Light Snow;Snow,79.17424333572164,1.0
6730.239319592946,Washington,Cloudy;Overcast,50.9747578048452,1.0
6738.948914033409,Washington,Clear;Not totally Cloudy;Mostly Clear,54.97475780484521,1.0
6754.135778466708,Washington,Sunny;Clear,39.14900114056684,1.0
6778.683750669026,Washington,Mostly,62.0580811119072,1.0
6781.567588445214,Washington,Cloudy,58.59343221664952,1.0
6783.567588445213,Washington,Overcast,62.95453998567019,1.0
6788.916075116657,Washington,Partly Cloudy,47.80051446912358,1.0
6797.380724011915,Washington,Cloudy,63.012621097577394,1.0
6801.729210683357,Washington,Mostly Cloudy;Mainly Cloudy;Clear;Sunny,43.32324447628849,1.0
6816.554967347635,Washington,Clear;Mostly Clear;Partly,68.17424333572163,1.0
6819.613048459543,Washington,Mainly Cloudy;Partly Cloudy,73.59343221664949,1.0
6830.961535130987,Washington,Cloudy;Overcast,46.55556892391731,1.0
6833.426184026243,Washington,Cloudy,48.69697334288653,1.0
6841.658508473872,Washington,Partly Cloudy,69.69697334288652,1.0
6843.658508473874,Washington,Partly Cloudy,69.98737890242259,1.0
6846.890832921502,Washington,Partly Cloudy,72.69697334288652,1.0
6856.368102914336,Washington,Overcast,50.800514469123556,1.0
6858.484265138152,Washington,Overcast,42.149001140566845,1.0
6862.832751809595,Washington,Overcast,40.987378902422606,1.0
6875.006995145316,Washington,Light Snow;Snow;Flurries,92.36110776902065,1.0
6876.006995145316,Washington,Light Snow;Snow;Flurries,92.36110776902065,1.0
6882.587806264389,Washington,Light Snow;Flurries;Snow,91.08332330706197,1.0
6893.342860719183,Washington,Partly Cloudy;Not totally Cloudy;Not totally Sunny,68.60605331422691,1.0
6894.459022942999,Washington,Not totally Cloudy;Partly Sunny;Partly;Partly Cloudy,65.48989109041247,1.0
6918.181238481038,Washington,Mist/Fog,86.60605331422688,1.0
6926.35548181676,Washington,Mostly Cloudy,63.393946685773074,1.0
6937.355481816761,Washington,Not totally Cloudy;Partly Cloudy;Partly,88.18686443329901,1.0
6941.703968488202,Washington,Partly Sunny;Partly Cloudy;Cloudy;Scattered Clouds,74.40656778335045,1.0
6945.517104054905,Washington,Partly Cloudy;Mostly Cloudy;Not totally Cloudy;Scattered Clouds,57.70959444046394,1.0
6953.923671838254,Washington,Partly Cloudy;Cloudy;Clear,38.4394067001029,1.0
6967.446401845419,Washington,Partly Cloudy;Mostly Clear;Sunny;Mainly Sunny,73.69697334288652,1.0
6970.388320733512,Washington,Partly Cloudy;Clear;Not totally Cloudy,76.5808111190721,1.0
6972.330239621605,Washington,Mostly Cloudy;Mainly Cloudy;Mostly;Clear,73.75505445479374,1.0
6981.923671838254,Washington,Mostly Cloudy;Mainly Cloudy;Sunny,37.13638004298945,1.0
6985.749428502534,Washington,Clean,40.252542266803864,1.0
7001.820130712017,Washington,A Few Clouds,76.5808111190721,1.0
7003.575185166812,Washington,Not totally Cloudy,74.69697334288652,1.0
7012.214077397791,Washington,Cloudy,45.20708225247405,1.0
7017.794888516862,Washington,Partly Cloudy;Sunny;Not totally Cloudy,44.39394668577308,1.0
7022.7948885168635,Washington,Partly Cloudy;Mainly Sunny;Mostly Clear,58.767675552371145,1.0
7036.981752950161,Washington,Mostly Cloudy;Mainly Cloudy;Mostly,55.94191888809277,1.0
7041.097915173976,Washington,Mostly Cloudy;Mainly Cloudy;Sunny,38.62627113340193,1.0
7042.330239621607,Washington,Mainly Cloudy;Mostly Cloudy;Intermittent,36.74243335721636,1.0
7043.794888516864,Washington,Cloudy;Mostly Cloudy,35.219703350051454,1.0
7061.155996285885,Washington,Clear;Sunny,73.36110776902065,1.0
7067.562564069235,Washington,Mostly Cloudy;Mostly;Intermittent Clouds,76.76767555237114,1.0
7070.562564069233,Washington,Mostly Cloudy;Cloudy;Mainly Cloudy,57.75505445479375,1.0
7073.6206451811395,Washington,Mostly Cloudy;Mostly;Not totally Sunny,41.92929779051539,1.0
7074.678726293049,Washington,Not totally Cloudy;Scattered Clouds;Mostly Cloudy;Not totally Sunny;Mostly,40.974757804845204,1.0
7084.782267419286,Washington,Cloudy;Overcast,41.16162223814424,1.0
7089.840348531194,Washington,Not totally Cloudy;Cloudy;Partly Cloudy,69.23232444762884,1.0
7094.724186307379,Washington,Cloudy;Partly Cloudy,79.76767555237114,1.0
7110.188835202634,Washington,Mostly Cloudy,64.34848667144327,1.0
7112.246916314543,Washington,Few Clouds,69.0580811119072,1.0
7113.4211596502655,Washington,A Few Clouds,72.17424333572161,1.0
7129.6080240835645,Washington,Cloudy,39.381325588195686,1.0
7133.666105195472,Washington,Mostly Cloudy;Mostly;Mainly Cloudy,39.31062337871108,1.0
7167.0398340620695,Washington,Mainly Cloudy,53.9873789024226,1.0
7168.504482957325,Washington,Overcast,60.58081111907211,1.0
7181.923671838254,Washington,Partly Cloudy,40.20708225247405,1.0
7190.691347390626,Washington,Mostly Cloudy;Intermittent Clouds,32.07829893108224,1.0
7199.2266984953685,Washington,Cloudy,60.10354112623703,1.0
7200.923671838255,Washington,Cloudy,62.82575666427835,1.0
7205.097915173977,Washington,Cloudy,63.186864433299036,1.0
7207.039834062069,Washington,Cloudy,62.070702209484594,1.0
7217.749428502535,Washington,Mostly Cloudy;Mostly;Mainly Cloudy;Not totally Sunny,29.858595581030784,1.0
7219.214077397791,Washington,Mostly Cloudy;Sunny;Mainly Cloudy,30.277784461958664,1.0
7227.039834062068,Washington,Mostly Cloudy,61.01262109757739,1.0
7237.0398340620695,Washington,Overcast,65.70959444046393,1.0
7264.878211823925,Washington,Cloudy;Overcast,63.23232444762884,1.0
7269.645887376297,Washington,Mostly Cloudy;Cloudy,75.47726999283508,1.0
7276.529725152483,Washington,Partly Cloudy;Scattered Clouds;Mostly Clear,89.73483663561872,1.0
7282.529725152483,Washington,Not totally Cloudy;Cloudy;Partly Cloudy,90.79291774752592,1.0
7302.123157369132,Washington,Mainly Cloudy,76.07070220948461,1.0
7305.065076257224,Washington,Mainly Cloudy,76.41918888092788,1.0
7310.774670697687,Washington,Mainly Cloudy,76.24494554520624,1.0
7315.6585084738745,Washington,Fog,97.90907997134036,1.0
7316.774670697687,Washington,Fog,91.48989109041246,1.0
7329.193859578615,Washington,Lt Rain,85.54797220231968,1.0
7336.7872917952645,Washington,Light Rain;Rain;Cloudy,77.60605331422691,1.0
7350.974156228566,Washington,Cloudy;Overcast,79.31564775469083,1.0
7363.4514262214,Washington,Cloudy,80.31564775469084,1.0
7371.219101773773,Washington,Cloudy,91.31564775469081,1.0
7381.638290654697,Washington,Fog;Overcast;Mist,97.79291774752593,1.0
7382.98677732614,Washington,Fog;Overcast;Mist,97.50251218798988,1.0
7397.928696214233,Washington,Cloudy;Mostly Cloudy,85.0580811119072,1.0
7425.754452878512,Washington,Lt Rain,86.18686443329902,1.0
7438.464047318976,Washington,Cloudy;Overcast,66.72221553804133,1.0
7446.9741562285635,Washington,Light Rain;Light;Rain,91.7222155380413,1.0
7458.451426221398,Washington,Cloudy,92.47726999283506,1.0
7459.509507333308,Washington,Mostly Cloudy,92.30302665711342,1.0
7470.870615102326,Washington,Mostly Cloudy;Mainly Cloudy,79.29040555953605,1.0
7480.986777326141,Washington,Overcast,90.90907997134035,1.0
7493.4640473189775,Washington,Mostly Cloudy,95.31564775469083,1.0
7496.696371766606,Washington,Not totally Cloudy,88.82575666427834,1.0
7500.277182885677,Washington,Mostly Cloudy,85.99999999999999,1.0
7520.567588445214,Washington,Cloudy,92.0,1.0
7522.567588445214,Washington,Cloudy;Overcast,79.75505445479376,1.0
7527.322642900008,Washington,Cloudy;Overcast,87.59343221664949,1.0
7555.1610206618625,Washington,Rain,86.94191888809277,1.0
7567.161020661864,Washington,Cloudy;Light Rain;Rain;Showers,89.0707022094846,1.0
7572.928696214235,Washington,Rain;Severe Rain,85.66413442613411,1.0
7576.870615102328,Washington,Scattered Clouds;Showers;Mostly;Mainly Cloudy;Partly Cloudy;Mostly Cloudy;Cloudy,74.83837776185574,1.0
7584.464047318978,Washington,Cloudy,80.89645887376297,1.0
7617.883236199904,Washington,Overcast,81.5934322166495,1.0
7624.3478850951615,Washington,Mist/Fog,84.37372886659804,1.0
7628.289803983255,Washington,Mist/Fog,87.02524219515477,1.0
7642.522128430885,Washington,Mist/Light Drizzle Fog,96.47726999283506,1.0
7650.3478850951615,Washington,Partly Sunny;Scattered Clouds;Clear;Fair;Sunny,57.613650035824534,1.0
7660.767073976089,Washington,Clear,67.9747578048452,1.0
7663.522128430884,Washington,Clear,70.89645887376295,1.0
7686.186262857017,Washington,Clear,73.83837776185574,1.0
7697.393345109492,Washington,Cloudy;Overcast,88.23232444762881,1.0
7709.812533990419,Washington,Cloudy;Overcast,81.63889223097932,1.0
7717.928696214233,Washington,Rain;Light Rain,94.89645887376295,1.0
7724.81253399042,Washington,Rain;Light Rain,94.72221553804131,1.0
7732.277182885676,Washington,Cloudy;Overcast;Rain;Mist,99.0707022094846,1.0
7751.1610206618625,Washington,Mist/Light Rain Fog,90.03786329273215,1.0
7765.405966207069,Washington,Mist;Fog;Showers,93.27018774036101,1.0
7772.522128430885,Washington,Mist;Showers;Cloudy,94.78029664994854,1.0
7776.98677732614,Washington,Mist;Fog;Showers,90.42421325690762,1.0
7780.102939549955,Washington,Mist;Fog;Showers,94.31564775469083,1.0
7789.335263997586,Washington,Cloudy;Hazy,84.47726999283508,1.0
7802.928696214234,Washington,Mist/Light Drizzle Fog,91.83837776185572,1.0
7805.928696214233,Washington,Light Drizzle,95.43180997850527,1.0
7819.3478850951615,Washington,Mist/Fog,85.53535110474229,1.0
7821.81253399042,Washington,Mist/Fog,89.23232444762884,1.0
7834.115560647533,Washington,Rain;Light Rain,92.99999999999997,1.0
7843.7089928641835,Washington,Rain,96.23232444762883,1.0
7851.302425080831,Washington,Rain;Light,92.4646488952577,1.0
7852.418587304647,Washington,Rain;Light Rain,96.23232444762883,1.0
7864.070100633203,Washington,Mist/Light Rain Fog,90.90907997134035,1.0
7872.779695073667,Washington,Mist/Rain Fog,94.83837776185574,1.0
7877.128181745112,Washington,Mist/Light Rain Fog,95.99999999999999,1.0
7892.95393840939,Washington,Mostly Cloudy;Mainly Cloudy;Intermittent Clouds;Cloudy,77.69697334288654,1.0
7909.373127290318,Washington,Not totally Cloudy;Partly Cloudy;Mostly Clear,75.83837776185575,1.0
7918.966559506967,Washington,Haze;Fair;Hazy;Intermittent Clouds;Mostly Cloudy,80.83837776185575,1.0
7921.140802842689,Washington,Mostly;Fair;Hazy;Mainly Cloudy;Intermittent;Mostly Cloudy,81.30302665711345,1.0
7923.198883954595,Washington,Haze;Intermittent Clouds;Mostly Cloudy,81.41918888092788,1.0
7961.3983694854705,Washington,Mostly Cloudy,66.88383777618556,1.0
7978.863018380729,Washington,Clear;Mostly;Hazy,84.1287833213918,1.0
7981.979180604543,Washington,Fog;Partly Cloudy;Clear;Fog And Mist,84.78029664994853,1.0
7986.153423940267,Washington,Mostly Cloudy;Not totally Cloudy;Fog And Mist;Mainly Cloudy;Intermittent Clouds;Partly,80.19948553087643,1.0
7994.302425080834,Washington,Not totally Cloudy;Partly Cloudy;Scattered Clouds;Cloudy;Mainly Sunny,61.303026657113435,1.0
7997.509507333308,Washington,Partly Cloudy;Cloudy;Mostly Sunny;Mostly Cloudy;Scattered;Scattered Clouds,65.43180997850527,1.0
8010.613048459543,Washington,Partly Cloudy;Partly;Clouds,74.79291774752593,1.0
8022.148399564287,Washington,Haze;Partly Cloudy;Mostly Cloudy,79.50251218798988,1.0
8027.090318452379,Washington,Haze;Partly Sunny;Cloudy,76.90907997134036,1.0
8029.974156228565,Washington,Not totally Cloudy;Partly Sunny;Partly Cloudy,63.128783321391815,1.0
8035.729210683357,Washington,Partly Cloudy;Partly Sunny;Not totally Cloudy,70.6641344261341,1.0
8045.438805123821,Washington,Not totally Cloudy;Mostly;Cloudy,74.73483663561872,1.0
8052.206480676193,Washington,Haze;Cloudy;Mostly Cloudy,74.27018774036102,1.0
8055.7872917952645,Washington,Mostly Cloudy,61,1.0
8057.7872917952645,Washington,A Few Clouds,71.36110776902065,1.0
8060.368102914336,Washington,A Few Clouds,71.01262109757738,1.0
8061.8908329215,Washington,A Few,76.07070220948461,1.0
8067.413562928666,Washington,Partly Cloudy,79.44443107608267,1.0
8070.168617383461,Washington,A Few Clouds,75.43180997850527,1.0
8083.878211823924,Washington,Mostly Cloudy;Cloudy;Mainly Cloudy,70.31564775469083,1.0
8095.703968488203,Washington,Haze;Partly Cloudy;Fair;Hazy,79.44443107608267,1.0
8097.93629293583,Washington,Cloudy;Haze,77.96716108324757,1.0
8105.820130712018,Washington,Haze;Intermittent Clouds;Mostly Cloudy,79.96716108324757,1.0
8112.820130712017,Washington,Mostly Cloudy;Mainly Cloudy,62.896458873762974,1.0
8128.239319592945,Washington,Haze,77.6767555237115,1.0
8131.355481816761,Washington,Overcast,72.83837776185574,1.0
8142.123157369132,Washington,Mostly Cloudy,65.68435224530916,1.0
8150.948914033408,Washington,Mostly Cloudy,77.92929779051539,1.0
8164.006995145315,Washington,Cloudy;Haze;Partly Cloudy,81.95453998567017,1.0
8168.948914033408,Washington,Cloudy;Haze;Mainly Cloudy,75.95453998567018,1.0
8173.716589585782,Washington,Cloudy;Mostly Cloudy,66.36110776902066,1.0
8181.71658958578,Washington,Mostly Cloudy,75.98737890242258,1.0
8186.355481816761,Washington,Overcast,78.05808111190719,1.0
8201.484265138151,Washington,Overcast,73.76767555237113,1.0
8209.065076257224,Washington,Cloudy;Mostly;Overcast,88.70959444046393,1.0
8224.251940690523,Washington,Mostly Cloudy;Cloudy;Mainly Cloudy,66.75505445479375,1.0
8253.799912892842,Washington,Mostly Cloudy;Mainly Cloudy,82.52273000716491,1.0
8255.148399564287,Washington,Mostly Cloudy;Cloudy,83.04546001432982,1.0
8261.736807404955,Washington,Mostly Cloudy;Mainly Cloudy,79.76767555237114,1.0
8295.703968488202,Washington,Light Rain;Showers;Cloudy,64.92929779051539,1.0
8297.994374047736,Washington,Light Rain;Showers,87.72221553804133,1.0
8299.16861738346,Washington,Cloudy;Rain;Overcast,91.0126210975774,1.0
8302.168617383462,Washington,Rain;Cloudy;Overcast,88.34848667144324,1.0
8309.0852940764,Washington,Partly Cloudy;Mostly Cloudy;Not totally Cloudy,95.36110776902066,1.0
8315.736807404955,Washington,Partly Cloudy;Mostly Cloudy,92.53535110474229,1.0
8316.736807404955,Washington,Mostly Cloudy;Mostly;Mainly Cloudy,92.7095944404639,1.0
8325.188835202636,Washington,Mostly Cloudy;Cloudy,81.07070220948461,1.0
8330.428756371863,Washington,Mostly Cloudy;Mostly;Not totally Cloudy,82.63889223097934,1.0
8332.370675259956,Washington,Partly;Partly Sunny;Scattered Clouds,77.87121667860818,1.0
8336.565136414853,Washington,Partly Cloudy;Scattered Clouds;Partly,70.08332330706197,1.0
8340.565136414853,Washington,Partly Cloudy;Partly,86.32826885226822,1.0
8342.842920876812,Washington,Partly Cloudy;Not totally Cloudy;Cloudy,86.96716108324756,1.0
8347.06262422686,Washington,Partly Cloudy;Not totally Cloudy,90.6767555237115,1.0
8377.552515317275,Washington,Mostly Cloudy;Mainly Cloudy;Mostly,80.89645887376297,1.0
8379.017164212533,Washington,Not totally Cloudy;Mostly Cloudy;Cloudy;Mostly,80.25756664278363,1.0
8381.901001988717,Washington,Mostly Cloudy;Cloudy;Intermittent Clouds,82.85099885943313,1.0
8414.926244183871,Washington,Cloudy,65.89645887376295,1.0
8415.926244183873,Washington,Cloudy,61.89645887376295,1.0
8442.752000848152,Washington,Cloudy;Mainly Cloudy,77.85099885943315,1.0
8444.100487519594,Washington,Cloudy,74.90907997134036,1.0
8477.590378610006,Washington,Mostly Cloudy;Mainly Cloudy,79.94191888809279,1.0
8479.938865281449,Washington,Cloudy;Overcast,80.08332330706199,1.0
8483.287351952893,Washington,Mostly Cloudy;Cloudy,81.25756664278363,1.0
8486.100487519592,Washington,Mostly Cloudy;Mostly,85.03786329273215,1.0
8488.552515317273,Washington,Mostly Cloudy;Not totally Cloudy;Partly,87.43180997850526,1.0
8547.125729714748,Washington,Cloudy;Mostly Cloudy,91.02524219515476,1.0
8576.441377469439,Washington,Mostly Cloudy;Cloudy,91.31564775469081,1.0
8588.034809686089,Washington,Cloudy,59.18686443329902,1.0
8589.441377469439,Washington,Mostly Cloudy,60.23232444762884,1.0
8592.499458581346,Washington,Mostly,58.89645887376297,1.0
8595.254513036141,Washington,Mainly Cloudy,60.46464889525769,1.0
8602.022188588511,Washington,Mostly,85.30302665711343,1.0
8675.188835202633,Washington,Partly Cloudy;Mainly Cloudy;Partly Sunny;Cloudy,75.08332330706199,1.0
8680.956510755008,Washington,Cloudy;Mostly,51.767675552371145,1.0
8685.188835202638,Washington,Cloudy,79.36110776902066,1.0
8692.840348531192,Washington,Cloudy;Not totally Cloudy,91.60605331422688,1.0
8699.608024083564,Washington,Clear;Cloudy,88.01262109757738,1.0
8704.898429643097,Washington,Mainly Cloudy,70.6641344261341,1.0
8720.0852940764,Washington,Fair,86.1540255165466,1.0
8725.969131852584,Washington,Cloudy;Overcast,50.36110776902067,1.0
8741.736807404954,Washington,Cloudy;Mainly Cloudy;Scattered Clouds,82.63889223097934,1.0
8750.272158509699,Washington,Cloudy;Overcast,86.40656778335048,1.0
8754.388320733513,Washington,Cloudy;Overcast,70.39394668577307,1.0
8792.645887376295,Washington,Cloudy,79.41918888092786,1.0
8796.471644040575,Washington,Partly Cloudy;Cloudy;Not totally Cloudy,91.48989109041246,1.0
8805.459022942996,Washington,Partly Cloudy;Not totally Cloudy,92.7095944404639,1.0
8806.865590726347,Washington,Clear;Mist;Not totally Cloudy,97.79291774752593,1.0
8810.330239621604,Washington,Cloudy;Mainly Cloudy,92.76767555237113,1.0
8817.155996285881,Washington,Not totally Cloudy;Partly;Cloudy,59.87121667860818,1.0
8838.99437404774,Washington,Mostly,93.79291774752593,1.0
8846.052455159646,Washington,Partly,60.48989109041247,1.0
8852.459022942998,Washington,Fair,50.393946685773074,1.0
8859.226698495368,Washington,Mostly Cloudy;Cloudy;Mainly Cloudy,71.29040555953605,1.0
8881.006995145317,Washington,Cloudy,86.18686443329902,1.0
8883.471644040572,Washington,Cloudy;Scattered Clouds;Mostly Cloudy;Mainly Cloudy,83.92170106891774,1.0
8889.355481816761,Washington,Clear;Cloudy,84.09594440463938,1.0
8893.16861738346,Washington,Mostly Cloudy;Cloudy;Fog,92.01262109757737,1.0
8894.16861738346,Washington,Cloudy;Partly;Scattered Clouds;Partly Cloudy,86.24494554520624,1.0
8909.703968488204,Washington,Overcast,74.08332330706197,1.0
8912.820130712018,Washington,Overcast,74.08332330706197,1.0
8915.936292935832,Washington,Mostly Cloudy,84.43180997850526,1.0
8924.342860719182,Washington,Fair,87.08332330706199,1.0
8941.529725152483,Washington,Cloudy,76.56059329989709,1.0
8954.774670697689,Washington,Light Rain;Showers,89.63129550938167,1.0
8957.658508473873,Washington,Cloudy;Light;Light Rain,83.92170106891774,1.0
8965.297400704852,Washington,Light Rain;Rain,86.24494554520624,1.0
8968.471644040574,Washington,Cloudy;Overcast,86.41918888092788,1.0
8973.355481816758,Washington,Cloudy;Overcast,90.90907997134035,1.0
8997.0776973548,Washington,Mostly Cloudy;Mainly Cloudy;Cloudy,73.96716108324756,1.0
9011.264561788099,Washington,Cloudy;Mainly Cloudy,84.21210662845381,1.0
9017.438805123822,Washington,Mostly Cloudy,74.85099885943315,1.0
9020.554967347636,Washington,Overcast,85.01262109757738,1.0
9030.2645617881,Washington,Rain,85.65151332855672,1.0
9036.787291795263,Washington,Cloudy,87.54797220231968,1.0
9038.787291795265,Washington,Cloudy,85.95453998567017,1.0
9046.380724011913,Washington,Cloudy;Light Rain;Overcast,85.18686443329902,1.0
9053.961535130986,Washington,Light Rain;Showers,84.09594440463938,1.0
9065.49688623573,Washington,Partly Cloudy;Mostly Cloudy;Not totally Cloudy;Clouds,84.03786329273217,1.0
9082.600427361967,Washington,Overcast,84.08332330706199,1.0
9109.974156228565,Washington,Mostly Cloudy;Mainly Cloudy;Intermittent,65.6515133285567,1.0
9111.72921068336,Washington,Not totally Cloudy;Scattered Clouds;Intermittent Clouds;Partly Cloudy,69.08332330706199,1.0
9117.903454019077,Washington,Mostly Cloudy;Mainly Cloudy,73.27018774036102,1.0
9124.077697354804,Washington,Cloudy;Light Rain,85.37372886659804,1.0
9135.43880512382,Washington,Light Rain;Showers,91.2575666427836,1.0
9138.496886235731,Washington,Mostly Cloudy,61.17424333572163,1.0
9139.554967347638,Washington,Mainly Cloudy,61.11616222381442,1.0
9155.264561788099,Washington,Partly Cloudy,82.63129550938169,1.0
9166.625669557121,Washington,Partly Cloudy;Scattered Clouds;Clear,41.244945545206235,1.0
9179.335263997586,Washington,Cloudy;Overcast,39.39394668577308,1.0
9182.741831780935,Washington,Cloudy;Overcast,36.80051446912357,1.0
9191.019616242895,Washington,Clear;Overcast;Partly Cloudy;Scattered Clouds,44.16162223814423,1.0
9196.019616242893,Washington,Partly Cloudy;Overcast,58.103541126237026,1.0
9208.67112957145,Washington,Mostly Cloudy;Mostly;Sunny;Intermittent Clouds,49.61365003582455,1.0
9212.787291795265,Washington,Cloudy;Overcast,41.19446115489666,1.0
9238.438805123824,Washington,Mainly Cloudy,50.62627113340193,1.0
9258.393345109493,Washington,Cloudy;Overcast,40.26516336438126,1.0
9265.335263997586,Washington,Cloudy;Overcast,44.03283891675242,1.0
9271.277182885677,Washington,Snow;Light Rain,80.21970335005146,1.0
9276.044858438048,Washington,Snow;Light Rain;Light,74.16162223814423,1.0
9280.567588445214,Washington,Snow;Light Snow;Light Rain,79.4646488952577,1.0
9308.347885095161,Washington,Sunny;Clear,33.787893371546176,1.0
9311.102939549957,Washington,Sunny;Clear;Overcast,32.96213670726782,1.0
9313.741831780935,Washington,Cloudy;Light Rain;Mainly Cloudy,63.16162223814423,1.0
9320.79991289284,Washington,Cloudy;Overcast,63.80051446912356,1.0
9351.580209542793,Washington,Fair,56.671731147731755,1.0
9369.534749528462,Washington,Mostly Cloudy;Mainly Cloudy;Light Rain,70.80051446912356,1.0
9376.999398423719,Washington,Cloudy;Overcast,74.63889223097931,1.0
9379.567588445212,Washington,Cloudy;Overcast,70.0454600143298,1.0
9392.567588445214,Washington,Mostly,35.97475780484521,1.0
9402.39334510949,Washington,Mostly,67.56819002149471,1.0
9404.03223734047,Washington,Mostly Cloudy,70.39394668577307,1.0
9406.916075116658,Washington,Mostly Cloudy,76.0454600143298,1.0
9438.696371766604,Washington,Overcast;Light Snow;Flurries;Cloudy,84.65151332855672,1.0
9440.21910177377,Washington,Cloudy;Overcast,86.40656778335048,1.0
9443.799912892842,Washington,Fog;Overcast;Mist;Light Fog;Fog And Mist,87.58081111907211,1.0
9444.916075116656,Washington,Fog;Light Fog;Fog And Mist;Light Snow;Scattered Clouds;Light Snow Mist,87.11616222381441,1.0
9446.03223734047,Washington,Fog;Cloudy;Overcast;Mostly Cloudy;Mainly Cloudy,85.0580811119072,1.0
9448.135778466709,Washington,Cloudy;Haze;Overcast,78.81313556670095,1.0
9453.90345401908,Washington,Cloudy;Overcast;Light,62.98737890242259,1.0
9471.09031845238,Washington,Mist/Fog,85.17424333572163,1.0
447.30788499259523,Austin,Rain,93.75799718,1.0
450.8306149997602,Austin,Rain,95.35747527,1.0
455.88869611166734,Austin,Rain,99.85597987,1.0
458.94677722357466,Austin,Cloudy,80.03415066,1.0
470.71445277594574,Austin,Cloudy,81.48832604,1.0
478.3407239093477,Austin,Cloudy,79.31755889,1.0
482.4568861331622,Austin,Cloudy,79.35060168,1.0
485.5149672450693,Austin,Cloudy,85.39001802,1.0
487.27002169986304,Austin,Cloudy,87.01744313,1.0
491.5023461474919,Austin,Cloudy,91.90191549,1.0
498.7346705951208,Austin,Cloudy,82.5142044,1.0
508.2700216998631,Austin,Overcast,84.18186327329609,1.0
538.8634539165125,Austin,Cloudy,68.03302461,1.0
551.6311294688837,Austin,Sunny,67.23131057,1.0
559.9215350284197,Austin,Sunny,58.41671257,1.0
577.3407239093476,Austin,Cloudy,85.94285724,1.0
579.6311294688838,Austin,Cloudy,93.08269049,1.0
592.2826427974405,Austin,Cloudy,78.88021894,1.0
597.1538594760486,Austin,Rain,93.34047688,1.0
602.7346705951207,Austin,Cloudy,100.8980354,1.0
605.0250761546569,Austin,Rain,100,1.0
615.6185083713062,Austin,Cloudy;Fog;Fog And Mist;Light Rain;Light Rain Mist,100.2930165,1.0
622.3861839236775,Austin,Mist/Fog,92.79019061352838,1.0
652.1083994617188,Austin,Fog,101.5545108,1.0
656.6892105807909,Austin,Fog,93.29876588,1.0
696.4240472164097,Austin,Mist/Fog,87.12903737400524,1.0
700.062939447389,Austin,Mist/Fog,86.15103713445218,1.0
703.0048583354817,Baltimore,Overcast with Haze,80.31300165374013,1.0
705.6437505664611,Austin,Cloudy,72.88036911,1.0
719.4114261188323,Austin,Rain,87.18640074,1.0
721.7599127902756,Austin,Rain,91.09180308,1.0
726.5275883426468,Austin,Rain,95.49626495,1.0
747.9467772235746,Baltimore,Overcast,80.60563577912673,1.0
759.772533887853,Baltimore,Mist/Light Rain Fog,93.42149592743654,1.0
760.9467772235746,Baltimore,Mist/Light Rain Fog,90.33334747262843,1.0
770.3533450069251,Baltimore,Mostly,40.67747431,1.0
788.2952638950178,Baltimore,Sunny,55.40255826,1.0
820.9013172092447,Baltimore,Fair,45.19783599294252,1.0
826.668992761616,Baltimore,A Few Clouds,58.378166902283326,1.0
841.8558571949148,Baltimore,Overcast,42.684972260121626,1.0
852.6563716640385,Baltimore,Cloudy,38.3308859,1.0
854.5856694545539,Baltimore,Cloudy,33.73097975,1.0
873.5982905521312,Baltimore,Snow,79.06439852,1.0
886.0755605449664,Baltimore,Light,84.64079234,1.0
906.2043438663583,Baltimore,Sunny,30.56148757,1.0
910.9720194187292,Baltimore,Sunny,37.31493247,1.0
926.7396949711006,Baltimore,Sunny,55.1371074,1.0
939.6816138591932,Charlotte,Mainly Cloudy,66.38380980976228,1.0
941.8558571949148,Charlotte,Partly Cloudy,61.056268363998804,1.0
959.9265594043995,Baltimore,Partly,55.0290948,1.0
970.5780727329561,Baltimore,Cloudy,81.02426291,1.0
977.7523160686778,Baltimore,Cloudy,80.90692207,1.0
994.1715049496056,Charlotte,Mostly Cloudy,62.239294749451034,1.0
1006.5906938305336,Charlotte,Overcast,70.80028960211156,1.0
1039.6740171375955,Baltimore,Cloudy,82.60452118,1.0
1050.1512871304305,Charlotte,Light Snow,78.63037597524915,1.0
1063.3962326756368,Charlotte,Mist/Fog,84.12149900133296,1.0
1083.4669348851214,Boston,Sunny,42,1.0
1086.4088537732143,Boston,Sunny,37.96346927,1.0
1092.873502668472,Boston,Mostly Sunny;Partly Cloudy,26.12663412,1.0
1098.2800704518224,Boston,Sunny,35.81839774,1.0
1106.873502668472,Boston,Cloudy,40,1.0
1109.2219893399154,Boston,Cloudy,44.45064639,1.0
1111.5123948994515,Boston,Mostly Cloudy;Mostly,44,1.0
1115.2674493542452,Boston,Sunny,48,1.0
1122.977043794709,Boston,Not totally Cloudy;Partly Sunny,36.19981079,1.0
1131.1512871304308,Boston,Partly Cloudy;Mainly Sunny;Mostly Clear,28.50807956,1.0
1168.4088537732146,Boston,Sunny,31,1.0
1171.9896648922866,Boston,Sunny,36,1.0
1183.583097108936,Boston,Scattered Clouds;Mostly Cloudy;Cloudy;Partly,40.20893997,1.0
1193.2926915494,Boston,Cloudy,38,1.0
1205.0603671017711,Boston,Cloudy,44.98739484,1.0
1210.9442048779565,Boston,Not totally Sunny;Scattered Clouds;Not totally Cloudy,37.79077173,1.0
1213.7573404446578,Boston,Partly Cloudy;Scattered Clouds;Partly,35,1.0
1226.4088537732143,Boston,Cloudy,58,1.0
1229.2219893399154,Boston,Cloudy,56,1.0
1237.6159360256886,Boston,Sunny,63,1.0
1240.4997738018737,Boston,Sunny,65,1.0
1268.873502668472,Boston,Partly Sunny;Partly;Scattered Clouds,58,1.0
1276.6159360256881,Chicago,Not totally Cloudy;Partly Cloudy;Mostly Clear,32.937954209880715,1.0
1282.3836115780596,Chicago,Overcast;Cloudy,45.935428329990984,1.0
1287.1512871304305,Chicago,Not totally Cloudy;Partly Cloudy,50.405275437475105,1.0
1291.0932060185235,Chicago,Partly Cloudy;Not totally Cloudy,56.421030052652235,1.0
1297.977043794709,Chicago,Cloudy;Overcast,43.7209693821614,1.0
1344.537637094606,Chicago,Cloudy,67.25690351792109,1.0
1394.5174192754307,Charlotte,Cloudy;Overcast,51.258632021764846,1.0
1398.6916626111527,Charlotte,Partly Cloudy;Scattered Clouds;Mostly Clear,43.34385744780465,1.0
1428.8911481420294,Charlotte,Partly Cloudy;Scattered Clouds;Mist;Cloudy,93.2678687323565,1.0
1431.8330670301218,Columbus,Mostly Cloudy;Intermittent;Mist;Fog And Mist,95.8945527752898,1.0
1432.8330670301218,Columbus,Mostly Cloudy;Mainly Cloudy,91.62761729769218,1.0
1442.4845803586786,Charlotte,Not totally Cloudy;Partly Cloudy;Mostly Sunny;Sunny,44.71121709453794,1.0
1501.8835514204316,Charlotte,Cloudy,81.2896277946209,1.0
1507.7093080847098,Charlotte,Cloudy,78.99997882876495,1.0
1512.3936603300185,Charlotte,Partly Cloudy;Cloudy;Scattered,73.47262277405898,1.0
1513.3936603300185,Charlotte,Partly Cloudy;Not totally Cloudy,76.27734218604704,1.0
1515.451741441926,Charlotte,Partly Cloudy;Not totally Cloudy,78.64145756943601,1.0
1537.2648770086273,Charlotte,Sunny;Mainly Sunny;Fair;Partly Cloudy;Partly,51.42768759670045,1.0
1542.9744714490912,Charlotte,Clear,68.76940169117992,1.0
1581.2774981062046,Columbus,Mostly Cloudy;Mainly Cloudy;Intermittent Clouds,68.26663281596895,1.0
1583.2194169942973,Charlotte,Partly Cloudy;Mainly Sunny;Mostly Clear,48.946426434638305,1.0
1596.5552825681632,Charlotte,Cloudy,67.97244488977873,1.0
1612.684065889555,Columbus,Drizzle;Light Drizzle;Showers,94.11610754226393,1.0
1651.476983637081,Charlotte,Fog;Overcast;Mist;Light Fog,92.73460873486067,1.0
1653.4769836370808,Charlotte,Fog;Overcast;Mist,91.64719824405002,1.0
1661.0704158537305,Charlotte,Fog,97.41613179012525,1.0
1667.4972014562559,Charlotte,Fog,98.41407576035947,1.0
1671.181553701565,Charlotte,Fog,99.38839114740148,1.0
1672.8204459325443,Charlotte,Fog;Overcast;Mist,97.68792794634724,1.0
1716.20679589672,Chicago,Cloudy;Mostly Cloudy;Mostly,57.08002469428092,1.0
1718.2648770086273,Chicago,Cloudy;Mostly Cloudy;Mainly Cloudy,55.91245660763288,1.0
1724.0325525609983,Chicago,Mostly Cloudy;Mostly,46.83676274352307,1.0
1728.20679589672,Chicago,Cloudy;Mostly Cloudy;Partly Sunny,61.696717400145474,1.0
1738.330554842132,Chicago,Mainly Sunny;Partly Cloudy;Not totally Cloudy,59.183186909427576,1.0
1742.4467170659468,Chicago,Partly Cloudy;Partly;Mostly Clear;Scattered,62.19211333043301,1.0
1747.3886359540393,Chicago,Cloudy;Overcast,64.53261060518801,1.0
1751.620960401668,Chicago,Cloudy,62.60417148425359,1.0
1752.969447073111,Chicago,Cloudy,63.27317601153662,1.0
1765.5047981778537,Chicago,Cloudy;Haze,54.98805790681244,1.0
1768.3179337445547,Dallas,A Few Clouds,61.77373293861479,1.0
1770.5502581921835,Dallas,Clean,64.19804340204172,1.0
1777.1310693112557,Dallas,Partly Cloudy,66.02866401453818,1.0
1778.5957182065133,Dallas,Partly Cloudy,66.46032410809516,1.0
1779.769961542235,Dallas,A Few Clouds,68.03269776147248,1.0
1788.6866382351727,Dallas,Overcast,63.18453875213716,1.0
1803.0477460041936,Chicago,Mostly Cloudy;Cloudy;Mostly,64.25841973259301,1.0
1825.176529325585,Chicago,Partly Cloudy;Scattered Clouds;Not totally Cloudy,56.25004488324405,1.0
1829.9442048779563,Chicago,Mostly Cloudy;Partly;Intermittent Clouds;Partly Cloudy,64.93459362518803,1.0
1839.537637094606,Chicago,Cloudy;Overcast,73.42763216161363,1.0
1842.769961542235,Chicago,Cloudy;Mostly Cloudy;Mainly Cloudy,71.12835144660798,1.0
1848.8154215565646,Chicago,Mostly Cloudy;Mainly Cloudy,77.6013363054565,1.0
1853.931583780379,Chicago,Partly Cloudy;Mostly;Not totally Cloudy;Mostly Sunny,72.97991717572282,1.0
1875.0022859898636,Denver,Haze;Partly Cloudy;Hazy,72.3653249830267,1.0
1877.2926915493997,Denver,Cloudy;Haze,76.65326867106964,1.0
1888.0477460041936,Denver,Overcast,72.66502066389839,1.0
1899.4669348851216,Denver,Overcast with Haze,78.7217378957887,1.0
1905.4669348851214,Denver,Overcast with Haze,78.24819330503112,1.0
1909.4088537732143,Chicago,Partly Cloudy;Cloudy;Partly;Partly Sunny,61.91477109128122,1.0
1922.6537993184206,Chicago,Snow;Flurries;Light Snow;Light,91.54165609050555,1.0
1939.595718206513,Chicago,Cloudy;Haze,75.30664444858968,1.0
1943.537637094606,Denver,Overcast Haze,63.91580906956014,1.0
1980.4467170659466,Chicago,Cloudy;Haze,79.80919944671479,1.0
1991.2724737302244,Chicago,Cloudy;Haze,81.14081200846165,1.0
2004.5628792897608,Denver,Mist/Light Snow Fog,84.70264190555572,1.0
2008.2017715207403,Denver,Light Snow,79.35484965067,1.0
2017.7952037373896,Denver,Overcast with Haze,81.81009540265325,1.0
2022.911365961204,Denver,Overcast with Haze,81.72610242284988,1.0
2044.74974372306,Denver,Cloudy;Overcast;Sunny,54.04718301487937,1.0
2047.8659059468744,Denver,Sunny;Cloudy;Clean;Mostly Cloudy,50.84193182823508,1.0
2065.330554842132,Denver,Sunny;Cloudy;Fair;Mostly Cloudy,73.44301123580534,1.0
2068.0856092969257,Detroit,Partly Cloudy;Sunny;Mostly Clear,79.62711620304295,1.0
2075.9694470731115,Detroit,Haze;Hazy;Sunny,74.94169652645351,1.0
2077.0856092969257,Detroit,Haze;Fair;Hazy;Intermittent Clouds,75.16208860068002,1.0
2081.434095968369,Detroit,Clear;Mostly Cloudy;Fair;Cloudy,57.94519111308476,1.0
2086.492177080276,Detroit,Mostly Cloudy;Cloudy;Clear,47.68841508885182,1.0
2119.575500387338,Detroit,Cloudy;Overcast,55.35315161150132,1.0
2129.4593381635236,Detroit,Cloudy;Clear,59.148061253552555,1.0
2136.4593381635236,Detroit,Cloudy;Overcast,59.283022874353826,1.0
2150.34317593971,Detroit,Clear;Mostly Clear;Fair,57.30066809973527,1.0
2156.9239870587808,Detroit,Partly Cloudy;Clear;Sunny,74.60761663306474,1.0
2174.620960401668,Detroit,Clear;Sunny;Partly;Fair,60.385453924162846,1.0
2179.3886359540393,Detroit,Sunny,44.981833501839574,1.0
2186.330554842132,Detroit,Cloudy;Overcast,73.65830966006888,1.0
2187.620960401668,Detroit,Cloudy;Overcast,74.39976226714059,1.0
2189.2598526326474,Detroit,Cloudy;Scattered Clouds,81.05070878523065,1.0
2232.7623648206372,Detroit,Cloudy;Overcast,67.41150768315353,1.0
2299.696686987132,Detroit,Cloudy;Snow;Light Snow,74.61639523273558,1.0
2303.4517414419256,Detroit,Light Snow;Cloudy;Overcast,81.55129878341371,1.0
2353.1284969656376,Dallas,Light Rain;Rain,89.49821053038019,1.0
2367.0704158537305,Dallas,Cloudy;Mostly Cloudy,69.10041188326342,1.0
2385.141118063215,Dallas,Cloudy;Mostly Cloudy,87.80223763958024,1.0
2387.4315236227512,Dallas,Cloudy;Haze,80.70592615886301,1.0
2389.605766958473,Dallas,Cloudy;Haze,76.1674499128922,1.0
2395.07041585373,Dallas,Cloudy,67.64433384344798,1.0
2411.3153613989366,Detroit,Mist/Fog,85.36687421954773,1.0
2422.2446591894522,El Paso,Overcast with Haze,76.87773331452969,1.0
2427.2320380918745,El Paso,Overcast,66.45591301072116,1.0
2437.9997136442457,Dallas,Cloudy;Overcast,74.20279918269856,1.0
2442.11587586806,Dallas,Cloudy;Overcast,75.55446206855837,1.0
2451.825470308525,Dallas,Cloudy;Overcast,74.9891572175493,1.0
2453.9416325323386,Dallas,Cloudy;Overcast,72.88316139970108,1.0
2475.4062814275962,Dallas,Cloudy;Overcast,77.68530659822804,1.0
2479.2901192037816,Dallas,Cloudy;Overcast,78.50984954163401,1.0
2481.2901192037816,Dallas,Cloudy;Overcast,82.78531665528217,1.0
2500.535064748988,Dallas,Cloudy;Overcast,74.54144716866249,1.0
2508.0451736585755,El Paso,Rain;Light Rain;Light,84.43366494354677,1.0
2520.4517414419265,El Paso,Mist/Fog,82.45194218143091,1.0
2536.870930322854,El Paso,Mist/Light Rain Fog,91.47546837148563,1.0
2538.812849210947,Dallas,Light Rain;Rain;Cloudy,84.51924077701601,1.0
2540.509822553833,El Paso,Light Rain;Rain,85.13739196582232,1.0
2542.032552560998,El Paso,Overcast;Cloudy,87.48245946273474,1.0
2544.9163903371837,El Paso,Cloudy,69.86032014857828,1.0
2549.8002281133695,El Paso,Cloudy,79.12625507791371,1.0
2552.6588236944,El Paso,Cloudy;Haze,81.98634690195114,1.0
2581.9163903371837,Fort Worth,Overcast with Haze,82.89390033205311,1.0
2590.5679036657402,Fort Worth,Overcast Haze,82.69138411447913,1.0
2603.812849210947,Fort Worth,Cloudy,58.79172571966166,1.0
2604.8128492109468,Fort Worth,Mostly,55.88238491813378,1.0
2608.638605875225,Fort Worth,Cloudy;Mostly Cloudy,64.34746024389769,1.0
2638.1865780775447,Fort Worth,Mostly,61.204322696906445,1.0
2647.70930808471,Fort Worth,Overcast,85.79582828665473,1.0
