entity,Domain,Conditions,Humidity,day
2093.97574955306,Fort Worth,Mostly Cloudy,86.4066500464334,1.0
2096.9757495530603,Fort Worth,Overcast,82.6390215015382,1.0
2117.046263732641,Fort Worth,Fog;Partly Cloudy;Not totally Cloudy;Scattered Clouds,92.12202861767118,1.0
2137.0005921846696,Fort Worth,Partly Cloudy;Mostly Cloudy,77.74621431776572,1.0
2141.4653350948793,Fort Worth,Partly Cloudy;Clear;Clean;Sunny;Intermittent Clouds,74.90309094306694,1.0
2142.7557994137596,Fort Worth,Partly Cloudy;Clear,76.52654889452737,1.0
2150.523427958655,Fort Worth,Partly;Partly Cloudy;Partly Sunny,50.55014884448122,1.0
2173.3034778193546,Fort Worth,Mist/Fog,91.59334995356659,1.0
2177.129199228026,Fort Worth,A Few Clouds,70.0456715479716,1.0
2185.838734909145,Fort Worth,A Few,28.95031473678158,1.0
2188.1291992280258,Fort Worth,A Few Clouds,26.369386099019582,1.0
2191.53584927446,Fort Worth,Not totally Cloudy,26.601757554124383,1.0
2198.0462637326405,Fort Worth,Mostly Clear;Partly;Mainly Sunny,33.6094939729356,1.0
2202.5690995066266,Fort Worth,Clear;Sunny,43.372687837917205,1.0
2219.988170868865,Fort Worth,Not totally Cloudy;Mostly Cloudy;Clear;Mostly;Partly Cloudy,31.721832502938632,1.0
2225.743378097955,Fort Worth,Mostly Cloudy;Sunny,26.96435781885102,1.0
2228.685285234179,Fort Worth,Partly Cloudy;Cloudy;Mostly Cloudy;Clear,51.13681958125755,1.0
2236.0338424168363,Fort Worth,Mainly Cloudy;Partly Cloudy;Mostly Cloudy;Mostly Clear,58.874795727364464,1.0
2265.465335094879,Houston,Cloudy,51.05370718749882,1.0
2271.407242231102,Houston,Cloudy,83.39586254633119,1.0
2285.652035002012,Houston,Overcast,59.49799314237659,1.0
2291.9424993208936,Houston,Overcast,85.87139295664299,1.0
2310.245384955578,Houston,Clear,44.95450810168652,1.0
2314.871985141312,Houston,Clear,60.86429433629269,1.0
2316.9881708688645,Houston,Clear,51.22781282134973,1.0
2323.19569969236,Houston,Clear;Partly Cloudy;Mainly Sunny,46.91899986055784,1.0
2329.0214211010316,Houston,Sunny;Mostly Sunny,44.92485705483938,1.0
2349.917656689284,Houston,Clean,71.5228357739858,1.0
2369.8138922775365,Houston,Mainly Cloudy;Mostly Cloudy;Intermittent Clouds,41.405462572570855,1.0
2403.593942138236,Houston,Cloudy,54.03325023216698,1.0
2411.245384955579,Houston,Partly Cloudy,49.672271733705195,1.0
2416.245384955578,Houston,Not totally Cloudy,39.71794328167678,1.0
2418.4653350948784,Houston,Not totally Cloudy,38.55608600615279,1.0
2421.9881708688645,Houston,Not totally Cloudy,32.71794328167678,1.0
2427.697706549984,Houston,Mostly Cloudy,30.659850417900593,1.0
2448.9424993208936,Houston,Clear;Mostly Cloudy,53.48659393478127,1.0
2458.4653350948793,Houston,Clear;Sunny,66.82307230172016,1.0
2475.5110066428506,Houston,Cloudy;Overcast,52.29379862165203,1.0
2481.5110066428506,Houston,Cloudy,55.42899667781878,1.0
2495.627192370403,Houston,Fair,68.25721408671401,1.0
2501.8014709617314,Houston,Clean,77.4439139938472,1.0
2517.8719851413125,Houston,Clear;Mostly Clear,52.955777625902215,1.0
2519.97574955306,Houston,Clear;Mostly Clear,58.593978605592405,1.0
2521.6728639183743,Houston,Clear;Sunny,62.736032553274846,1.0
2543.614771054599,Houston,Partly Cloudy;Partly Sunny;Scattered Clouds;Scattered;Not totally Cloudy,58.62128428752222,1.0
2556.150028144388,Houston,Clear;Clean;Mostly Clear,76.31073327867634,1.0
2558.9633282372547,Houston,Clear;Fair,77.20299184764313,1.0
2563.4861640112413,Houston,Clear;Fair;Mostly Cloudy,82.14890355619897,1.0
2564.5442568750177,Houston,Overcast;Cloudy;Clear,82.29590585589462,1.0
2582.6023497387937,Indianapolis,Cloudy,69.25280675855092,1.0
2585.1251855127794,Indianapolis,Clear;Cloudy,74.21824612902572,1.0
2586.4737426954366,Indianapolis,Partly Cloudy;Cloudy,73.46529088653273,1.0
2615.718535466346,Indianapolis,Clean,83.60577126937119,1.0
2619.299464104108,Indianapolis,Clean,84.419071362238,1.0
2629.8098785622897,Indianapolis,Cloudy,67.046020584483,1.0
2637.984157153618,Indianapolis,Cloudy;Overcast;Partly Cloudy,78.05347860615008,1.0
2651.984157153617,Indianapolis,Light Snow;Flurries;Cloudy;Light,80.66351138336404,1.0
2656.029828701589,Indianapolis,Haze;Hazy;Cloudy;Partly Cloudy,77.98033756267841,1.0
2673.158435744947,Indianapolis,Overcast,82.26963540251859,1.0
2681.042250017394,Indianapolis,Mist/Fog,80.6306139009804,1.0
2699.228949924527,Indianapolis,Flurries;Cloudy;Fog And Mist;Light Snow;Light Snow Mist;Mist,89.56329153808649,1.0
2701.6355999709604,Indianapolis,Light Snow;Overcast;Flurries;Snow,90.10935924136508,1.0
2705.5194142434075,Indianapolis,Cloudy;Overcast;Fog,84.12357598401772,1.0
2706.577507107185,Indianapolis,Cloudy;Fog;Mist,89.7144368379141,1.0
2717.1127641969747,Indianapolis,Cloudy;Partly;Partly Cloudy,68.96847431195482,1.0
2719.4613213796324,Indianapolis,Cloudy,63.12627063499855,1.0
2732.1708570607507,Indianapolis,Mist/Light Snow Fog,88.34014958209939,1.0
2737.2622001566942,Indianapolis,Mist/Fog,84.6887067647566,1.0
2752.5069929276037,Jacksonville,Overcast,64.257214086714,1.0
2756.971735837813,Jacksonville,Light Snow;Snow;Light Snow Mist;Flurries,89.673764730489,1.0
2761.32029302047,Jacksonville,Cloudy,82.39434504521229,1.0
2765.78503593068,Jacksonville,Mostly Cloudy;Cloudy,76.77718969384408,1.0
2771.785035930679,Jacksonville,Partly Cloudy;Not totally Cloudy;Partly Sunny,62.93068694943819,1.0
2791.681271518932,Jacksonville,Mostly Cloudy,73.36968354364231,1.0
2794.3202930204698,Jacksonville,Mostly Cloudy;Mainly Cloudy,79.3500520970851,1.0
2811.3908072000513,Jacksonville,Mostly Cloudy,56.9419071362238,1.0
2825.926064289841,Jacksonville,Mainly Cloudy,80.89623558825221,1.0
2829.867971426065,Jacksonville,Mainly Cloudy,70.6514428173428,1.0
2838.204107292918,Jacksonville,Partly,39.16185727552399,1.0
2839.494571611799,Jacksonville,Mostly Cloudy,30.999999999999996,1.0
2845.494571611799,Jacksonville,Clear;Fair,60.891763078153424,1.0
2850.494571611799,Jacksonville,Sunny;Clear,73.49363694686132,1.0
2870.5069929276033,Jacksonville,Cloudy;Overcast,43.57623302045001,1.0
2877.5069929276033,Jacksonville,Not totally Cloudy;Mostly Clear;Scattered Clouds;Cloudy,63.60577126937119,1.0
2894.482150295995,Jacksonville,Cloudy,80.69292672245855,1.0
2904.1544220296987,Jacksonville,Cloudy;Mainly Cloudy,44.03561213467344,1.0
2906.2706077572525,Las Vegas,Mostly Cloudy;Cloudy,40.81192629616114,1.0
2921.316279305224,Las Vegas,Light Rain,88.0289180741084,1.0
2930.90962925879,Las Vegas,Overcast,87.75520722909057,1.0
2940.386793484805,Las Vegas,Overcast,92.9419071362238,1.0
2956.038236302147,Las Vegas,Mostly Cloudy;Intermittent Clouds;Cloudy,32.07260134585451,1.0
2964.407622401167,Las Vegas,Mainly Cloudy;Mostly Cloudy;Cloudy,48.78716097829734,1.0
2969.4657152649424,Las Vegas,Mostly Cloudy;Mostly,66.37490900119334,1.0
2993.1876722618663,Las Vegas,Overcast,48.5685073219574,1.0
3001.722929351657,Las Vegas,Mostly Cloudy,65.69711436531438,1.0
3015.967722122567,Las Vegas,Mostly,32.90464318880999,1.0
3018.1295793980903,Las Vegas,Mostly Cloudy,30.987578684195395,1.0
3042.9677221225666,Las Vegas,Light Rain;Showers,81.1781759919919,1.0
3049.942879490957,Las Vegas,Light Rain;Rain,92.30532926539999,1.0
3058.5362294445235,Las Vegas,Overcast,56.5352570897904,1.0
3063.942879490957,Las Vegas,Overcast,72.76762854489522,1.0
3069.6399938562718,Las Vegas,Light Rain,86.4066500464334,1.0
3079.5570583608865,Las Vegas,Light,83.69711436531439,1.0
3087.2085011782287,Las Vegas,Light Rain,92.12023713259488,1.0
3094.2665940420043,Las Vegas,Rain,88.44418039525773,1.0
3109.511386812915,Las Vegas,Clear,81.22429091947203,1.0
3128.465715264943,Las Vegas,Cloudy;Overcast,87.50492117073523,1.0
3134.175250946062,Las Vegas,Cloudy,76.64190556685733,1.0
3144.382779769558,Las Vegas,Mist/Fog,83.547678405595,1.0
3145.4408726333336,Las Vegas,Mist/Fog,86.19912122293779,1.0
3147.673244088439,Las Vegas,Mist/Fog,85.7343783127282,1.0
3148.847522679767,Las Vegas,Mist/Fog,90.25721408671399,1.0
3151.0798941348717,Los Angeles,Mist/Fog,86.25721408671399,1.0
3156.0218012710952,Los Angeles,Mist/Fog,87.43149267804259,1.0
3176.092315450676,Los Angeles,Cloudy;Overcast,77.19159352228824,1.0
3181.034222586901,Los Angeles,Cloudy,73.42761106692764,1.0
3186.74375826802,Los Angeles,Cloudy,75.69085942829986,1.0
3192.2085011782287,Los Angeles,Cloudy,72.83261690127611,1.0
3198.918036859348,Los Angeles,Cloudy,73.18586259322981,1.0
3200.918036859348,Los Angeles,Cloudy,76.8701799109827,1.0
3204.092315450677,Los Angeles,Cloudy,77.49421205629675,1.0
3208.8599439955715,Los Angeles,Cloudy,80.69362549844458,1.0
3226.8142724476,Los Angeles,Cloudy,79.99388327781628,1.0
3234.7561795838246,Los Angeles,Light Rain;Rain,83.66192598500774,1.0
3242.2209224940334,Los Angeles,Light Rain;Cloudy,86.53895428080433,1.0
3246.3827797695576,Los Angeles,Light Rain;Rain,90.04423998338525,1.0
3257.976129723124,Los Angeles,Light Rain,83.66386413314738,1.0
3271.743758268019,Los Angeles,Light Rain,95.66386413314738,1.0
3282.279015357809,Los Angeles,Cloudy,78.72189500210504,1.0
3283.5113868129147,Los Angeles,Cloudy,79.18663791231464,1.0
3301.6980867200487,Los Angeles,Cloudy,70.30892331711641,1.0
3308.627572540467,Los Angeles,Sunny;Not totally Cloudy,58.74181650221293,1.0
3317.220922494034,Los Angeles,Overcast,79.6514428173428,1.0
3319.685665404243,Los Angeles,Overcast,85.18669990713322,1.0
3337.3371082215863,Los Angeles,Mainly Cloudy,68.58092863776199,1.0
3345.220922494034,Los Angeles,Sunny;Partly Cloudy;Clear,67.82729184802508,1.0
3346.3952010853623,Memphis,Clear;Sunny,71.17414037649777,1.0
3362.27901535781,Memphis,Sunny;Cloudy;Mostly,85.71416219559697,1.0
3367.9761297231234,Memphis,Clear;Sunny;Overcast,69.02956507161876,1.0
3369.1504083144528,Memphis,Light Rain;Cloudy;Clean,70.66035631892265,1.0
3389.312265589977,Memphis,Clean,88.4771642260142,1.0
3397.486544181306,Memphis,Fair,80.0,1.0
3399.1836585466203,Memphis,Fair,77.46474291020961,1.0
3400.299844274172,Memphis,Fair,77.11618572755242,1.0
3420.6608227726333,Memphis,Cloudy,82.1928016250125,1.0
3430.370358453754,Memphis,Partly Cloudy;Fair,75.84972650572176,1.0
3433.590308593054,Memphis,Partly Cloudy;Clear;Scattered Clouds;Clean,77.30587001527263,1.0
3434.7064943206055,Memphis,Partly Cloudy;Not totally Cloudy;Clear,78.58221501319414,1.0
3437.577887277249,Memphis,Partly;Scattered Clouds;Cloudy;Not totally Cloudy,80.47364097442757,1.0
3455.5903085930527,Memphis,Cloudy;Overcast;Fog And Mist,91.24614869384546,1.0
3458.8807729119344,Memphis,Cloudy;Overcast,85.80263722553663,1.0
3471.1836585466203,Memphis,Mostly Cloudy,82.47716422601418,1.0
3494.021801271096,Memphis,Cloudy,72.6440434329592,1.0
3508.440872633334,Memphis,Cloudy,71.38678439589918,1.0
3512.3579371379487,Memphis,Cloudy,70.64587170369178,1.0
3514.8226800481575,Memphis,Cloudy,69.11966985593982,1.0
3519.938865775711,Memphis,Cloudy;Mostly Cloudy,61.77470674061045,1.0
3522.635980141025,Memphis,Cloudy;Mostly,61.349497174878856,1.0
3529.577887277249,Memphis,Cloudy,72.87442159059995,1.0
3532.4492802338928,Memphis,Cloudy,73.57837508371861,1.0
3534.6235588252202,Memphis,Cloudy,72.51570307410957,1.0
3539.7397445527727,Memphis,Cloudy,75.38853413631625,1.0
3548.275001642564,Memphis,Cloudy,74.95044684091347,1.0
3554.9264444599057,Milwaukee,Cloudy;Mostly Cloudy,69.57886315189408,1.0
3558.540623329835,Milwaukee,Cloudy;Light;Light Rain,80.44836414661067,1.0
3569.258566611512,Milwaukee,Rain;Cloudy,91.07582393011955,1.0
3576.0261951564066,Milwaukee,Rain;Showers;Cloudy,91.92323708067237,1.0
3590.349909707455,Milwaukee,Mist/Rain Fog,86.4066500464334,1.0
3602.466095435008,Milwaukee,Overcast,90.7219569969236,1.0
3616.756559753888,Milwaukee,Cloudy,89.17434891549354,1.0
3622.524188298783,Milwaukee,Cloudy,91.36235574544426,1.0
3624.5241882987825,Milwaukee,Cloudy,86.42753983143507,1.0
3630.466095435007,Milwaukee,Cloudy;Overcast,90.23238753462242,1.0
3660.6527953421396,Milwaukee,Mist/Fog,89.88381427244761,1.0
3667.827073933469,Milwaukee,Light Rain,79.9419071362238,1.0
3669.943259661021,Milwaukee,Overcast,76.47716422601421,1.0
3672.466095435007,Milwaukee,Overcast,77.8257214086714,1.0
3681.1756311161253,Milwaukee,Cloudy;Mostly Cloudy,80.96893599663838,1.0
3690.233723979902,Milwaukee,Cloudy;Mostly Cloudy;Overcast,79.40245646808492,1.0
3691.291816843678,Milwaukee,Overcast;Cloudy,80.84573046374486,1.0
3693.453674119202,Milwaukee,Light Rain;Mostly Cloudy;Cloudy,79.54848169147344,1.0
3694.627952710531,Milwaukee,Light Rain;Showers,81.43587438459363,1.0
3716.408002571231,Milwaukee,Mostly Cloudy,80.29046431888099,1.0
3736.4080025712315,Milwaukee,Overcast,76.94190713622382,1.0
3752.7689810696925,Milwaukee,Mostly Cloudy;Cloudy,61.25295213295812,1.0
3757.2337239799026,Milwaukee,Partly Cloudy;Sunny;Cloudy,57.31804839298519,1.0
3768.58228116256,Milwaukee,Mostly Cloudy;Mainly Cloudy;Overcast;Intermittent Clouds,72.41019243737793,1.0
3771.524188298784,Milwaukee,Cloudy;Overcast,70.79914516749899,1.0
3782.885166797245,Nashville,Mostly Cloudy,56.2329492459087,1.0
3797.071866704379,Nashville,A Few Clouds,69.161857275524,1.0
3817.0261951564057,Nashville,Mostly Cloudy,42.74278591328599,1.0
3844.631966425778,Nashville,Partly Cloudy;Not totally Cloudy;Sunny;Cloudy;Scattered,57.201862665432785,1.0
3847.515780698226,Nashville,Partly Cloudy;Not totally Cloudy;Scattered Clouds;Mostly Sunny,57.201862665432785,1.0
3855.9100094288538,Nashville,Partly Cloudy;Mostly Clear,73.70565407000406,1.0
3874.329080791092,Nashville,Clear;Sunny,67.87576606629294,1.0
3877.96810229263,Nashville,Sunny;Clear,58.63222785831047,1.0
3895.922430744658,Nashville,Cloudy;Overcast,80.43257069064589,1.0
3905.5738735620007,Nashville,Fair,77.24479277090938,1.0
3921.503359382421,Nashville,Mist/Fog,82.6638641331474,1.0
3925.7938237013013,Nashville,Partly;Partly Sunny;Mostly Clear,74.00691144312003,1.0
3928.7938237013027,Nashville,Mostly Cloudy;Mainly Cloudy,46.75696952149152,1.0
3930.8519165650778,Nashville,Mostly Cloudy;Cloudy,56.50428588600111,1.0
3946.2004737477355,Nashville,Cloudy,76.55345703728608,1.0
3958.723309521721,Nashville,Cloudy,60.72244554728278,1.0
3967.43284520284,Nashville,Overcast,56.871392956643,1.0
3984.4452665186454,Nashville,Overcast,55.161857275524,1.0
3988.6776379737507,Nashville,Overcast,58.47716422601419,1.0
3991.9556809768264,Nashville,Overcast,63.74278591328599,1.0
4003.4909380666168,Nashville,Cloudy,79.92566312699154,1.0
4006.8394952492745,Nashville,Light Snow;Flurries;Cloudy;Light,84.02602825164722,1.0
4016.3747523390643,Nashville,Haze;Cloudy;Snow,75.0562284833546,1.0
4030.6776379737494,Nashville,Overcast,78.57252103720421,1.0
4043.2128950635397,Nashville,Overcast with Haze,78.15344967496621,1.0
4044.387173654868,Nashville,Overcast with Haze,78.4439139938472,1.0
4048.2585666115115,Nashville,Overcast with Haze,75.3277282662948,1.0
4072.096709335987,Nashville,Cloudy;Overcast,53.32685472122875,1.0
4076.0386164722117,Nashville,Cloudy,74.12515657450578,1.0
4080.2128950635392,Nashville,Cloudy;Mainly Cloudy;Mostly Cloudy;Mostly,75.4205312383087,1.0
4088.6071237941687,New York,Mostly Cloudy;Mainly Cloudy;Clear,77.63244502876854,1.0
4094.607123794169,New York,Cloudy;Overcast;Sunny,84.80686879161169,1.0
4101.129959568154,New York,Cloudy;Overcast,71.56712664748868,1.0
4108.071866704378,New York,Mostly Cloudy,71.8133000928668,1.0
4115.768981069693,New York,Mostly Cloudy,74.85056404028062,1.0
4123.478516750812,New York,Mainly Cloudy,79.0124213158046,1.0
4127.36233102326,New York,Overcast,80.676285448952,1.0
4139.839495249274,New York,Overcast,80.3277282662948,1.0
4154.316659475287,New York,Cloudy;Overcast,88.16142508494686,1.0
4175.374752339063,New York,Cloudy;Overcast,87.63925166888167,1.0
4187.89758811305,New York,Cloudy,72.52072704194455,1.0
4203.11753825235,New York,Mostly Cloudy;Mainly Cloudy,68.20332558156471,1.0
4214.885166797244,New York,Cloudy;Not totally Cloudy;Mostly,93.91901846345847,1.0
4219.885166797246,New York,Cloudy,80.45657068667386,1.0
4230.304238159483,New York,Mostly Cloudy,77.4439139938472,1.0
4233.304238159483,New York,Not totally Cloudy,82.68870676475662,1.0
4237.420423887035,New York,Overcast,85.39824244587561,1.0
4240.582281162559,Oklahoma City,Overcast,84.14102835916161,1.0
4256.175631116126,Oklahoma City,Cloudy;Light Rain,88.40648032669844,1.0
4269.349909707455,Oklahoma City,Cloudy;Overcast,92.68294452028108,1.0
4274.40800257123,Oklahoma City,Rain;Overcast,92.36555040351716,1.0
4286.524188298784,Oklahoma City,Overcast,86.01242131580457,1.0
4296.291816843678,Oklahoma City,Mist/Light Rain Fog,96.01242131580459,1.0
4326.478516750812,Oklahoma City,Cloudy,73.53378131268393,1.0
4337.839495249273,Oklahoma City,Partly Cloudy;Sunny;Cloudy,65.4079041572865,1.0
4339.781402385498,Oklahoma City,Mostly Cloudy;Partly Sunny;Mainly Cloudy,68.08956295447378,1.0
4356.129959568154,Oklahoma City,Overcast,73.30288563468558,1.0
4358.768981069692,Oklahoma City,Overcast,77.11618572755242,1.0
4374.89758811305,Oklahoma City,Cloudy,67.6971143653144,1.0
4377.955680976826,Oklahoma City,Mostly Clear,63.3982801356713,1.0
4379.897588113049,Oklahoma City,Clear;Mostly;Cloudy,69.86948203495658,1.0
4382.8270739334685,Oklahoma City,Clear;Mainly Cloudy;Cloudy;Fair,68.75353257975425,1.0
4384.827073933469,Oklahoma City,Mostly Cloudy;Clear;Intermittent Clouds;Fair,71.23035173587928,1.0
4396.18805243193,Philadelphia,Mostly Cloudy;Intermittent Clouds;Mostly Sunny;Sunny,35.506821397543305,1.0
4398.872745481441,Philadelphia,Mostly Cloudy;Intermittent Clouds;Fair,35.26621258625563,1.0
4438.607123794169,Philadelphia,Mainly Cloudy,36.02082891636238,1.0
4449.490938066615,Philadelphia,A Few Clouds,72.70953568111902,1.0
4464.084288020183,Philadelphia,Mostly Cloudy;Clear;Intermittent Clouds;Fair,52.338938830477346,1.0
4466.781402385497,Philadelphia,Clear;Mostly;Partly Cloudy;Clean;Mostly Cloudy,62.87906601773718,1.0
4471.665216657944,Philadelphia,Mostly Cloudy;Clear;Clean,68.51141943138829,1.0
4480.246145295707,Philadelphia,Clear;Partly Cloudy;Mostly Sunny;Sunny,75.8949132952302,1.0
4523.096709335987,Philadelphia,Clear;Not totally Cloudy;Sunny;Partly,32.695977158662124,1.0
4527.026195156407,Philadelphia,Sunny;Clear,39.870510476708056,1.0
4529.026195156406,Philadelphia,Clear,55.01697601711773,1.0
4532.084288020182,Philadelphia,Clear,55.4913162236286,1.0
4539.6776379737485,Philadelphia,Clear;Partly Cloudy,61.674684485778144,1.0
4541.258566611512,Philadelphia,Clear;Mostly Clear;Not totally Cloudy,60.843463709768145,1.0
4560.21289506354,Philadelphia,A Few Clouds,62.1161857275524,1.0
4562.851916565078,Philadelphia,A Few Clouds,63.74278591328599,1.0
4566.793823701303,Philadelphia,Clear;Scattered Clouds;Not totally Sunny;Clean;Sunny,60.93834808043406,1.0
4575.258566611512,Philadelphia,Mainly Cloudy;Clear;Mostly Cloudy;Cloudy,42.077131302120065,1.0
4588.67763797375,Philadelphia,Cloudy;Not totally Cloudy,66.81633592580846,1.0
4591.735730837526,Philadelphia,Mostly Cloudy;Partly Cloudy,54.976204956674415,1.0
4592.910009428854,Phoenix,Mainly Cloudy;Clear;Sunny,50.1644326462665,1.0
4596.084288020182,Phoenix,Sunny;Mainly Cloudy;Clear;Fair,37.55587055718317,1.0
4599.18805243193,Phoenix,Clear;Mainly Cloudy;Intermittent Clouds;Partly Cloudy,36.6273139806214,1.0
4612.490938066616,Phoenix,Mostly Cloudy,57.45232159440499,1.0
4622.013773840602,Phoenix,Mostly,59.8257214086714,1.0
4623.827073933469,Phoenix,Cloudy,61.27804300307639,1.0
4635.362331023259,Phoenix,Clear;Mainly Cloudy;Clean;Mostly Cloudy,37.65859716423097,1.0
4653.665216657946,Phoenix,Clear;Mostly Clear;Fair,68.14102835916161,1.0
4659.374752339064,Phoenix,Sunny;Clear;Fair;Scattered Clouds;Scattered;Partly Sunny,42.55328315557207,1.0
4662.549030930391,Phoenix,Sunny;Partly Sunny;Fair;Clear,32.86345994048555,1.0
4665.665216657944,Phoenix,Mostly Cloudy,38.26562168727178,1.0
4670.65279534214,Phoenix,Mostly Cloudy,47.709535681119,1.0
4672.943259661021,Phoenix,Mostly,52.75520722909058,1.0
4696.420423887035,Phoenix,Clear,74.40246648614419,1.0
4706.246145295707,Phoenix,Sunny;Clear,58.751894625768905,1.0
4707.304238159482,Phoenix,Sunny;Clear,57.199857915389444,1.0
4711.885166797245,Phoenix,Sunny;Clear,41.909559124298944,1.0
4728.478516750812,Phoenix,Clear,77.83112725386985,1.0
4746.013773840602,Phoenix,Haze;Sunny;Mainly Sunny,48.47282937779874,1.0
4748.8270739334685,Phoenix,Fair,52.66386413314741,1.0
4751.001352524798,Phoenix,Fair,55.4771642260142,1.0
4754.117538252351,Phoenix,Fair,56.58092863776199,1.0
4756.511766982978,Phoenix,Fair,55.4771642260142,1.0
4764.569859846755,Phoenix,Fair,76.30288563468561,1.0
4767.325067075844,Phoenix,Haze,79.92107821986139,1.0
4769.266974212069,Phoenix,Haze,76.1534496749662,1.0
4783.02218144116,Phoenix,Haze,44.32371455104799,1.0
4788.022181441161,Phoenix,Sunny;Clear,61.78550509293493,1.0
4798.905995713607,Phoenix,Cloudy;Haze;Mainly Cloudy;Unclear,81.54941827810684,1.0
4800.138367168712,Phoenix,Hazy;Haze;Partly Cloudy;Fair,82.22770129248978,1.0
4832.453674119202,Phoenix,Clear;Sunny,85.42347750599903,1.0
4836.686045574307,Portland,Haze;Hazy Sunshine;Sunny;Clear,86.83102300118892,1.0
4839.034602756965,Portland,Sunny;Haze;Hazy,76.4796189764729,1.0
4840.383159939622,Portland,Sunny;Hazy;Haze,66.08415804946657,1.0
4842.254552896264,Portland,Sunny;Clear,55.18618628162828,1.0
4845.300224444236,Portland,Clear;Haze;Mostly Sunny,49.12768593031554,1.0
4856.009760125356,Portland,Clear,77.2544420930216,1.0
4871.545017215146,Portland,Fair,49.2075288234956,1.0
4881.02218144116,Portland,Overcast,81.4066500464334,1.0
4892.441252803396,Portland,Sunny;Clear,69.47797923765431,1.0
4896.266974212069,Portland,Clear;Sunny,68.45232159440499,1.0
4912.395581255427,Portland,Haze;Hazy,87.99999999999999,1.0
4922.1051169365455,Portland,Haze;Cloudy,61.6846930495098,1.0
4934.627952710531,Portland,Haze,80.8257214086714,1.0
4936.802231301859,Portland,Fog,85.30288563468561,1.0
4943.744138438084,Portland,Haze,83.5933499535666,1.0
4944.976509893188,Portland,Haze,79.6514428173428,1.0
4949.150788484516,Portland,Haze,76.82572140867141,1.0
4958.686045574307,Portland,Clear;Sunny,58.21995013930019,1.0
4972.988931208992,Portland,Clear,81.76762854489519,1.0
4974.2213026640975,Portland,Clear,81.94190713622379,1.0
4990.395581255426,San Antonio,Clean,61.219950139300195,1.0
5012.524188298782,San Antonio,Clean,48.26562168727178,1.0
5015.756559753889,San Antonio,Fair,43.73036459748139,1.0
5018.756559753888,San Antonio,Cloudy,65.68469304950979,1.0
5029.814652617664,San Antonio,Light Freezing Rain;Sleet;Freezing Rain,85.9419071362238,1.0
5040.988931208993,San Antonio,Mainly Cloudy;Mostly Cloudy;Not totally Cloudy;Partly;Cloudy,76.27804300307639,1.0
5051.047024072769,San Antonio,Mostly Cloudy;Mostly;Mainly Cloudy,80.88381427244761,1.0
5067.11753825235,San Antonio,Cloudy,54.51041445818119,1.0
5082.349909707455,San Antonio,Mainly Cloudy,77.53525708979039,1.0
5103.420423887035,San Antonio,Freezing Rain;Light Freezing,83.43149267804259,1.0
5105.8270739334685,San Antonio,Freezing Rain;Light Freezing Rain;Freezing,85.65144281734281,1.0
5106.885166797245,San Antonio,Freezing Drizzle;Freezing Rain;Light Freezing Drizzle;Light Freezing Drizzle Mist,86.0,1.0
5110.756559753887,San Antonio,Freezing Drizzle;Light Freezing;Light Freezing Drizzle Mist;Rain;Cloudy,86.838142724476,1.0
5112.163209800323,San Antonio,Freezing Drizzle;Light Freezing Drizzle;Freezing Rain,91.48958554181881,1.0
5113.163209800322,San Antonio,Light Freezing Drizzle;Freezing Drizzle;Rain,85.18669990713322,1.0
5127.279395527873,San Antonio,Cloudy,85.9419071362238,1.0
5145.466095435007,San Antonio,Clear;Sunny,80.128607043357,1.0
5159.65279534214,San Antonio,Partly Cloudy;Partly Sunny,67.2323714551048,1.0
5165.466095435007,San Antonio,Cloudy,56.975157368390796,1.0
5166.87274548144,San Antonio,Cloudy,56.452321594405,1.0
5172.582281162559,San Antonio,Cloudy,65.69711436531438,1.0
5177.349909707453,San Antonio,Cloudy,65.69711436531438,1.0
5187.047024072768,San Diego,Overcast,56.5685073219574,1.0
5194.221302664098,San Diego,Overcast,63.69711436531439,1.0
5206.582281162559,San Diego,Rain,73.34855718265722,1.0
5209.4660954350065,San Diego,Cloudy;Overcast,70.6390215015382,1.0
5213.349909707455,San Diego,Cloudy,58.39422873062879,1.0
5216.3374883916495,San Diego,Cloudy,74.16185727552401,1.0
5242.885166797245,San Diego,Overcast,61.510414458181195,1.0
5249.291816843678,San Diego,Overcast,73.58092863776201,1.0
5253.511766982978,San Diego,Overcast,75.8257214086714,1.0
5276.047024072769,San Diego,Cloudy,70.290464318881,1.0
5278.988931208993,San Diego,Cloudy;Mostly Cloudy,70.1161857275524,1.0
5282.872745481441,San Diego,Clear,74.709535681119,1.0
5285.988931208993,San Diego,Clear,77.07051417958078,1.0
5290.814652617664,San Diego,Clear;Sunny;Fair,91.14102835916161,1.0
5297.814652617665,San Diego,Mainly Cloudy;Cloudy,70.1742785913286,1.0
5306.408002571231,San Diego,Overcast,70.290464318881,1.0
5310.291816843677,San Diego,Fair,75.9419071362238,1.0
5315.29181684368,San Diego,Clean,81.5933499535666,1.0
5316.756559753889,San Diego,Fair,77.8257214086714,1.0
5329.408002571231,San Diego,Not totally Cloudy,60.58092863776199,1.0
5336.059445388573,San Diego,Overcast,51.917064504614586,1.0
5337.408002571231,San Diego,Partly Cloudy;Mostly Clear;Partly;Clear,49.61417886992899,1.0
5343.4660954350065,San Diego,Partly Cloudy;Not totally Cloudy,61.8589716408384,1.0
5352.640374026336,San Diego,Partly Cloudy;Not totally Cloudy;Partly;Partly Sunny,53.03325023216699,1.0
5358.047024072767,San Diego,Mostly Cloudy;Cloudy,47.7303645974814,1.0
5368.279395527875,San Diego,Partly Cloudy;Not totally Cloudy;Clear,62.62660018573357,1.0
5377.1051169365455,San Francisco,Cloudy,68.51041445818119,1.0
5378.163209800321,San Francisco,Cloudy,68.161857275524,1.0
5383.2213026640975,San Francisco,Cloudy,55.323714551047985,1.0
5390.673624258502,San Francisco,Cloudy;Mostly Cloudy,57.03325023216699,1.0
5403.325067075846,San Francisco,Clean,62.103764411747775,1.0
5405.325067075844,San Francisco,Fair,67.580928637762,1.0
5406.383159939622,San Francisco,A Clouds,64.8133000928668,1.0
5409.731717122279,San Francisco,Cloudy,65.0456715479716,1.0
5413.080274304936,San Francisco,Overcast,67.7552072290906,1.0
5415.964088577383,San Francisco,Overcast with Haze,63.161857275523985,1.0
5416.964088577383,San Francisco,Overcast,56.394228730628804,1.0
5417.964088577384,San Francisco,Overcast,53.74278591328597,1.0
5423.067852989131,San Francisco,Overcast,54.568507321957384,1.0
5427.997338809551,San Francisco,Partly Cloudy;Cloudy;Mostly Clear,64.7552072290906,1.0
5429.926824629969,San Francisco,Partly Cloudy;Mostly Cloudy;Scattered Clouds,61.8257214086714,1.0
5436.7525460386405,San Francisco,Cloudy;Overcast,56.8838142724476,1.0
5450.578267447313,San Francisco,Light;Light Snow;Snow,85.07051417958081,1.0
5474.300224444236,San Francisco,Mostly Cloudy;Mainly Cloudy,72.70953568111902,1.0
5482.532595899342,San Francisco,Partly Sunny;Cloudy;Partly Cloudy;Sunny,46.52283577398579,1.0
5514.4869243513685,San Francisco,A Few Clouds,70.8257214086714,1.0
5518.532595899341,San Francisco,Mist/Fog,81.50200685762341,1.0
5522.101103221299,San Francisco,with Haze,79.48958554181881,1.0
5523.21728894885,San Francisco,Mist/Fog,82.31530695049021,1.0
5534.92682462997,San Francisco,Partly Cloudy;Partly,57.929485820419195,1.0
5539.798217586613,San Francisco,Cloudy,68.0,1.0
5546.565846131508,San Francisco,Snow;Light Snow;Flurries,84.3733998142664,1.0
5559.914403314166,San Francisco,Snow;Light Snow,85.65144281734281,1.0
5584.043010357523,San Francisco,Light Snow,91.18669990713319,1.0
5586.798217586613,San Francisco,Light Snow,91.53525708979038,1.0
5603.043010357521,San Francisco,Light Snow;Snow,80.5352570897904,1.0
5611.694453174865,San Francisco,Cloudy;Haze,83.61819258517582,1.0
5623.113524537103,San Jose,Cloudy;Haze,72.83814272447599,1.0
5625.868731766193,San Jose,Mostly Cloudy,64.6390215015382,1.0
5629.3915675401795,San Jose,Partly Cloudy;Partly Sunny;Scattered Clouds;Scattered,56.1742785913286,1.0
5630.856310450389,San Jose,Partly Cloudy;Scattered Clouds;Partly Sunny;Not totally Cloudy,62.593349953566594,1.0
5654.5077532677315,San Jose,Overcast with Haze,73.7800498606998,1.0
5667.926824629969,San Jose,Cloudy;Overcast,58.058092863776196,1.0
5670.868731766193,San Jose,Light Snow;Snow;Flurries,55.4066500464334,1.0
5688.520174583537,San Jose,Partly Cloudy;Not totally Cloudy;Mostly Clear,87.53525708979039,1.0
5693.403988855984,San Jose,Fog;Freezing Fog,99.30288563468558,1.0
5694.926824629969,San Jose,Fog;Foggy,98.72195699692358,1.0
5709.92682462997,San Jose,Mostly Cloudy,54.68469304950978,1.0
5711.623938995284,San Jose,Mostly Cloudy;Mostly,56.510414458181195,1.0
5755.951667261579,San Jose,Cloudy;Sleet;Light Sleet;Fog And Mist;Light Snow;Light Snow Mist,91.36097849846178,1.0
5758.951667261578,San Jose,Light Snow;Flurries;Snow,91.18669990713319,1.0
5769.823060218221,San Jose,Cloudy;Overcast,75.66386413314741,1.0
5774.764967354445,San Jose,Cloudy;Overcast,74.11618572755238,1.0
5789.125945852907,San Jose,Clear,83.5352570897904,1.0
5805.545017215145,Seattle,Clear;Sunny,44.03325023216699,1.0
5807.77738867025,Seattle,Not totally Cloudy;Scattered Clouds;Mostly Sunny;Partly Cloudy,50.91706450461458,1.0
5816.603110078922,Seattle,Mostly Cloudy;Cloudy,74.8257214086714,1.0
5828.312645760041,Seattle,Cloudy,71,1.0
5833.428831487593,Seattle,Fair,67.580928637762,1.0
5846.138367168712,Seattle,Overcast,76.2323714551048,1.0
5852.964088577382,Seattle,Cloudy;Overcast,73.58092863776201,1.0
5856.545017215146,Seattle,Cloudy,70.7552072290906,1.0
5861.184038716684,Seattle,Cloudy,78.69711436531438,1.0
5871.823060218222,Seattle,Drizzle;Overcast;Showers;Mist,92.76762854489522,1.0
5873.46208171976,Seattle,Fog;Overcast;Mist,91.83814272447601,1.0
5877.101103221299,Seattle,Drizzle;Light Drizzle;Showers,98.25721408671399,1.0
5878.740124722837,Seattle,Drizzle;Light Drizzle;Showers,99.99999999999997,1.0
5881.856310450388,Seattle,Fog,98.95432845202838,1.0
5888.1467747692695,Seattle,Mostly Cloudy;Mostly,58.336135866852594,1.0
5892.088681905493,Seattle,Overcast,76.58092863776199,1.0
5901.740124722837,Seattle,Mist/Light Rain Fog,95.59334995356659,1.0
5914.101103221297,Seattle,Mist/Fog,88.82572140867138,1.0
5921.623938995284,Seattle,Cloudy,58.85897164083839,1.0
5925.204867633046,Seattle,Cloudy,63.858971640838384,1.0
5930.204867633047,Seattle,Cloudy,71.3942287306288,1.0
5933.727703407032,Seattle,Cloudy,72.87139295664299,1.0
5942.785796270808,Seattle,Cloudy,66.85897164083838,1.0
5968.134353453464,Washington,Overcast,70.2323714551048,1.0
5973.541003499899,Washington,Overcast,64.94190713622379,1.0
5980.250539181017,Washington,A Few Clouds,52.0456715479716,1.0
6021.68203185906,Washington,Clear;Sunny,51.39422873062878,1.0
6058.532595899342,Washington,Fair,42.14943595971939,1.0
6088.719295806474,Washington,Cloudy;Partly Cloudy;Scattered Clouds,40.62660018573359,1.0
6092.661202942698,Washington,Mostly Cloudy;Mainly Cloudy,40.336135866852594,1.0
6096.545017215144,Washington,Cloudy,44.5685073219574,1.0
6097.603110078922,Washington,Cloudy,50.21995013930018,1.0
6114.673624258503,Washington,Clear;Sunny,50.21995013930018,1.0
6120.080274304936,Washington,Sunny;Clear,37.70953568111899,1.0
6122.964088577384,Washington,Clear;Sunny,30.1161857275524,1.0
6137.648781626893,Washington,Clear,59.37339981426638,1.0
6140.17161740088,Washington,Clear,61.69711436531438,1.0
6152.345895992208,Washington,Overcast,54.9419071362238,1.0
6161.8811530819985,Washington,Fair,61.29046431888097,1.0
6175.358317308012,Washington,Clear,39.74278591328599,1.0
6189.951667261579,Washington,Clear,51.452321594404985,1.0
6201.043010357521,Washington,Mainly Cloudy;Cloudy,42.1866999071332,1.0
6209.694453174865,Washington,Mainly Cloudy,37.8257214086714,1.0
6215.462081719761,Washington,Fair,45.5228357739858,1.0
6221.287803128431,Washington,Fair,47.5228357739858,1.0
6228.345895992206,Washington,Mostly Cloudy,45.9875786841954,1.0
6234.055431673326,Washington,Mostly Cloudy,41.27804300307639,1.0
6239.926824629971,Washington,Mostly Cloudy,54.4647429102096,1.0
6246.6363603110885,Washington,Light Snow;Flurries;Snow,91.1991212229378,1.0
6252.520174583536,Washington,Cloudy;Light Snow;Overcast,91.08293549538541,1.0
6266.171617400879,Washington,Mostly Cloudy;Mainly Cloudy,63.60577126937119,1.0
6270.752546038641,Washington,Cloudy;Overcast,59.40665004643339,1.0
6271.868731766193,Washington,Overcast,55.70953568111901,1.0
6279.462081719759,Washington,Mist/Light Snow Fog,89.32772826629478,1.0
6293.764967354446,Washington,Mainly Cloudy,76.4439139938472,1.0
6294.823060218221,Washington,Mostly Cloudy,67.9086569040568,1.0
6311.6487816268955,Washington,Snow;Light Snow;Flurries,82.3733998142664,1.0
6314.055431673326,Washington,Snow;Light Snow;Light,77.8962355882522,1.0
6319.764967354445,Washington,Snow;Overcast,89.1991212229378,1.0
6327.055431673327,Washington,Fog;Foggy;Light Freezing;Light Freezing Rain,96.28205671832318,1.0
6404.453674119203,Washington,Cloudy,75.6514428173428,1.0
6405.744138438084,Washington,Cloudy,77.9086569040568,1.0
6412.511766982979,Washington,Cloudy;Overcast,64.90865690405681,1.0
6416.453674119202,Washington,Cloudy;Overcast,72.73437831272821,1.0
6419.51176698298,Washington,Cloudy;Overcast,91.3277282662948,1.0
6455.420423887035,Washington,Cloudy;Light Rain,83.0829354953854,1.0
6457.756559753887,Washington,Cloudy;Light Rain,84.36097849846179,1.0
6459.279395527873,Washington,Rain;Light Rain,86.25721408671399,1.0
6489.478516750811,Washington,Freezing Rain;Overcast,65.53525708979039,1.0
6559.4120162864765,Washington,Fog;Overcast,89.80489249230901,1.0
6561.341502106895,Washington,Fog;Overcast;Dense Fog,91.128607043357,1.0
6615.133973283401,Washington,Clear,39.29046431888099,1.0
6619.017787555848,Washington,Cloudy;Sunny;Mostly Cloudy,43.6390215015382,1.0
6640.797837416549,Washington,Clear;Sunny,54.116185727552406,1.0
6663.577887277246,Washington,Clean,53.17427859132859,1.0
6669.287422958368,Washington,Fair,62.593349953566594,1.0
6678.22933009459,Washington,A Few Clouds,53.45232159440498,1.0
6679.287422958368,Washington,A Clouds,50.03325023216699,1.0
6680.345515822144,Washington,A Few Clouds,49.800878777062195,1.0
6682.042630187459,Washington,Few Clouds,43.883814272447594,1.0
6704.938865775711,Washington,Cloudy;Clear,43.929485820419195,1.0
6712.171237230815,Washington,Cloudy;Overcast,43.381807414824195,1.0
6720.706494320604,Washington,Light Snow;Snow,79.17427859132859,1.0
6730.216908778787,Washington,Cloudy;Overcast,50.97515736839079,1.0
6738.926444459905,Washington,Clear;Not totally Cloudy;Mostly Clear,54.97515736839079,1.0
6754.113144367039,Washington,Sunny;Clear,39.14943595971938,1.0
6778.660822772633,Washington,Mostly,62.058092863776196,1.0
6781.544637045082,Washington,Cloudy,58.593349953566594,1.0
6783.544637045082,Washington,Overcast,62.9543284520284,1.0
6788.893194227737,Washington,Partly Cloudy,47.80087877706218,1.0
6797.357937137948,Washington,Cloudy,63.01242131580461,1.0
6801.706494320605,Washington,Mostly Cloudy;Mainly Cloudy;Clear;Sunny,43.32371455104799,1.0
6816.532215729277,Washington,Clear;Mostly Clear;Partly,68.1742785913286,1.0
6819.590308593052,Washington,Mainly Cloudy;Partly Cloudy,73.59334995356659,1.0
6830.93886577571,Washington,Cloudy;Overcast,46.55608600615279,1.0
6833.40360868592,Washington,Cloudy,48.69711436531439,1.0
6841.635980141024,Washington,Partly Cloudy,69.69711436531439,1.0
6843.635980141025,Washington,Partly Cloudy,69.98757868419538,1.0
6846.868351596129,Washington,Partly Cloudy,72.69711436531439,1.0
6856.345515822143,Washington,Overcast,50.80087877706219,1.0
6858.461701549697,Washington,Overcast,42.14943595971939,1.0
6862.810258732353,Washington,Overcast,40.98757868419539,1.0
6874.984537323682,Washington,Light Snow;Snow;Flurries,92.36097849846182,1.0
6875.98453732368,Washington,Light Snow;Snow;Flurries,92.36097849846182,1.0
6882.565465961443,Washington,Light Snow;Flurries;Snow,91.08293549538541,1.0
6893.320673190534,Washington,Partly Cloudy;Not totally Cloudy;Not totally Sunny,68.6057712693712,1.0
6894.436858918086,Washington,Not totally Cloudy;Partly Sunny;Partly;Partly Cloudy,65.4895855418188,1.0
6918.1588159150115,Washington,Mist/Fog,86.6057712693712,1.0
6926.333094506336,Washington,Mostly Cloudy,63.39422873062879,1.0
6937.333094506339,Washington,Not totally Cloudy;Partly Cloudy;Partly,88.18669990713319,1.0
6941.681651688996,Washington,Partly Sunny;Partly Cloudy;Cloudy;Scattered Clouds,74.40665004643338,1.0
6945.494951781864,Washington,Partly Cloudy;Mostly Cloudy;Not totally Cloudy;Scattered Clouds,57.70953568111899,1.0
6953.901601828296,Washington,Partly Cloudy;Cloudy;Clear,38.43990027860038,1.0
6967.4244376022825,Washington,Partly Cloudy;Mostly Clear;Sunny;Mainly Sunny,73.6971143653144,1.0
6970.366344738506,Washington,Partly Cloudy;Clear;Not totally Cloudy,76.58092863776199,1.0
6972.308251874731,Washington,Mostly Cloudy;Mainly Cloudy;Mostly;Clear,73.7552072290906,1.0
6981.901601828296,Washington,Mostly Cloudy;Mainly Cloudy;Sunny,37.13701464391479,1.0
6985.727323236966,Washington,Clean,40.25320037146718,1.0
7001.797837416548,Washington,A Few Clouds,76.58092863776199,1.0
7003.55304464564,Washington,Not totally Cloudy,74.69711436531438,1.0
7012.192066147179,Washington,Cloudy,45.2075288234956,1.0
7017.77299478494,Washington,Partly Cloudy;Sunny;Not totally Cloudy,44.3942287306288,1.0
7022.77299478494,Washington,Partly Cloudy;Mainly Sunny;Mostly Clear,58.767628544895196,1.0
7036.959694692073,Washington,Mostly Cloudy;Mainly Cloudy;Mostly,55.941907136223804,1.0
7041.075880419626,Washington,Mostly Cloudy;Mainly Cloudy;Sunny,38.62660018573359,1.0
7042.30825187473,Washington,Mainly Cloudy;Mostly Cloudy;Intermittent,36.74278591328599,1.0
7043.772994784939,Washington,Cloudy;Mostly Cloudy,35.219950139300195,1.0
7061.133973283401,Washington,Clear;Sunny,73.36097849846179,1.0
7067.5406233298345,Washington,Mostly Cloudy;Mostly;Intermittent Clouds,76.76762854489522,1.0
7070.540623329835,Washington,Mostly Cloudy;Cloudy;Mainly Cloudy,57.755207229090594,1.0
7073.59871619361,Washington,Mostly Cloudy;Mostly;Not totally Sunny,41.929485820419195,1.0
7074.656809057388,Washington,Not totally Cloudy;Scattered Clouds;Mostly Cloudy;Not totally Sunny;Mostly,40.97515736839079,1.0
7084.760573469134,Washington,Cloudy;Overcast,41.16185727552399,1.0
7089.81866633291,Washington,Not totally Cloudy;Cloudy;Partly Cloudy,69.2323714551048,1.0
7094.702480605358,Washington,Cloudy;Partly Cloudy,79.76762854489519,1.0
7110.167223515568,Washington,Mostly Cloudy,64.34855718265719,1.0
7112.225316379345,Washington,Few Clouds,69.0580928637762,1.0
7113.399594970672,Washington,A Few Clouds,72.17427859132859,1.0
7129.586294877807,Washington,Cloudy,39.38180741482418,1.0
7133.644387741581,Washington,Mostly Cloudy;Mostly;Mainly Cloudy,39.31129323524338,1.0
7167.01778755585,Washington,Mainly Cloudy,53.987578684195384,1.0
7168.482530466056,Washington,Overcast,60.58092863776199,1.0
7181.901601828296,Washington,Partly Cloudy,40.20752882349559,1.0
7190.669230373191,Washington,Mostly Cloudy;Intermittent Clouds,32.078921780138586,1.0
7199.204487462982,Washington,Cloudy,60.10376441174778,1.0
7200.901601828296,Washington,Cloudy,62.82572140867139,1.0
7205.075880419627,Washington,Cloudy,63.186699907133196,1.0
7207.01778755585,Washington,Cloudy,62.0705141795808,1.0
7217.727323236968,Washington,Mostly Cloudy;Mostly;Mainly Cloudy;Not totally Sunny,29.858971640838394,1.0
7219.192066147178,Washington,Mostly Cloudy;Sunny;Mainly Cloudy,30.27804300307639,1.0
7227.017787555848,Washington,Mostly Cloudy,61.012421315804595,1.0
7237.017787555849,Washington,Overcast,65.709535681119,1.0
7264.855930280323,Washington,Cloudy;Overcast,63.2323714551048,1.0
7269.623558825219,Washington,Mostly Cloudy;Cloudy,75.4771642260142,1.0
7276.507373097668,Washington,Partly Cloudy;Scattered Clouds;Mostly Clear,89.73437831272818,1.0
7282.507373097666,Washington,Not totally Cloudy;Cloudy;Partly Cloudy,90.7924711765044,1.0
7302.100723051235,Washington,Mainly Cloudy,76.07051417958081,1.0
7305.042630187457,Washington,Mainly Cloudy,76.41907136223801,1.0
7310.7521658685755,Washington,Mainly Cloudy,76.24479277090941,1.0
7315.635980141024,Washington,Fog,97.90865690405678,1.0
7316.752165868578,Washington,Fog,91.48958554181881,1.0
7329.171237230816,Washington,Lt Rain,85.54767840559498,1.0
7336.764587184381,Washington,Light Rain;Rain;Cloudy,77.6057712693712,1.0
7350.951287091515,Washington,Cloudy;Overcast,79.31530695049021,1.0
7363.428451317531,Washington,Cloudy,80.3153069504902,1.0
7371.196079862425,Washington,Cloudy,91.31530695049021,1.0
7381.615151224662,Washington,Fog;Overcast;Mist,97.79247117650439,1.0
7382.963708407318,Washington,Fog;Overcast;Mist,97.50200685762339,1.0
7397.905615543543,Washington,Cloudy;Mostly Cloudy,85.05809286377618,1.0
7425.731336952214,Washington,Lt Rain,86.18669990713317,1.0
7438.440872633332,Washington,Cloudy;Overcast,66.7219569969236,1.0
7446.951287091517,Washington,Light Rain;Light;Rain,91.72195699692361,1.0
7458.428451317529,Washington,Cloudy,92.47716422601421,1.0
7459.486544181304,Washington,Mostly Cloudy,92.30288563468562,1.0
7470.8475226797655,Washington,Mostly Cloudy;Mainly Cloudy,79.29046431888099,1.0
7480.96370840732,Washington,Overcast,90.90865690405683,1.0
7493.440872633332,Washington,Mostly Cloudy,95.31530695049018,1.0
7496.673244088438,Washington,Not totally Cloudy,88.82572140867138,1.0
7500.2541727262,Washington,Mostly Cloudy,86.0,1.0
7520.544637045082,Washington,Cloudy,91.99999999999997,1.0
7522.54463704508,Washington,Cloudy;Overcast,79.7552072290906,1.0
7527.299844274172,Washington,Cloudy;Overcast,87.59334995356659,1.0
7555.137986998649,Washington,Rain,86.94190713622378,1.0
7567.137986998647,Washington,Cloudy;Light Rain;Rain;Showers,89.07051417958081,1.0
7572.905615543544,Washington,Rain;Severe Rain,85.66386413314738,1.0
7576.847522679766,Washington,Scattered Clouds;Showers;Mostly;Mainly Cloudy;Partly Cloudy;Mostly Cloudy;Cloudy,74.838142724476,1.0
7584.440872633333,Washington,Cloudy,80.89623558825221,1.0
7617.85994399557,Washington,Overcast,81.5933499535666,1.0
7624.324686905779,Washington,Mist/Fog,84.3733998142664,1.0
7628.266594042005,Washington,Mist/Fog,87.0248426316092,1.0
7642.4989654971105,Washington,Mist/Light Drizzle Fog,96.47716422601418,1.0
7650.32468690578,Washington,Partly Sunny;Scattered Clouds;Clear;Fair;Sunny,57.614178869929,1.0
7660.743758268017,Washington,Clear,67.97515736839078,1.0
7663.498965497109,Washington,Clear,70.89623558825218,1.0
7686.162829630258,Washington,Clear,73.838142724476,1.0
7697.370358453753,Washington,Cloudy;Overcast,88.2323714551048,1.0
7709.78942981599,Washington,Cloudy;Overcast,81.6390215015382,1.0
7717.905615543543,Washington,Rain;Light Rain,94.8962355882522,1.0
7724.789429815991,Washington,Rain;Light Rain,94.7219569969236,1.0
7732.254172726199,Washington,Cloudy;Overcast;Rain;Mist,99.07051417958077,1.0
7751.137986998648,Washington,Mist/Light Rain Fog,90.0372639474138,1.0
7765.3827797695585,Washington,Mist;Fog;Showers,93.2696354025186,1.0
7772.49896549711,Washington,Mist;Showers;Cloudy,94.78004986069979,1.0
7776.96370840732,Washington,Mist;Fog;Showers,90.42308507748481,1.0
7780.07989413487,Washington,Mist;Fog;Showers,94.31530695049018,1.0
7789.312265589978,Washington,Cloudy;Hazy,84.4771642260142,1.0
7802.905615543542,Washington,Mist/Light Drizzle Fog,91.83814272447601,1.0
7805.905615543543,Washington,Light Drizzle,95.4314926780426,1.0
7819.32468690578,Washington,Mist/Fog,85.5352570897904,1.0
7821.78942981599,Washington,Mist/Fog,89.23237145510478,1.0
7834.092315450677,Washington,Rain;Light Rain,93.0,1.0
7843.685665404243,Washington,Rain,96.23237145510478,1.0
7851.279015357808,Washington,Rain;Light,92.46474291020957,1.0
7852.395201085361,Washington,Rain;Light Rain,96.23237145510478,1.0
7864.046643902705,Washington,Mist/Light Rain Fog,90.90865690405683,1.0
7872.756179583823,Washington,Mist/Rain Fog,94.83814272447599,1.0
7877.104736766481,Washington,Mist/Light Rain Fog,95.99999999999999,1.0
7892.930458175153,Washington,Mostly Cloudy;Mainly Cloudy;Intermittent Clouds;Cloudy,77.6971143653144,1.0
7909.3495295373905,Washington,Not totally Cloudy;Partly Cloudy;Mostly Clear,75.83814272447601,1.0
7918.942879490956,Washington,Haze;Fair;Hazy;Intermittent Clouds;Mostly Cloudy,80.838142724476,1.0
7921.117158082286,Washington,Mostly;Fair;Hazy;Mainly Cloudy;Intermittent;Mostly Cloudy,81.3028856346856,1.0
7923.175250946062,Washington,Haze;Intermittent Clouds;Mostly Cloudy,81.419071362238,1.0
7961.374372169001,Washington,Mostly Cloudy,66.8838142724476,1.0
7978.8391150792095,Washington,Clear;Mostly;Hazy,84.128607043357,1.0
7981.9553008067605,Washington,Fog;Partly Cloudy;Clear;Fog And Mist,84.7800498606998,1.0
7986.129579398088,Washington,Mostly Cloudy;Not totally Cloudy;Fog And Mist;Mainly Cloudy;Intermittent Clouds;Partly,80.1991212229378,1.0
7994.279015357809,Washington,Not totally Cloudy;Partly Cloudy;Scattered Clouds;Cloudy;Mainly Sunny,61.302885634685595,1.0
7997.4865441813035,Washington,Partly Cloudy;Cloudy;Mostly Sunny;Mostly Cloudy;Scattered;Scattered Clouds,65.4314926780426,1.0
8010.590308593053,Washington,Partly Cloudy;Partly;Clouds,74.79247117650442,1.0
8022.1255656828425,Washington,Haze;Partly Cloudy;Mostly Cloudy,79.50200685762341,1.0
8027.067472819066,Washington,Haze;Partly Sunny;Cloudy,76.90865690405681,1.0
8029.951287091514,Washington,Not totally Cloudy;Partly Sunny;Partly Cloudy,63.128607043357,1.0
8035.706494320604,Washington,Partly Cloudy;Partly Sunny;Not totally Cloudy,70.66386413314738,1.0
8045.416030001725,Washington,Not totally Cloudy;Mostly;Cloudy,74.73437831272821,1.0
8052.18365854662,Washington,Haze;Cloudy;Mostly Cloudy,74.26963540251862,1.0
8055.7645871843815,Washington,Mostly Cloudy,61,1.0
8057.764587184381,Washington,A Few Clouds,71.36097849846179,1.0
8060.345515822143,Washington,A Few Clouds,71.01242131580459,1.0
8061.868351596129,Washington,A Few,76.07051417958081,1.0
8067.391187370114,Washington,Partly Cloudy,79.4439139938472,1.0
8070.146394599206,Washington,A Few Clouds,75.43149267804262,1.0
8083.855930280323,Washington,Mostly Cloudy;Cloudy;Mainly Cloudy,70.3153069504902,1.0
8095.681651688996,Washington,Haze;Partly Cloudy;Fair;Hazy,79.4439139938472,1.0
8097.9140231441,Washington,Cloudy;Haze,77.966749767833,1.0
8105.797837416549,Washington,Haze;Intermittent Clouds;Mostly Cloudy,79.96674976783301,1.0
8112.79783741655,Washington,Mostly Cloudy;Mainly Cloudy,62.8962355882522,1.0
8128.216908778786,Washington,Haze,77.676285448952,1.0
8131.33309450634,Washington,Overcast,72.83814272447599,1.0
8142.100723051232,Washington,Mostly Cloudy,65.68469304950979,1.0
8150.9264444599075,Washington,Mostly Cloudy,77.9294858204192,1.0
8163.98453732368,Washington,Cloudy;Haze;Partly Cloudy,81.95432845202839,1.0
8168.926444459906,Washington,Cloudy;Haze;Mainly Cloudy,75.95432845202842,1.0
8173.694073004802,Washington,Cloudy;Mostly Cloudy,66.3609784984618,1.0
8181.6940730048,Washington,Mostly Cloudy,75.9875786841954,1.0
8186.333094506337,Washington,Overcast,78.0580928637762,1.0
8201.461701549695,Washington,Overcast,73.76762854489517,1.0
8209.042630187456,Washington,Cloudy;Mostly;Overcast,88.709535681119,1.0
8224.229330094593,Washington,Mostly Cloudy;Cloudy;Mainly Cloudy,66.7552072290906,1.0
8253.777008500185,Washington,Mostly Cloudy;Mainly Cloudy,82.5228357739858,1.0
8255.125565682842,Washington,Mostly Cloudy;Cloudy,83.0456715479716,1.0
8261.714901921161,Washington,Mostly Cloudy;Mainly Cloudy,79.76762854489519,1.0
8295.681651688996,Washington,Light Rain;Showers;Cloudy,64.9294858204192,1.0
8297.972116007879,Washington,Light Rain;Showers,87.7219569969236,1.0
8299.146394599205,Washington,Cloudy;Rain;Overcast,91.01242131580457,1.0
8302.146394599205,Washington,Rain;Cloudy;Overcast,88.34855718265719,1.0
8309.06345910382,Washington,Partly Cloudy;Mostly Cloudy;Not totally Cloudy,95.3609784984618,1.0
8315.714901921165,Washington,Partly Cloudy;Mostly Cloudy,92.5352570897904,1.0
8316.714901921161,Washington,Mostly Cloudy;Mostly;Mainly Cloudy,92.709535681119,1.0
8325.16722351557,Washington,Mostly Cloudy;Cloudy,81.0705141795808,1.0
8330.408002571232,Washington,Mostly Cloudy;Mostly;Not totally Cloudy,82.6390215015382,1.0
8332.349909707455,Washington,Partly;Partly Sunny;Scattered Clouds,77.871392956643,1.0
8336.545017215145,Washington,Partly Cloudy;Scattered Clouds;Partly,70.0829354953854,1.0
8340.545017215145,Washington,Partly Cloudy;Partly,86.3277282662948,1.0
8342.823060218221,Washington,Partly Cloudy;Not totally Cloudy;Cloudy,86.966749767833,1.0
8347.04301035752,Washington,Partly Cloudy;Not totally Cloudy,90.67628544895202,1.0
8377.532595899342,Washington,Mostly Cloudy;Mainly Cloudy;Mostly,80.89623558825221,1.0
8378.997338809551,Washington,Not totally Cloudy;Mostly Cloudy;Cloudy;Mostly,80.257214086714,1.0
8381.881153081997,Washington,Mostly Cloudy;Cloudy;Intermittent Clouds,82.8505640402806,1.0
8414.905995713607,Washington,Cloudy,65.89623558825221,1.0
8415.905995713607,Washington,Cloudy,61.896235588252196,1.0
8442.731717122278,Washington,Cloudy;Mainly Cloudy,77.8505640402806,1.0
8444.080274304933,Washington,Cloudy,74.90865690405681,1.0
8477.569859846755,Washington,Mostly Cloudy;Mainly Cloudy,79.9419071362238,1.0
8479.918417029412,Washington,Cloudy;Overcast,80.0829354953854,1.0
8483.266974212069,Washington,Mostly Cloudy;Cloudy,81.25721408671399,1.0
8486.080274304935,Washington,Mostly Cloudy;Mostly,85.0372639474138,1.0
8488.532595899342,Washington,Mostly Cloudy;Not totally Cloudy;Partly,87.43149267804259,1.0
8547.105116936547,Washington,Cloudy;Mostly Cloudy,91.02484263160922,1.0
8576.420423887035,Washington,Mostly Cloudy;Cloudy,91.31530695049021,1.0
8588.013773840603,Washington,Cloudy,59.186699907133196,1.0
8589.420423887035,Washington,Mostly Cloudy,60.2323714551048,1.0
8592.47851675081,Washington,Mostly,58.8962355882522,1.0
8595.233723979904,Washington,Mainly Cloudy,60.4647429102096,1.0
8602.001352524796,Washington,Mostly,85.30288563468561,1.0
8675.167223515567,Washington,Partly Cloudy;Mainly Cloudy;Partly Sunny;Cloudy,75.08293549538541,1.0
8680.934852060462,Washington,Cloudy;Mostly,51.76762854489518,1.0
8685.167223515567,Washington,Cloudy,79.36097849846179,1.0
8692.81866633291,Washington,Cloudy;Not totally Cloudy,91.6057712693712,1.0
8699.586294877805,Washington,Clear;Cloudy,88.01242131580459,1.0
8704.876759196688,Washington,Mainly Cloudy,70.66386413314738,1.0
8720.06345910382,Washington,Fair,86.1534496749662,1.0
8725.947273376267,Washington,Cloudy;Overcast,50.36097849846181,1.0
8741.71490192116,Washington,Cloudy;Mainly Cloudy;Scattered Clouds,82.6390215015382,1.0
8750.250159010955,Washington,Cloudy;Overcast,86.4066500464334,1.0
8754.366344738506,Washington,Cloudy;Overcast,70.39422873062878,1.0
8792.623558825218,Washington,Cloudy,79.41907136223799,1.0
8796.449280233892,Washington,Partly Cloudy;Cloudy;Not totally Cloudy,91.48958554181881,1.0
8805.436858918085,Washington,Partly Cloudy;Not totally Cloudy,92.709535681119,1.0
8806.843508964519,Washington,Clear;Mist;Not totally Cloudy,97.79247117650439,1.0
8810.308251874729,Washington,Cloudy;Mainly Cloudy,92.76762854489522,1.0
8817.1339732834,Washington,Not totally Cloudy;Partly;Cloudy,59.871392956642985,1.0
8838.972116007877,Washington,Mostly,93.79247117650439,1.0
8846.030208871653,Washington,Partly,60.4895855418188,1.0
8852.436858918087,Washington,Fair,50.39422873062878,1.0
8859.204487462983,Washington,Mostly Cloudy;Cloudy;Mainly Cloudy,71.29046431888099,1.0
8880.98453732368,Washington,Cloudy,86.18669990713317,1.0
8883.44928023389,Washington,Cloudy;Scattered Clouds;Mostly Cloudy;Mainly Cloudy,83.92107821986139,1.0
8889.333094506337,Washington,Clear;Cloudy,84.09535681118999,1.0
8893.146394599205,Washington,Mostly Cloudy;Cloudy;Fog,92.01242131580462,1.0
8894.146394599205,Washington,Cloudy;Partly;Scattered Clouds;Partly Cloudy,86.24479277090937,1.0
8909.681651688996,Washington,Overcast,74.0829354953854,1.0
8912.797837416547,Washington,Overcast,74.0829354953854,1.0
8915.9140231441,Washington,Mostly Cloudy,84.43149267804262,1.0
8924.320673190532,Washington,Fair,87.0829354953854,1.0
8941.507373097667,Washington,Cloudy,76.56009972139961,1.0
8954.752165868576,Washington,Light Rain;Showers,89.63061390098042,1.0
8957.635980141025,Washington,Cloudy;Light;Light Rain,83.92107821986139,1.0
8965.275001642563,Washington,Light Rain;Rain,86.24479277090937,1.0
8968.449280233892,Washington,Cloudy;Overcast,86.41907136223797,1.0
8973.333094506337,Washington,Cloudy;Overcast,90.90865690405683,1.0
8997.055051503261,Washington,Mostly Cloudy;Mainly Cloudy;Cloudy,73.966749767833,1.0
9011.241751410394,Washington,Cloudy;Mainly Cloudy,84.21154253874239,1.0
9017.416030001725,Washington,Mostly Cloudy,74.85056404028062,1.0
9020.532215729274,Washington,Overcast,85.0124213158046,1.0
9030.241751410396,Washington,Rain,85.65144281734281,1.0
9036.764587184383,Washington,Cloudy,87.547678405595,1.0
9038.764587184383,Washington,Cloudy,85.95432845202838,1.0
9046.35793713795,Washington,Cloudy;Light Rain;Overcast,85.18669990713322,1.0
9053.93886577571,Washington,Light Rain;Showers,84.09535681118999,1.0
9065.4741228655,Washington,Partly Cloudy;Mostly Cloudy;Not totally Cloudy;Clouds,84.03726394741379,1.0
9082.57788727725,Washington,Overcast,84.08293549538541,1.0
9109.951287091517,Washington,Mostly Cloudy;Mainly Cloudy;Intermittent,65.6514428173428,1.0
9111.706494320604,Washington,Not totally Cloudy;Scattered Clouds;Intermittent Clouds;Partly Cloudy,69.0829354953854,1.0
9117.880772911933,Washington,Mostly Cloudy;Mainly Cloudy,73.2696354025186,1.0
9124.055051503263,Washington,Cloudy;Light Rain,85.37339981426638,1.0
9135.416030001725,Washington,Light Rain;Showers,91.257214086714,1.0
9138.474122865498,Washington,Mostly Cloudy,61.17427859132858,1.0
9139.532215729278,Washington,Mainly Cloudy,61.11618572755238,1.0
9155.241751410394,Washington,Partly Cloudy,82.63061390098042,1.0
9166.602729908856,Washington,Partly Cloudy;Scattered Clouds;Clear,41.2447927709094,1.0
9179.312265589977,Washington,Cloudy;Overcast,39.3942287306288,1.0
9182.71891563641,Washington,Cloudy;Overcast,36.800878777062195,1.0
9190.996958639484,Washington,Clear;Overcast;Partly Cloudy;Scattered Clouds,44.161857275524,1.0
9195.996958639487,Washington,Partly Cloudy;Overcast,58.1037644117478,1.0
9208.64840145683,Washington,Mostly Cloudy;Mostly;Sunny;Intermittent Clouds,49.61417886992899,1.0
9212.76458718438,Washington,Cloudy;Overcast,41.195107507690985,1.0
9238.416030001727,Washington,Mainly Cloudy,50.62660018573359,1.0
9258.370358453752,Washington,Cloudy;Overcast,40.26562168727179,1.0
9265.312265589977,Washington,Cloudy;Overcast,44.03325023216699,1.0
9271.254172726201,Washington,Snow;Light Rain,80.2199501393002,1.0
9276.021801271096,Washington,Snow;Light Rain;Light,74.16185727552401,1.0
9280.54463704508,Washington,Snow;Light Snow;Light Rain,79.4647429102096,1.0
9308.324686905778,Washington,Sunny;Clear,33.788457461257586,1.0
9311.079894134873,Washington,Sunny;Clear;Overcast,32.96273605258619,1.0
9313.71891563641,Washington,Cloudy;Light Rain;Mainly Cloudy,63.161857275523985,1.0
9320.777008500187,Washington,Cloudy;Overcast,63.80087877706219,1.0
9351.557058360886,Washington,Fair,56.6722717337052,1.0
9369.511386812914,Washington,Mostly Cloudy;Mainly Cloudy;Light Rain,70.8008787770622,1.0
9376.976129723125,Washington,Cloudy;Overcast,74.63902150153818,1.0
9379.54463704508,Washington,Cloudy;Overcast,70.0456715479716,1.0
9392.54463704508,Washington,Mostly,35.975157368390796,1.0
9402.370358453754,Washington,Mostly,67.56850732195738,1.0
9404.00937995529,Washington,Mostly Cloudy,70.39422873062878,1.0
9406.893194227738,Washington,Mostly Cloudy,76.0456715479716,1.0
9438.67324408844,Washington,Overcast;Light Snow;Flurries;Cloudy,84.6514428173428,1.0
9440.196079862424,Washington,Cloudy;Overcast,86.4066500464334,1.0
9443.777008500185,Washington,Fog;Overcast;Mist;Light Fog;Fog And Mist,87.58092863776197,1.0
9444.893194227736,Washington,Fog;Light Fog;Fog And Mist;Light Snow;Scattered Clouds;Light Snow Mist,87.11618572755238,1.0
9446.00937995529,Washington,Fog;Cloudy;Overcast;Mostly Cloudy;Mainly Cloudy,85.05809286377618,1.0
9448.11314436704,Washington,Cloudy;Haze;Overcast,78.81330009286678,1.0
9453.880772911936,Washington,Cloudy;Overcast;Light,62.9875786841954,1.0
9471.067472819068,Washington,Mist/Fog,85.17427859132859,1.0
447.397986572124,Austin,Rain,93.75799718,1.0
450.9208223461098,Austin,Rain,95.35747527,1.0
455.97891520988594,Austin,Rain,99.85597987,1.0
459.03700807366215,Austin,Cloudy,80.03415066,1.0
470.8046366185574,Austin,Cloudy,81.48832604,1.0
478.43123680429096,Austin,Cloudy,79.31755889,1.0
482.54742253184344,Austin,Cloudy,79.35060168,1.0
485.6055153956196,Austin,Cloudy,85.39001802,1.0
487.36072262471015,Austin,Cloudy,87.01744313,1.0
491.593094079815,Austin,Cloudy,91.90191549,1.0
498.8254655349197,Austin,Cloudy,82.5142044,1.0
508.36072262471015,Austin,Overcast,84.1817674995706,1.0
538.9540725782769,Austin,Cloudy,68.03302461,1.0
551.7217011231719,Austin,Sunny,67.23131057,1.0
560.0121654420531,Austin,Sunny,58.41671257,1.0
577.431236804291,Austin,Cloudy,85.94285724,1.0
579.721701123172,Austin,Cloudy,93.08269049,1.0
592.3731439405146,Austin,Cloudy,78.88021894,1.0
597.2445368971578,Austin,Rain,93,1.0
602.8254655349198,Austin,Cloudy,100.8980354,1.0
605.1159298538007,Austin,Rain,100,1.0
615.7092798073674,Austin,Cloudy;Fog;Fog And Mist;Light Rain;Light Rain Mist,100.2930165,1.0
622.4769083522625,Austin,Mist/Fog,92.79057289570761,1.0
652.1988653491861,Austin,Fog,101.5545108,1.0
656.7797939869481,Austin,Fog,93.29876588,1.0
696.5141722996764,Austin,Mist/Fog,87.12872375383829,1.0
700.1531938012146,Austin,Mist/Fog,86.15090065866119,1.0
703.0951009374384,Baltimore,Overcast with Haze,80.31329692920758,1.0
705.7341224389766,Austin,Cloudy,72.88036911,1.0
719.5017509838717,Austin,Rain,87.18640074,1.0
721.8503081665289,Austin,Rain,91.09180308,1.0
726.6179367114241,Austin,Rain,95.49626495,1.0
748.0370080736623,Baltimore,Overcast,80.60592356678983,1.0
759.8627294823336,Baltimore,Mist/Light Rain Fog,93.42130776783405,1.0
761.0370080736623,Baltimore,Mist/Light Rain Fog,90.33343166348574,1.0
770.4436581200956,Baltimore,Mostly,40.67747431,1.0
788.3855652563193,Baltimore,Sunny,55.40255826,1.0
820.9913365256906,Baltimore,Fair,45.198355152238,1.0
826.7589650705858,Baltimore,A Few Clouds,58.378527439046216,1.0
841.9456649777189,Baltimore,Overcast,42.68524394779624,1.0
852.7465437547812,Baltimore,Cloudy,38.3308859,1.0
854.6760295752005,Baltimore,Cloudy,33.73097975,1.0
873.688450891005,Baltimore,Snow,79.06439852,1.0
886.1656151170192,Baltimore,Light,84.64079234,1.0
906.2942221603761,Baltimore,Sunny,30.56148757,1.0
911.0618507052712,Baltimore,Sunny,37.31493247,1.0
926.8294792501665,Baltimore,Sunny,55.1371074,1.0
939.7713863863903,Charlotte,Mainly Cloudy,66.38365138014647,1.0
941.9456649777188,Charlotte,Partly Cloudy,61.05653436475071,1.0
960.0161791572997,Baltimore,Partly,55.0290948,1.0
970.6676219746425,Baltimore,Cloudy,81.02426291,1.0
977.8419005659711,Baltimore,Cloudy,80.90692207,1.0
994.2609719282091,Charlotte,Mostly Cloudy,62.23920266890161,1.0
1006.6800432904471,Charlotte,Overcast,70.79926691471094,1.0
1039.7629787858325,Baltimore,Cloudy,82.60452118,1.0
1050.2401430118466,Charlotte,Light Snow,78.63026033011951,1.0
1063.484935782756,Charlotte,Mist/Fog,84.12177893940513,1.0
1083.555449962337,Boston,Sunny,42,1.0
1086.4973570985608,Boston,Sunny,37.96346927,1.0
1092.9621000087704,Boston,Mostly Sunny;Partly Cloudy,26.12663412,1.0
1098.3687500552037,Boston,Sunny,35.81839774,1.0
1106.9621000087702,Boston,Cloudy,40,1.0
1109.3106571914277,Boston,Cloudy,44.45064639,1.0
1111.6011215103085,Boston,Mostly Cloudy;Mostly,44,1.0
1115.356328739399,Boston,Sunny,48,1.0
1123.065864420518,Boston,Not totally Cloudy;Partly Sunny,36.19981079,1.0
1131.2401430118468,Boston,Partly Cloudy;Mainly Sunny;Mostly Clear,28.50807956,1.0
1168.4973570985605,Boston,Sunny,31,1.0
1172.0782857363229,Boston,Sunny,36,1.0
1183.6716356898892,Boston,Scattered Clouds;Mostly Cloudy;Cloudy;Partly,40.20893997,1.0
1193.3811713710083,Boston,Cloudy,38,1.0
1205.1487999159035,Boston,Cloudy,44.98739484,1.0
1211.032614188351,Boston,Not totally Sunny;Scattered Clouds;Not totally Cloudy,37.79077173,1.0
1213.8459142812178,Boston,Partly Cloudy;Scattered Clouds;Partly,35,1.0
1226.4973570985605,Boston,Cloudy,58,1.0
1229.3106571914277,Boston,Cloudy,56,1.0
1237.704885922056,Boston,Sunny,63,1.0
1240.5887001945039,Boston,Sunny,65,1.0
1268.9621000087704,Boston,Partly Sunny;Partly;Scattered Clouds,58,1.0
1276.7048859220563,Chicago,Not totally Cloudy;Partly Cloudy;Mostly Clear,32.938324092284795,1.0
1282.4725144669515,Chicago,Overcast;Cloudy,45.93576290738021,1.0
1287.2401430118466,Chicago,Not totally Cloudy;Partly Cloudy,50.40571805350192,1.0
1291.1820501480706,Chicago,Partly Cloudy;Not totally Cloudy,56.42142169062245,1.0
1298.065864420518,Chicago,Cloudy;Overcast,43.72146537998884,1.0
1344.6259641419178,Chicago,Cloudy,67.25708549093346,1.0
1394.6051352255554,Charlotte,Cloudy;Overcast,51.25886185308741,1.0
1398.779413816884,Charlotte,Partly Cloudy;Scattered Clouds;Mostly Clear,43.344184545290744,1.0
1428.9785350398217,Charlotte,Partly Cloudy;Scattered Clouds;Mist;Cloudy,93.26741127982028,1.0
1431.9204421760455,Columbus,Mostly Cloudy;Intermittent;Mist;Fog And Mist,95.89356831998165,1.0
1432.9204421760455,Columbus,Mostly Cloudy;Mainly Cloudy,91.62725588328367,1.0
1442.5718849933885,Charlotte,Not totally Cloudy;Partly Cloudy;Mostly Sunny;Sunny,44.71137928611615,1.0
1501.9701274392642,Charlotte,Cloudy,81.28972468226269,1.0
1507.7958488479353,Charlotte,Cloudy,78.99989512120126,1.0
1512.4805418974454,Charlotte,Partly Cloudy;Cloudy;Scattered,73.47256060350112,1.0
1513.4805418974454,Charlotte,Partly Cloudy;Not totally Cloudy,76.27734597504745,1.0
1515.5386347612211,Charlotte,Partly Cloudy;Not totally Cloudy,78.64105225792835,1.0
1537.3519348540879,Charlotte,Sunny;Mainly Sunny;Fair;Partly Cloudy;Partly,51.428296945815205,1.0
1543.0614705352073,Charlotte,Clear,68.76965540368172,1.0
1581.3643561698925,Columbus,Mostly Cloudy;Mainly Cloudy;Intermittent Clouds,68.26649159687663,1.0
1583.3062633061165,Charlotte,Partly Cloudy;Mainly Sunny;Mostly Clear,48.94623811010848,1.0
1596.642399172969,Charlotte,Cloudy,67.97201514104572,1.0
1612.7710062163262,Columbus,Drizzle;Light Drizzle;Showers,94.11660736093738,1.0
1651.5634773928307,Charlotte,Fog;Overcast;Mist;Light Fog,92.73402629450904,1.0
1653.5634773928307,Charlotte,Fog;Overcast;Mist,91.64679573546901,1.0
1661.1568273463972,Charlotte,Fog,97.41563712893682,1.0
1667.5843063091932,Charlotte,Fog,98.41374362103454,1.0
1671.2689993587026,Charlotte,Fog,99.3883360557679,1.0
1672.9080208602406,Charlotte,Fog;Overcast;Mist,97.68771882806655,1.0
1716.2938419903119,Chicago,Cloudy;Mostly Cloudy;Mostly,57.07937630923644,1.0
1718.351934854088,Chicago,Cloudy;Mostly Cloudy;Mainly Cloudy,55.91222239231259,1.0
1724.1195633989832,Chicago,Mostly Cloudy;Mostly,46.836078442345155,1.0
1728.2938419903119,Chicago,Cloudy;Mostly Cloudy;Partly Sunny,61.696072818605515,1.0
1738.418435318422,Chicago,Mainly Sunny;Partly Cloudy;Not totally Cloudy,59.18377513140971,1.0
1742.5346210459745,Chicago,Partly Cloudy;Partly;Mostly Clear;Scattered,62.192516672661654,1.0
1747.4765281821985,Chicago,Cloudy;Overcast,64.5330747497302,1.0
1751.7088996373031,Chicago,Cloudy,62.60421307966766,1.0
1753.05745681996,Chicago,Cloudy,63.2734870766777,1.0
1765.5927139097505,Chicago,Cloudy;Haze,54.98811910612687,1.0
1768.4060140026174,Dallas,A Few Clouds,61.77399297922796,1.0
1770.6383854577223,Dallas,Clean,64.19786877466066,1.0
1777.2193140954844,Dallas,Partly Cloudy,66.02882649145641,1.0
1778.6840570056938,Dallas,Partly Cloudy,66.46035347459946,1.0
1779.8583355970222,Dallas,A Few Clouds,68.03273244950775,1.0
1788.7754001016374,Dallas,Overcast,63.184624615487174,1.0
1803.1363786000986,Chicago,Mostly Cloudy;Cloudy;Mostly,64.2581325767901,1.0
1825.264985643456,Chicago,Partly Cloudy;Scattered Clouds;Not totally Cloudy,56.251157244235536,1.0
1830.032614188351,Chicago,Mostly Cloudy;Partly;Intermittent Clouds;Partly Cloudy,64.93524708115116,1.0
1839.6259641419178,Chicago,Cloudy;Overcast,73.42736543767481,1.0
1842.8583355970227,Chicago,Cloudy;Mostly Cloudy;Mainly Cloudy,71.12876777605908,1.0
1848.9040071449942,Chicago,Mostly Cloudy;Mainly Cloudy,77.60144289333867,1.0
1854.0201928725467,Chicago,Partly Cloudy;Mostly;Not totally Cloudy;Mostly Sunny,72.98074984843231,1.0
1875.0907070521273,Denver,Haze;Partly Cloudy;Hazy,72.36510622119857,1.0
1877.3811713710083,Denver,Cloudy;Haze,76.65431168909986,1.0
1888.1363786000989,Denver,Overcast,72.6653832587904,1.0
1899.5554499623365,Denver,Overcast with Haze,78.72166384087826,1.0
1905.555449962337,Denver,Overcast with Haze,78.24854714073734,1.0
1909.4973570985603,Chicago,Partly Cloudy;Cloudy;Partly;Partly Sunny,61.91527495326457,1.0
1922.74214986947,Chicago,Snow;Flurries;Light Snow;Light,91.54119293155749,1.0
1939.684057005694,Chicago,Cloudy;Haze,75.30686929132175,1.0
1943.6259641419176,Denver,Overcast Haze,63.91581658743849,1.0
1980.5346210459743,Chicago,Cloudy;Haze,79.80945371262774,1.0
1991.3603424546457,Chicago,Cloudy;Haze,81.14074821028535,1.0
2004.6508067735272,Denver,Mist/Light Snow Fog,84.70252519502125,1.0
2008.2898282750648,Denver,Light Snow,79.35542827985178,1.0
2017.8831782286316,Denver,Overcast with Haze,81.80974880838542,1.0
2022.999363956184,Denver,Overcast with Haze,81.72583172388026,1.0
2044.8375066806602,Denver,Cloudy;Overcast;Sunny,54.04795172984647,1.0
2047.9536924082126,Denver,Sunny;Cloudy;Clean;Mostly Cloudy,50.84255082898108,1.0
2065.4184353184223,Denver,Sunny;Cloudy;Fair;Mostly Cloudy,73.4432405563873,1.0
2068.1736425475124,Detroit,Partly Cloudy;Sunny;Mostly Clear,79.62724420873346,1.0
2076.05745681996,Detroit,Haze;Hazy;Sunny,74.94207533174371,1.0
2077.173642547513,Detroit,Haze;Fair;Hazy;Intermittent Clouds,75.16245659810838,1.0
2081.52219973017,Detroit,Clear;Mostly Cloudy;Fair;Cloudy,57.946036281494514,1.0
2086.5802925939465,Detroit,Mostly Cloudy;Cloudy;Clear,47.68944445689554,1.0
2119.6632280893314,Detroit,Cloudy;Overcast,55.35378744710622,1.0
2129.547042361779,Detroit,Cloudy;Clear,59.14847577338125,1.0
2136.547042361779,Detroit,Cloudy;Overcast,59.283808327243975,1.0
2150.4308566342274,Detroit,Clear;Mostly Clear;Fair,57.30201400204049,1.0
2157.011785271988,Detroit,Partly Cloudy;Clear;Sunny,74.60803921170587,1.0
2174.708899637303,Detroit,Clear;Sunny;Partly;Fair,60.386354630393605,1.0
2179.4765281821983,Detroit,Sunny,44.98238242487039,1.0
2186.418435318423,Detroit,Cloudy;Overcast,73.65858845519766,1.0
2187.7088996373027,Detroit,Cloudy;Overcast,74.40042796794019,1.0
2189.3479211388412,Detroit,Cloudy;Scattered Clouds,81.0509719509482,1.0
2232.8499279964653,Detroit,Cloudy;Overcast,67.41202507740478,1.0
2299.7834275321306,Detroit,Cloudy;Snow;Light Snow,74.616503210116,1.0
2303.538634761221,Detroit,Light Snow;Cloudy;Overcast,81.55147863025353,1.0
2353.2149202101737,Dallas,Light Rain;Rain,89.49763719636667,1.0
2367.156827346397,Dallas,Cloudy;Mostly Cloudy,69.10025553797794,1.0
2385.227341525978,Dallas,Cloudy;Mostly Cloudy,87.80122457896391,1.0
2387.5178058448587,Dallas,Cloudy;Haze,80.70637817513179,1.0
2389.6920844361866,Dallas,Cloudy;Haze,76.16780056833147,1.0
2395.156827346397,Dallas,Cloudy,67.6442288134866,1.0
2411.4016201173063,Detroit,Mist/Fog,85.36604181636378,1.0
2422.3311059377256,El Paso,Overcast with Haze,76.87772397242604,1.0
2427.318684621921,El Paso,Overcast,66.45538123066429,1.0
2438.086313166816,Dallas,Cloudy;Overcast,74.20281920706026,1.0
2442.2024988943685,Dallas,Cloudy;Overcast,75.55468745610224,1.0
2451.912034575488,Dallas,Cloudy;Overcast,74.98950472770633,1.0
2454.0282203030397,Dallas,Cloudy;Overcast,72.88317742427809,1.0
2475.4929632132503,Dallas,Cloudy;Overcast,77.68445182955496,1.0
2479.376777485698,Dallas,Cloudy;Overcast,78.50951117350778,1.0
2481.376777485697,Dallas,Cloudy;Overcast,82.78470841146897,1.0
2500.621570256607,Dallas,Cloudy;Overcast,74.5411620509684,1.0
2508.1319847147884,El Paso,Rain;Light Rain;Light,84.43305478531488,1.0
2520.538634761221,El Paso,Mist/Fog,82.45153813340518,1.0
2536.9577061234595,El Paso,Mist/Light Rain Fog,91.47478613165777,1.0
2538.899613259683,Dallas,Light Rain;Rain;Cloudy,84.51799806546958,1.0
2540.596727624997,El Paso,Light Rain;Rain,85.13712645405215,1.0
2542.1195633989832,El Paso,Overcast;Cloudy,87.48279474667588,1.0
2545.0033776714313,El Paso,Cloudy,69.86003032562728,1.0
2549.8871919438784,El Paso,Cloudy,79.12591590193483,1.0
2552.7461635847167,El Paso,Cloudy;Haze,81.98656973938164,1.0
2582.0033776714304,Fort Worth,Overcast with Haze,82.89418890306702,1.0
2590.6548204887736,Fort Worth,Overcast Haze,82.69108055322216,1.0
2603.899613259683,Fort Worth,Cloudy,58.79203373559765,1.0
2604.899613259683,Fort Worth,Mostly,55.882675248673856,1.0
2608.725334668354,Fort Worth,Cloudy;Mostly Cloudy,64.34736672107296,1.0
2638.2730130739487,Fort Worth,Mostly,61.20420230619959,1.0
2647.7958488479358,Fort Worth,Overcast,85.79594854093419,1.0
