entity,Domain,Conditions,Humidity,day
2100.725108511768,Fort Worth,Mostly Cloudy,86.38537786601424,1.0
2103.725108511768,Fort Worth,Overcast,82.60559378945095,1.0
2123.8442448180217,Fort Worth,Fog;Partly Cloudy;Not totally Cloudy;Scattered Clouds,92.11906459126773,1.0
2143.8532731625564,Fort Worth,Partly Cloudy;Mostly Cloudy,77.77606002580836,1.0
2148.29370500943,Fort Worth,Partly Cloudy;Clear;Clean;Sunny;Intermittent Clouds,74.82811816178521,1.0
2149.568974913726,Fort Worth,Partly Cloudy;Clear,76.4712449083334,1.0
2157.3487589902884,Fort Worth,Partly;Partly Cloudy;Partly Sunny,50.47147304730299,1.0
2180.192625392246,Fort Worth,Mist/Fog,91.61462213398578,1.0
2184.027463449669,Fort Worth,A Few Clouds,69.99097165546519,1.0
2192.7521935453724,Fort Worth,A Few,28.74367069842403,1.0
2195.027463449668,Fort Worth,A Few Clouds,26.19313088983226,1.0
2198.412841315683,Fort Worth,Not totally Cloudy,26.41334681326897,1.0
2204.8442448180217,Fort Worth,Mostly Clear;Partly;Mainly Sunny,33.51665014226913,1.0
2209.339730645754,Fort Worth,Clear;Sunny,43.19320305840776,1.0
2226.7891908371616,Fort Worth,Not totally Cloudy;Mostly Cloudy;Clear;Mostly;Partly Cloudy,31.678818304518458,1.0
2232.504892588332,Fort Worth,Mostly Cloudy;Sunny,26.76708087428124,1.0
2235.449838607472,Fort Worth,Partly Cloudy;Cloudy;Mostly Cloudy;Clear,51.0062626329345,1.0
2242.7801624926274,Fort Worth,Mainly Cloudy;Partly Cloudy;Mostly Cloudy;Mostly Clear,58.72737159846193,1.0
2272.2937050094292,Houston,Cloudy,50.914593093900145,1.0
2278.2386510285705,Houston,Cloudy,83.39822512756912,1.0
2292.522949277401,Houston,Overcast,59.3673211769446,1.0
2298.798219181697,Houston,Overcast,85.82580971288765,1.0
2317.137571411387,Houston,Clear,44.76624376367574,1.0
2321.679082875444,Houston,Clear,60.82730222978184,1.0
2323.789190837162,Houston,Clear,51.003678986015345,1.0
2329.881242109811,Houston,Clear;Partly Cloudy;Mainly Sunny,46.671743796168265,1.0
2335.716080167234,Houston,Sunny;Mostly Sunny,44.749951054559794,1.0
2356.670054530909,Houston,Clean,71.49548582773261,1.0
2376.624028894585,Houston,Mainly Cloudy;Mostly Cloudy;Intermittent Clouds,41.32220282146234,1.0
2410.4678952965423,Houston,Cloudy,53.92688933007119,1.0
2418.1375714113865,Houston,Partly Cloudy,49.53248311952214,1.0
2423.1375714113874,Houston,Not totally Cloudy,39.52345477498732,1.0
2425.2937050094292,Houston,Not totally Cloudy,38.422375157803785,1.0
2428.7891908371616,Houston,Not totally Cloudy,32.523454774987314,1.0
2434.5139209328668,Houston,Mostly Cloudy,30.468400794128144,1.0
2455.7982191816973,Houston,Clear;Mostly Cloudy,53.51790030360732,1.0
2465.2937050094297,Houston,Clear;Sunny,66.87614707515544,1.0
2482.2846766648945,Houston,Cloudy;Overcast,52.32506010151629,1.0
2488.2846766648945,Houston,Cloudy,55.40285797581383,1.0
2502.394784626613,Houston,Fair,68.34838057422469,1.0
2508.5599465691907,Houston,Clean,77.5776248421962,1.0
2524.679082875444,Houston,Clear;Mostly Clear,52.99346317992248,1.0
2526.725108511768,Houston,Clear;Mostly Clear,58.52517009544238,1.0
2528.385756282079,Houston,Clear;Sunny,62.68566981035898,1.0
2550.330702301219,Houston,Partly Cloudy;Partly Sunny;Scattered Clouds;Scattered;Not totally Cloudy,58.73298267052086,1.0
2562.890270454345,Houston,Clear;Clean;Mostly Clear,76.44053699516441,1.0
2565.6610261863743,Houston,Clear;Fair,77.26672146261294,1.0
2570.1565120141076,Houston,Clear;Fair;Mostly Cloudy,82.23419406349743,1.0
2571.2115659949663,Houston,Overcast;Cloudy;Clear,82.386226926335,1.0
2589.266619975825,Indianapolis,Cloudy,69.28129301184626,1.0
2591.762105803558,Indianapolis,Clear;Cloudy,74.19981222634568,1.0
2593.092429688713,Indianapolis,Partly Cloudy;Cloudy,73.45714561658812,1.0
2622.376727937543,Indianapolis,Clean,83.67870445937976,1.0
2625.9272677461354,Indianapolis,Clean,84.44946019140824,1.0
2636.3586712484744,Indianapolis,Cloudy,67.02077728951677,1.0
2644.5238331910514,Indianapolis,Cloudy;Overcast;Partly Cloudy,78.03516144156286,1.0
2658.523833191052,Indianapolis,Light Snow;Flurries;Cloudy;Light,80.64174537234436,1.0
2662.5148048465167,Indianapolis,Haze;Hazy;Cloudy;Partly Cloudy,78.0936347428685,1.0
2679.6889951336293,Indianapolis,Overcast,82.41246289961869,1.0
2687.578887171911,Indianapolis,Mist/Fog,80.80686911016774,1.0
2705.8081314398823,Indianapolis,Flurries;Cloudy;Fog And Mist;Light Snow;Light Snow Mist;Mist,89.73856547275057,1.0
2708.1935093058964,Indianapolis,Light Snow;Overcast;Flurries;Snow,90.26798832936686,1.0
2712.083401344178,Indianapolis,Cloudy;Overcast;Fog,84.24507452570094,1.0
2713.1384553250373,Indianapolis,Cloudy;Fog;Mist,89.8700460611943,1.0
2723.698023478164,Indianapolis,Cloudy;Partly;Partly Cloudy,69.01590762979599,1.0
2726.028347363319,Indianapolis,Cloudy,63.20078982077293,1.0
2738.7530774590227,Indianapolis,Mist/Light Snow Fog,88.53159920587186,1.0
2743.7350207699533,Indianapolis,Mist/Fog,84.86192309102691,1.0
2759.0193190187842,Jacksonville,Overcast,64.3483805742247,1.0
2763.4597508656575,Jacksonville,Light Snow;Snow;Light Snow Mist;Flurries,89.83890536704588,1.0
2767.7900747508124,Jacksonville,Cloudy,82.53529634736644,1.0
2772.230506597686,Jacksonville,Mostly Cloudy;Cloudy,76.89852804036457,1.0
2778.230506597686,Jacksonville,Partly Cloudy;Not totally Cloudy;Partly Sunny,63.019538917520926,1.0
2798.184480961362,Jacksonville,Mostly Cloudy,73.50006958376258,1.0
2800.790074750813,Jacksonville,Mostly Cloudy;Mainly Cloudy,79.42478035720512,1.0
2817.9092110570655,Jacksonville,Mostly Cloudy,56.94494601914082,1.0
2832.468779210192,Jacksonville,Mainly Cloudy,80.95397436367564,1.0
2836.4137252293326,Jacksonville,Mainly Cloudy,70.66967611484495,1.0
2844.6799667890946,Jacksonville,Partly,39.101079617183544,1.0
2845.95523669339,Jacksonville,Mostly Cloudy,31.0,1.0
2851.95523669339,Jacksonville,Clear;Fair,60.94798556670868,1.0
2856.9552366933904,Jacksonville,Sunny;Clear,73.57533318672385,1.0
2877.019319018784,Jacksonville,Cloudy;Overcast,43.543522242840645,1.0
2884.0193190187842,Jacksonville,Not totally Cloudy;Mostly Clear;Scattered Clouds;Cloudy,63.67870445937976,1.0
2900.8911543679956,Jacksonville,Cloudy,80.74819816156183,1.0
2910.423637487518,Jacksonville,Cloudy;Mainly Cloudy,44.01947862922049,1.0
2912.533745449237,Las Vegas,Mostly Cloudy;Cloudy,40.814232334789764,1.0
2927.5247171047017,Las Vegas,Light Rain,87.99672051741406,1.0
2937.139339238687,Las Vegas,Overcast,87.7157017511693,1.0
2946.6438534109548,Las Vegas,Overcast,92.94494601914083,1.0
2962.3135295258,Las Vegas,Mostly Cloudy;Intermittent Clouds;Cloudy,32.03258715181395,1.0
2970.5066604156323,Las Vegas,Mainly Cloudy;Mostly Cloudy;Cloudy,48.686487834018344,1.0
2975.561714396491,Las Vegas,Mostly Cloudy;Mostly,66.33825424848715,1.0
2999.35052681759,Las Vegas,Overcast,48.48645748319778,1.0
3007.910094970716,Las Vegas,Mostly Cloudy,65.66064777031012,1.0
3022.1943932195463,Las Vegas,Mostly,32.75269904295884,1.0
3024.29547283673,Las Vegas,Mostly Cloudy,30.935917674606006,1.0
3049.1943932195463,Las Vegas,Light Rain;Showers,81.21651878194213,1.0
3056.0662285687586,Las Vegas,Light Rain;Rain,92.37333465402929,1.0
3064.6808507027445,Las Vegas,Overcast,56.559568153126584,1.0
3070.066228568759,Las Vegas,Overcast,72.7797840765633,1.0
3075.726876339068,Las Vegas,Light Rain,86.38537786601424,1.0
3085.5436577074215,Las Vegas,Light,83.66064777031013,1.0
3093.213333822267,Las Vegas,Light Rain,92.11684465078082,1.0
3100.2683878031257,Las Vegas,Rain,88.39738883640136,1.0
3115.5526860519567,Las Vegas,Clear,81.16217438897881,1.0
3134.5617143964914,Las Vegas,Cloudy;Overcast,87.4815295288942,1.0
3140.2864444921956,Las Vegas,Cloudy,76.57733485066244,1.0
3150.3784957648436,Las Vegas,Mist/Fog,83.62365047852059,1.0
3151.433549745703,Las Vegas,Mist/Fog,86.2933265933655,1.0
3153.6537656691403,Las Vegas,Mist/Fog,85.8528947464921,1.0
3154.8189276117178,Las Vegas,Mist/Fog,90.3483805742247,1.0
3157.039143535155,Los Angeles,Mist/Fog,86.34838057422469,1.0
3161.984089554295,Los Angeles,Mist/Fog,87.51354251680222,1.0
3182.1032258605483,Los Angeles,Cloudy;Overcast,77.23448517284298,1.0
3187.0481718796887,Los Angeles,Cloudy,73.46313279652881,1.0
3192.7729019753942,Los Angeles,Cloudy,75.74309139561042,1.0
3198.2133338222666,Los Angeles,Cloudy,72.89137581541699,1.0
3204.93806391797,Los Angeles,Cloudy,73.22877209141207,1.0
3206.9380639179703,Los Angeles,Cloudy,76.91593413969186,1.0
3210.1032258605483,Los Angeles,Cloudy,77.5299651443262,1.0
3214.883009937111,Los Angeles,Cloudy,80.73310431799626,1.0
3232.8920382816464,Los Angeles,Cloudy,80.03687635590698,1.0
3240.8369843007877,Los Angeles,Light Rain;Rain,83.72965939888796,1.0
3248.2774161476605,Los Angeles,Light Rain;Cloudy,86.61078851770928,1.0
3252.378495764844,Los Angeles,Light Rain;Rain,90.17208038298931,1.0
3263.99311789883,Los Angeles,Light Rain,83.73375844023893,1.0
3277.772901975393,Los Angeles,Light Rain,95.73375844023893,1.0
3288.33247012852,Los Angeles,Cloudy,78.7431086769229,1.0
3289.5526860519567,Los Angeles,Cloudy,79.18354052379631,1.0
3307.7819303199285,Los Angeles,Cloudy,70.3017692174119,1.0
3314.662794013674,Los Angeles,Sunny;Not totally Cloudy,58.695251471815105,1.0
3323.2774161476605,Los Angeles,Overcast,79.66967611484493,1.0
3325.7178479945346,Los Angeles,Overcast,85.22924426797152,1.0
3343.3875241093792,Los Angeles,Mainly Cloudy,68.55053980859176,1.0
3351.2774161476614,Los Angeles,Sunny;Partly Cloudy;Clear,67.79306729510989,1.0
3352.442578090238,Memphis,Clear;Sunny,71.21072921197084,1.0
3368.33247012852,Memphis,Sunny;Cloudy;Mostly,85.68609874236893,1.0
3373.9931178988295,Memphis,Clear;Sunny;Overcast,68.96910607354745,1.0
3375.158279841407,Memphis,Light Rain;Cloudy;Clean,70.68301814676686,1.0
3395.2593594585906,Memphis,Clean,88.5045141722674,1.0
3403.424521401169,Memphis,Fair,80.0,1.0
3405.0851691714793,Memphis,Fair,77.44043184687341,1.0
3406.195277133196,Memphis,Fair,77.11010796171836,1.0
3426.589683343746,Memphis,Cloudy,82.19064841618253,1.0
3436.314413439451,Memphis,Partly Cloudy;Fair,75.82488905919921,1.0
3439.4705470374925,Memphis,Partly Cloudy;Clear;Scattered Clouds;Clean,77.38941484371506,1.0
3440.580654999211,Memphis,Partly Cloudy;Not totally Cloudy;Clear,78.68940016981189,1.0
3443.406464712099,Memphis,Partly;Scattered Clouds;Cloudy;Not totally Cloudy,80.49836906783614,1.0
3461.470547037493,Memphis,Cloudy;Overcast;Fog And Mist,91.30150309258406,1.0
3464.7458169417887,Memphis,Cloudy;Overcast,85.83198024602031,1.0
3477.085169171479,Memphis,Mostly Cloudy,82.50451417226742,1.0
3499.9840895542957,Memphis,Cloudy,72.68839308992222,1.0
3514.433549745704,Memphis,Cloudy,71.50223218405884,1.0
3518.250331114055,Memphis,Cloudy,70.70511900465839,1.0
3520.690762960929,Memphis,Cloudy,69.1581268151284,1.0
3525.800870922648,Memphis,Cloudy;Mostly Cloudy,61.78886237319989,1.0
3528.461518692958,Memphis,Cloudy;Mostly,61.361888585453215,1.0
3535.406464712099,Memphis,Cloudy,72.87579635738808,1.0
3538.232274424986,Memphis,Cloudy,73.63614167427978,1.0
3540.3974363675634,Memphis,Cloudy,72.6225604040293,1.0
3545.507544329283,Memphis,Cloudy,75.38974505761087,1.0
3554.067112482409,Memphis,Cloudy,74.9586186242614,1.0
3560.7367885972535,Milwaukee,Cloudy;Mostly Cloudy,69.56139849014916,1.0
3564.2142177359174,Milwaukee,Cloudy;Light;Light Rain,80.52527474218789,1.0
3574.737672510904,Milwaukee,Rain;Cloudy,91.12646375850275,1.0
3581.517456587467,Milwaukee,Rain;Showers;Cloudy,91.9486666549766,1.0
3595.7196158218344,Milwaukee,Mist/Rain Fog,86.38537786601424,1.0
3607.8297237835527,Milwaukee,Overcast,90.78881242109811,1.0
3622.1049936878485,Milwaukee,Cloudy,89.16632532280079,1.0
3627.884777764412,Milwaukee,Cloudy,91.41144657903575,1.0
3629.8847777644123,Milwaukee,Cloudy,86.46065741040898,1.0
3635.8297237835527,Milwaukee,Cloudy;Overcast,90.3233906330287,1.0
3666.058968051525,Milwaukee,Mist/Fog,89.88989203828166,1.0
3673.2241299941015,Milwaukee,Light Rain,79.94494601914081,1.0
3675.3342379558208,Milwaukee,Overcast,76.5045141722674,1.0
3677.8297237835536,Milwaukee,Overcast,77.83483805742246,1.0
3686.5544538792565,Milwaukee,Cloudy;Mostly Cloudy,80.99845897646138,1.0
3695.6095078601165,Milwaukee,Cloudy;Mostly Cloudy;Overcast,79.4246337673902,1.0
3696.6645618409752,Milwaukee,Overcast;Cloudy,80.87899088259529,1.0
3698.765641458159,Milwaukee,Light Rain;Mostly Cloudy;Cloudy,79.53401975464098,1.0
3699.930803400737,Milwaukee,Light Rain;Showers,81.44288999792283,1.0
3721.7746698026936,Milwaukee,Mostly Cloudy,80.27526990429587,1.0
3741.774669802693,Milwaukee,Overcast,76.94494601914083,1.0
3758.1690760132437,Milwaukee,Mostly Cloudy;Cloudy,61.160493068505325,1.0
3762.609507860116,Milwaukee,Partly Cloudy;Sunny;Cloudy,57.22632084839872,1.0
3773.9398317452715,Milwaukee,Mostly Cloudy;Mainly Cloudy;Overcast;Intermittent Clouds,72.33308973805529,1.0
3776.8847777644123,Milwaukee,Cloudy;Overcast,70.72257277400708,1.0
3788.279183974961,Nashville,Mostly Cloudy,56.144863019681175,1.0
3802.5084282429325,Nashville,A Few Clouds,69.10107961718353,1.0
3822.517456587467,Nashville,Mostly Cloudy,42.65161942577531,1.0
3850.1961610468475,Nashville,Partly Cloudy;Not totally Cloudy;Sunny;Cloudy;Scattered,57.11621288668036,1.0
3853.0860530851282,Nashville,Partly Cloudy;Not totally Cloudy;Scattered Clouds;Mostly Sunny,57.11621288668036,1.0
3861.40734862575,Nashville,Partly Cloudy;Mostly Clear,73.67432037543071,1.0
3879.8568088171573,Nashville,Clear;Sunny,67.84122103933788,1.0
3883.4624026066085,Nashville,Sunny;Clear,58.62784216422986,1.0
3901.4714309511432,Nashville,Cloudy;Overcast,80.48728748432636,1.0
3911.1411070659874,Nashville,Fair,77.2842982488307,1.0
3927.021970759735,Nashville,Mist/Fog,82.73375844023893,1.0
3931.2972406640306,Nashville,Partly;Partly Sunny;Mostly Clear,73.96513259001463,1.0
3934.297240664031,Nashville,Mostly Cloudy;Mainly Cloudy,46.64224560011346,1.0
3936.35229464489,Nashville,Mostly Cloudy;Cloudy,56.409588422631245,1.0
3951.6826185300447,Nashville,Cloudy,76.49652914063826,1.0
3964.1781043577776,Nashville,Cloudy,60.65370105039396,1.0
3972.9028344534813,Nashville,Overcast,56.825809712887654,1.0
3989.966916778875,Nashville,Overcast,55.10107961718354,1.0
3994.1871327023127,Nashville,Overcast,58.50451417226741,1.0
3997.398320281214,Nashville,Overcast,63.65161942577531,1.0
4008.9578884343414,Nashville,Cloudy,79.95251195593788,1.0
4012.288212319496,Nashville,Light Snow;Flurries;Cloudy;Light,84.22034833346258,1.0
4021.8477804726217,Nashville,Haze;Cloudy;Snow,75.22127305974061,1.0
4036.1871327023114,Nashville,Overcast,78.75181512930857,1.0
4048.746700855439,Nashville,Overcast with Haze,78.30235493790032,1.0
4049.9118627980165,Nashville,Overcast with Haze,78.5776248421962,1.0
4053.7376725109043,Nashville,Overcast with Haze,75.46751688047785,1.0
4077.636592893721,Nashville,Cloudy;Overcast,53.40940975845189,1.0
4081.5815389128616,Nashville,Cloudy,74.21195466094946,1.0
4085.746700855439,Nashville,Cloudy;Mainly Cloudy;Mostly Cloudy;Mostly,75.47781619026556,1.0
4094.06799639606,New York,Mostly Cloudy;Mainly Cloudy;Clear,77.68211112339904,1.0
4100.067996396059,New York,Cloudy;Overcast;Sunny,84.75575110895485,1.0
4106.563482223792,New York,Cloudy;Overcast,71.60799423972041,1.0
4113.5084282429325,New York,Mostly Cloudy,71.77075573202849,1.0
4121.169076013242,New York,Mostly Cloudy,74.96300270821045,1.0
4128.893806108947,New York,Mainly Cloudy,79.06408232539398,1.0
4132.783698147228,New York,Overcast,80.79784076563294,1.0
4145.288212319496,New York,Overcast,80.46751688047787,1.0
4159.792726491764,New York,Cloudy;Overcast,88.29450942917782,1.0
4180.8477804726235,New York,Cloudy;Overcast,87.69755756799358,1.0
4193.343266300355,New York,Cloudy,72.59761142136341,1.0
4208.499399898398,New York,Mostly Cloudy;Mainly Cloudy,68.27065894071026,1.0
4220.279183974962,New York,Cloudy;Not totally Cloudy;Mostly,94.116925102567,1.0
4225.2791839749625,New York,Cloudy,80.57621814428481,1.0
4235.72864416637,New York,Mostly Cloudy,77.5776248421962,1.0
4238.72864416637,New York,Not totally Cloudy,82.86192309102691,1.0
4242.838752128087,New York,Overcast,85.58665318673103,1.0
4245.9398317452715,Oklahoma City,Overcast,84.23827261250635,1.0
4261.554453879258,Oklahoma City,Cloudy;Light Rain,88.46000525249924,1.0
4274.719615821835,Oklahoma City,Cloudy;Overcast,92.79060069131539,1.0
4279.774669802695,Oklahoma City,Rain;Overcast,92.47371529067075,1.0
4291.884777764411,Oklahoma City,Overcast,86.064082325394,1.0
4301.664561840976,Oklahoma City,Mist/Light Rain Fog,96.064082325394,1.0
4331.893806108947,Oklahoma City,Cloudy,73.58504163021681,1.0
4343.288212319495,Oklahoma City,Partly Cloudy;Sunny;Cloudy,65.4069040661254,1.0
4345.233158338638,Oklahoma City,Mostly Cloudy;Partly Sunny;Mainly Cloudy,68.12038580178292,1.0
4361.563482223791,Oklahoma City,Overcast,73.33935222968988,1.0
4364.169076013242,Oklahoma City,Overcast,77.11010796171836,1.0
4380.343266300356,Oklahoma City,Cloudy,67.66064777031013,1.0
4383.398320281214,Oklahoma City,Mostly Clear,63.32803222968269,1.0
4385.343266300355,Oklahoma City,Clear;Mostly;Cloudy,69.8380281081892,1.0
4388.2241299941015,Oklahoma City,Clear;Mainly Cloudy;Cloudy;Fair,68.77035519709378,1.0
4390.2241299941015,Oklahoma City,Mostly Cloudy;Clear;Intermittent Clouds;Fair,71.2052472261271,1.0
4401.618536204652,Philadelphia,Mostly Cloudy;Intermittent Clouds;Mostly Sunny;Sunny,35.380478071420484,1.0
4404.215101649566,Philadelphia,Mostly Cloudy;Intermittent Clouds;Fair,35.102684330201434,1.0
4444.067996396059,Philadelphia,Mainly Cloudy,35.86280700467721,1.0
4454.957888434341,Philadelphia,A Few Clouds,72.72473009570413,1.0
4469.572510568327,Philadelphia,Mostly Cloudy;Clear;Intermittent Clouds;Fair,52.31058469075969,1.0
4472.233158338637,Philadelphia,Clear;Mostly;Partly Cloudy;Clean;Mostly Cloudy,62.890136073818226,1.0
4477.123050376918,Philadelphia,Mostly Cloudy;Clear;Clean,68.47833893669761,1.0
4485.673590185511,Philadelphia,Clear;Partly Cloudy;Mostly Sunny;Sunny,75.8631398922945,1.0
4528.636592893721,Philadelphia,Clear;Not totally Cloudy;Sunny;Partly,32.52232215924873,1.0
4532.517456587468,Philadelphia,Sunny;Clear,39.677954725659745,1.0
4534.517456587467,Philadelphia,Clear,54.920461766453386,1.0
4537.572510568327,Philadelphia,Clear,55.428415093347475,1.0
4545.187132702313,Philadelphia,Clear;Partly Cloudy,61.60552528983587,1.0
4546.737672510904,Philadelphia,Clear;Mostly Clear;Not totally Cloudy,60.84106641501079,1.0
4565.7467008554395,Philadelphia,A Few Clouds,62.11010796171836,1.0
4568.352294644889,Philadelphia,A Few Clouds,63.65161942577531,1.0
4572.297240664031,Philadelphia,Clear;Scattered Clouds;Not totally Sunny;Clean;Sunny,60.861336002441284,1.0
4580.7376725109025,Philadelphia,Mainly Cloudy;Clear;Mostly Cloudy;Cloudy,42.00584001525637,1.0
4594.187132702313,Philadelphia,Cloudy;Not totally Cloudy,66.74610189189045,1.0
4597.242186683172,Philadelphia,Mostly Cloudy;Partly Cloudy,54.848362382080374,1.0
4598.407348625748,Phoenix,Mainly Cloudy;Clear;Sunny,50.03128319743766,1.0
4601.572510568326,Phoenix,Sunny;Mainly Cloudy;Clear;Fair,37.45434465990405,1.0
4604.618536204651,Phoenix,Clear;Mainly Cloudy;Intermittent Clouds;Partly Cloudy,36.4968068655158,1.0
4617.957888434341,Phoenix,Mostly Cloudy,57.37634952147942,1.0
4627.453374262074,Phoenix,Mostly,59.834838057422466,1.0
4629.224129994102,Phoenix,Cloudy,61.211187578901885,1.0
4640.783698147228,Phoenix,Clear;Mainly Cloudy;Clean;Mostly Cloudy,37.55857989998047,1.0
4659.123050376919,Phoenix,Clear;Mostly Clear;Fair,68.23827261250635,1.0
4664.847780472622,Phoenix,Sunny;Clear;Fair;Scattered Clouds;Scattered;Partly Sunny,42.60125490419045,1.0
4668.0129424152,Phoenix,Sunny;Partly Sunny;Fair;Clear,32.76866330355179,1.0
4671.1230503769175,Phoenix,Mostly Cloudy,38.1471052535079,1.0
4676.058968051524,Phoenix,Mostly Cloudy,47.72473009570412,1.0
4678.334237955821,Phoenix,Mostly,52.7157017511693,1.0
4701.838752128087,Phoenix,Clear,74.38032521778415,1.0
4711.67359018551,Phoenix,Sunny;Clear,58.77558332648728,1.0
4712.728644166369,Phoenix,Sunny;Clear,57.249514288826646,1.0
4717.279183974962,Phoenix,Sunny;Clear,41.74796071852523,1.0
4733.893806108947,Phoenix,Clear,77.7987203902993,1.0
4751.453374262075,Phoenix,Haze;Sunny;Mainly Sunny,48.307447158596055,1.0
4754.224129994101,Phoenix,Fair,52.73375844023894,1.0
4756.389291936679,Phoenix,Fair,55.504514172267406,1.0
4759.499399898398,Phoenix,Fair,56.550539808591765,1.0
4761.820695439018,Phoenix,Fair,55.504514172267406,1.0
4769.875749419877,Phoenix,Fair,76.33935222968988,1.0
4772.591451171046,Phoenix,Haze,80.08213901446364,1.0
4774.536397190188,Phoenix,Haze,76.30235493790033,1.0
4788.252098941356,Phoenix,Haze,44.20215923436707,1.0
4793.252098941356,Phoenix,Sunny;Clear,61.67422427965076,1.0
4804.141990979638,Phoenix,Cloudy;Haze;Mainly Cloudy;Unclear,81.61625565134591,1.0
4805.362206903074,Phoenix,Hazy;Haze;Partly Cloudy;Fair,82.24819370827937,1.0
4837.76564145816,Phoenix,Clear;Sunny,85.39464811054332,1.0
4841.9858573815945,Portland,Haze;Hazy Sunshine;Sunny;Clear,86.8454797337129,1.0
4844.316181266751,Portland,Sunny;Haze;Hazy,76.41714512484637,1.0
4845.646505151906,Portland,Sunny;Hazy;Haze,65.99559042355763,1.0
4847.4723148647945,Portland,Sunny;Clear,55.083151457089045,1.0
4850.463286520258,Portland,Clear;Haze;Mostly Sunny,48.9937578252426,1.0
4861.188016615963,Portland,Clear,77.25310815962638,1.0
4876.74758476909,Portland,Fair,49.092051272648725,1.0
4886.252098941357,Portland,Overcast,81.38537786601422,1.0
4897.701559132765,Portland,Sunny;Clear,69.45461000482887,1.0
4901.536397190187,Portland,Clear;Sunny,68.37634952147943,1.0
4917.710587477301,Portland,Haze;Hazy,87.99999999999999,1.0
4927.435317573005,Portland,Haze;Cloudy,61.59656544491612,1.0
4939.930803400736,Portland,Haze,80.83483805742246,1.0
4942.095965343315,Portland,Fog,85.33935222968988,1.0
4949.0409113624555,Portland,Haze,83.61462213398576,1.0
4950.26112728589,Portland,Haze,79.66967611484493,1.0
4954.42628922847,Portland,Haze,76.83483805742246,1.0
4963.985857381595,Portland,Clear;Sunny,58.15613359804271,1.0
4978.325209611286,Portland,Clear,81.7797840765633,1.0
4979.545425534722,Portland,Clear,81.94494601914083,1.0
4995.7105874773,San Antonio,Clean,61.15613359804271,1.0
5017.884777764412,San Antonio,Clean,48.147105253507895,1.0
5021.104993687849,San Antonio,Fair,43.58753710038132,1.0
5024.10499368785,San Antonio,Cloudy,65.59656544491612,1.0
5035.160047668707,San Antonio,Light Freezing Rain;Sleet;Freezing Rain,85.94494601914081,1.0
5046.325209611286,San Antonio,Mainly Cloudy;Mostly Cloudy;Not totally Cloudy;Partly;Cloudy,76.2111875789019,1.0
5056.380263592144,San Antonio,Mostly Cloudy;Mostly;Mainly Cloudy,80.88989203828163,1.0
5072.499399898398,San Antonio,Cloudy,54.431403502338604,1.0
5087.719615821835,San Antonio,Mainly Cloudy,77.55956815312658,1.0
5108.838752128087,San Antonio,Freezing Rain;Light Freezing,83.51354251680223,1.0
5111.2241299941015,San Antonio,Freezing Rain;Light Freezing Rain;Freezing,85.66967611484495,1.0
5112.279183974961,San Antonio,Freezing Drizzle;Freezing Rain;Light Freezing Drizzle;Light Freezing Drizzle Mist,86.0,1.0
5116.104993687849,San Antonio,Freezing Drizzle;Light Freezing;Light Freezing Drizzle Mist;Rain;Cloudy,86.89892038281646,1.0
5117.490371553863,San Antonio,Freezing Drizzle;Light Freezing Drizzle;Freezing Rain,91.5685964976614,1.0
5118.490371553864,San Antonio,Light Freezing Drizzle;Freezing Drizzle;Rain,85.22924426797152,1.0
5132.600479515582,San Antonio,Cloudy,85.94494601914081,1.0
5150.829723783553,San Antonio,Clear;Sunny,80.17419028711234,1.0
5165.058968051525,San Antonio,Partly Cloudy;Partly Sunny,67.22021592343671,1.0
5170.829723783553,San Antonio,Cloudy,56.87183534921202,1.0
5172.215101649567,San Antonio,Cloudy,56.37634952147943,1.0
5177.939831745272,San Antonio,Cloudy,65.66064777031012,1.0
5182.719615821835,San Antonio,Cloudy,65.66064777031012,1.0
5192.380263592145,San Diego,Overcast,56.48645748319778,1.0
5199.545425534722,San Diego,Overcast,63.66064777031013,1.0
5211.9398317452715,San Diego,Rain,73.33032388515508,1.0
5214.829723783553,San Diego,Cloudy;Overcast,70.60559378945095,1.0
5218.719615821834,San Diego,Cloudy,58.32129554062024,1.0
5221.6555334964405,San Diego,Cloudy,74.10107961718354,1.0
5248.279183974962,San Diego,Overcast,61.4314035023386,1.0
5254.664561840975,San Diego,Overcast,73.55053980859178,1.0
5258.820695439019,San Diego,Overcast,75.83483805742247,1.0
5281.380263592145,San Diego,Cloudy,70.27526990429588,1.0
5284.3252096112865,San Diego,Cloudy;Mostly Cloudy,70.11010796171836,1.0
5288.215101649568,San Diego,Clear,74.72473009570412,1.0
5291.325209611286,San Diego,Clear,77.11913630625315,1.0
5296.160047668709,San Diego,Clear;Sunny;Fair,91.23827261250635,1.0
5303.160047668708,San Diego,Mainly Cloudy;Cloudy,70.16516194257753,1.0
5311.774669802694,San Diego,Overcast,70.27526990429588,1.0
5315.664561840976,San Diego,Fair,75.94494601914083,1.0
5320.664561840976,San Diego,Clean,81.61462213398576,1.0
5322.104993687849,San Diego,Fair,77.83483805742246,1.0
5334.774669802693,San Diego,Not totally Cloudy,60.55053980859176,1.0
5341.444345917539,San Diego,Overcast,51.81678136835284,1.0
5342.774669802694,San Diego,Partly Cloudy;Mostly Clear;Partly;Clear,49.47742913866296,1.0
5348.829723783553,San Diego,Partly Cloudy;Not totally Cloudy,61.76172738749365,1.0
5357.9948857261315,San Diego,Partly Cloudy;Not totally Cloudy;Partly;Partly Sunny,52.92688933007119,1.0
5363.380263592145,San Diego,Mostly Cloudy;Cloudy,47.58753710038132,1.0
5373.600479515581,San Diego,Partly Cloudy;Not totally Cloudy;Clear,62.54151146405695,1.0
5382.435317573005,San Francisco,Cloudy,68.43140350233861,1.0
5383.490371553863,San Francisco,Cloudy,68.10107961718354,1.0
5388.545425534722,San Francisco,Cloudy,55.20215923436708,1.0
5395.921775056201,San Francisco,Cloudy;Mostly Cloudy,56.9268893300712,1.0
5408.591451171046,San Francisco,Clean,62.046025636324366,1.0
5410.591451171047,San Francisco,Fair,67.55053980859176,1.0
5411.646505151906,San Francisco,A Clouds,64.77075573202848,1.0
5414.976829037062,San Francisco,Cloudy,64.99097165546519,1.0
5418.307152922216,San Francisco,Overcast,67.7157017511693,1.0
5421.197044960497,San Francisco,Overcast with Haze,63.101079617183544,1.0
5422.197044960497,San Francisco,Overcast,56.321295540620255,1.0
5423.197044960498,San Francisco,Overcast,53.6516194257753,1.0
5428.243070596822,San Francisco,Overcast,54.48645748319778,1.0
5433.123934290568,San Francisco,Partly Cloudy;Cloudy;Mostly Clear,64.71570175116929,1.0
5435.004797984317,San Francisco,Partly Cloudy;Mostly Cloudy;Scattered Clouds,61.83483805742247,1.0
5441.839636041738,San Francisco,Cloudy;Overcast,56.889892038281644,1.0
5455.674474099162,San Francisco,Light;Light Snow;Snow,85.11913630625317,1.0
5479.463286520258,San Francisco,Mostly Cloudy;Mainly Cloudy,72.72473009570413,1.0
5487.683502443697,San Francisco,Partly Sunny;Cloudy;Partly Cloudy;Sunny,46.495485827732594,1.0
5519.69253078823,San Francisco,A Few Clouds,70.83483805742249,1.0
5523.683502443695,San Francisco,Mist/Fog,81.63267882305539,1.0
5527.169959926892,San Francisco,with Haze,79.56859649766139,1.0
5528.280067888612,San Francisco,Mist/Fog,82.40343455508386,1.0
5540.004797984315,San Francisco,Partly Cloudy;Partly,57.880863693746825,1.0
5544.830607697202,San Francisco,Cloudy,68.0,1.0
5551.610391773766,San Francisco,Snow;Light Snow;Flurries,84.45848853594305,1.0
5564.940715658921,San Francisco,Snow;Light Snow,85.66967611484495,1.0
5589.114905946033,San Francisco,Light Snow,91.22924426797154,1.0
5591.830607697203,San Francisco,Light Snow,91.55956815312659,1.0
5608.114905946034,San Francisco,Light Snow;Snow,80.55956815312656,1.0
5616.784582060879,San Francisco,Cloudy;Haze,83.74278678477374,1.0
5628.234042252287,San Jose,Cloudy;Haze,72.89892038281647,1.0
5630.9497440034565,San Jose,Mostly Cloudy,64.60559378945095,1.0
5634.445229831189,San Jose,Partly Cloudy;Partly Sunny;Scattered Clouds;Scattered,56.16516194257753,1.0
5635.885661678062,San Jose,Partly Cloudy;Scattered Clouds;Partly Sunny;Not totally Cloudy,62.61462213398576,1.0
5659.555337792907,San Jose,Overcast with Haze,73.8438664019573,1.0
5673.004797984316,San Jose,Cloudy;Overcast,58.05505398085917,1.0
5675.9497440034565,San Jose,Light Snow;Snow;Flurries,55.38537786601424,1.0
5693.619420118302,San Jose,Partly Cloudy;Not totally Cloudy;Mostly Clear,87.55956815312658,1.0
5698.509312156583,San Jose,Fog;Freezing Fog,99.33935222968988,1.0
5700.004797984316,San Jose,Fog;Foggy,98.78881242109813,1.0
5715.004797984315,San Jose,Mostly Cloudy,54.59656544491613,1.0
5716.665445754625,San Jose,Mostly Cloudy;Mostly,56.431403502338604,1.0
5761.1329626351035,San Jose,Cloudy;Sleet;Light Sleet;Fog And Mist;Light Snow;Light Snow Mist,91.39440621054905,1.0
5764.132962635104,San Jose,Light Snow;Flurries;Snow,91.22924426797154,1.0
5774.958772347992,San Jose,Cloudy;Overcast,75.73375844023893,1.0
5779.903718367132,San Jose,Cloudy;Overcast,74.11010796171837,1.0
5794.298124577682,San Jose,Clear,83.55956815312659,1.0
5810.747584769089,Seattle,Clear;Sunny,43.92688933007119,1.0
5812.967800692525,Seattle,Not totally Cloudy;Scattered Clouds;Mostly Sunny;Partly Cloudy,50.816781368352835,1.0
5821.8026387499485,Seattle,Mostly Cloudy;Cloudy,74.83483805742247,1.0
5833.527368845653,Seattle,Cloudy,71,1.0
5838.637476807372,Seattle,Fair,67.55053980859176,1.0
5851.362206903076,Seattle,Overcast,76.22021592343673,1.0
5858.197044960497,Seattle,Cloudy;Overcast,73.55053980859178,1.0
5861.7475847690885,Seattle,Cloudy,70.7157017511693,1.0
5866.353178558541,Seattle,Cloudy,78.66064777031012,1.0
5876.958772347993,Seattle,Drizzle;Overcast;Showers;Mist,92.77978407656329,1.0
5878.564366137442,Seattle,Fog;Overcast;Mist,91.89892038281646,1.0
5882.169959926893,Seattle,Drizzle;Light Drizzle;Showers,98.34838057422472,1.0
5883.775553716344,Seattle,Drizzle;Light Drizzle;Showers,100.00000000000001,1.0
5886.885661678064,Seattle,Fog,99.00902834453483,1.0
5893.160931582358,Seattle,Mostly Cloudy;Mostly,58.26624155976107,1.0
5897.105877601499,Seattle,Overcast,76.55053980859178,1.0
5906.775553716344,Seattle,Mist/Light Rain Fog,95.61462213398576,1.0
5919.169959926894,Seattle,Mist/Fog,88.83483805742246,1.0
5926.665445754626,Seattle,Cloudy,58.76172738749366,1.0
5930.215985563217,Seattle,Cloudy,63.76172738749367,1.0
5935.215985563219,Seattle,Cloudy,71.32129554062026,1.0
5938.7114713909505,Seattle,Cloudy,72.82580971288766,1.0
5947.76652537181,Seattle,Cloudy,66.76172738749366,1.0
5973.0968492569655,Washington,Overcast,70.22021592343671,1.0
5978.482227122979,Washington,Overcast,64.94494601914083,1.0
5985.206957218684,Washington,A Few Clouds,51.99097165546519,1.0
6026.720499735486,Washington,Clear;Sunny,51.32129554062025,1.0
6063.683502443697,Washington,Fair,42.03699729178954,1.0
6093.912746711667,Washington,Cloudy;Partly Cloudy;Scattered Clouds,40.541511464056946,1.0
6097.857692730805,Washington,Mostly Cloudy;Mainly Cloudy,40.26624155976106,1.0
6101.747584769089,Washington,Cloudy,44.486457483197775,1.0
6102.8026387499485,Washington,Cloudy,50.156133598042715,1.0
6119.921775056202,Washington,Clear;Sunny,50.156133598042715,1.0
6125.307152922215,Washington,Sunny;Clear,37.72473009570412,1.0
6128.197044960499,Washington,Clear;Sunny,30.110107961718352,1.0
6142.793610405414,Washington,Clear,59.45848853594305,1.0
6145.289096233147,Washington,Clear,61.66064777031012,1.0
6157.454258175725,Washington,Overcast,54.944946019140836,1.0
6167.01382632885,Washington,Fair,61.27526990429588,1.0
6180.518340501117,Washington,Clear,39.651619425775316,1.0
6195.1329626351035,Washington,Clear,51.376349521479426,1.0
6206.114905946034,Washington,Mainly Cloudy;Cloudy,42.229244267971524,1.0
6214.784582060878,Washington,Mainly Cloudy,37.83483805742247,1.0
6220.564366137442,Washington,Fair,45.4954858277326,1.0
6226.399204194866,Washington,Fair,47.49548582773259,1.0
6233.454258175723,Washington,Mostly Cloudy,45.93591767460601,1.0
6239.178988271428,Washington,Mostly Cloudy,41.211187578901885,1.0
6245.004797984317,Washington,Mostly Cloudy,54.44043184687341,1.0
6251.729528080019,Washington,Light Snow;Flurries;Snow,91.29332659336552,1.0
6257.6194201183025,Washington,Cloudy;Light Snow;Overcast,91.18321863164716,1.0
6271.289096233147,Washington,Mostly Cloudy;Mainly Cloudy,63.67870445937976,1.0
6275.839636041738,Washington,Cloudy;Overcast,59.38537786601423,1.0
6276.949744003456,Washington,Overcast,55.72473009570411,1.0
6284.564366137442,Washington,Mist/Light Snow Fog,89.46751688047787,1.0
6298.903718367132,Washington,Mainly Cloudy,76.57762484219622,1.0
6299.95877234799,Washington,Mostly Cloudy,68.01805668906964,1.0
6316.793610405415,Washington,Snow;Light Snow;Flurries,82.45848853594305,1.0
6319.178988271427,Washington,Snow;Light Snow;Light,77.95397436367564,1.0
6324.903718367133,Washington,Snow;Overcast,89.29332659336552,1.0
6332.178988271427,Washington,Fog;Foggy;Light Freezing;Light Freezing Rain,96.47654522501269,1.0
6409.76564145816,Washington,Cloudy,75.66967611484495,1.0
6411.040911362455,Washington,Cloudy,78.01805668906962,1.0
6417.820695439018,Washington,Cloudy;Overcast,65.01805668906964,1.0
6421.765641458159,Washington,Cloudy;Overcast,72.8528947464921,1.0
6424.820695439019,Washington,Cloudy;Overcast,91.46751688047787,1.0
6460.838752128087,Washington,Cloudy;Light Rain,83.18321863164716,1.0
6463.104993687849,Washington,Cloudy;Light Rain,84.39440621054905,1.0
6464.600479515583,Washington,Rain;Light Rain,86.34838057422469,1.0
6494.8938061089475,Washington,Freezing Rain;Overcast,65.5595681531266,1.0
6565.040027448806,Washington,Fog;Overcast,89.97203105274528,1.0
6566.920891142552,Washington,Fog;Overcast;Dense Fog,91.17419028711235,1.0
6620.828839869902,Washington,Clear,39.275269904295875,1.0
6624.718731908183,Washington,Cloudy;Sunny;Mostly Cloudy,43.60559378945094,1.0
6646.562598310141,Washington,Clear;Sunny,54.110107961718356,1.0
6669.406464712098,Washington,Clean,53.165161942577534,1.0
6675.131194807803,Washington,Fair,62.61462213398576,1.0
6684.076140826943,Washington,A Few Clouds,53.37634952147942,1.0
6685.131194807804,Washington,A Clouds,49.9268893300712,1.0
6686.18624878866,Washington,A Few Clouds,49.706673406634486,1.0
6687.846896558972,Washington,Few Clouds,43.88989203828164,1.0
6710.800870922647,Washington,Cloudy;Clear,43.880863693746825,1.0
6718.0210868460845,Washington,Cloudy;Overcast,43.25721321522625,1.0
6726.580654999213,Washington,Light Snow;Snow,79.16516194257753,1.0
6736.012058501549,Washington,Cloudy;Overcast,50.87183534921201,1.0
6744.736788597254,Washington,Clear;Not totally Cloudy;Mostly Clear,54.87183534921202,1.0
6759.966032865225,Washington,Sunny;Clear,39.03699729178955,1.0
6784.5896833437455,Washington,Mostly,62.055053980859185,1.0
6787.479575382028,Washington,Cloudy,58.61462213398576,1.0
6789.479575382028,Washington,Overcast,63.00902834453482,1.0
6794.809899267183,Washington,Partly Cloudy,47.70667340663448,1.0
6803.250331114056,Washington,Cloudy,63.06408232539399,1.0
6807.58065499921,Washington,Mostly Cloudy;Mainly Cloudy;Clear;Sunny,43.20215923436708,1.0
6822.415493056633,Washington,Clear;Mostly Clear;Partly,68.16516194257753,1.0
6825.470547037491,Washington,Mainly Cloudy;Partly Cloudy,73.61462213398578,1.0
6836.80087092265,Washington,Cloudy;Overcast,46.42237515780378,1.0
6839.24130276952,Washington,Cloudy,48.66064777031013,1.0
6847.461518692959,Washington,Partly Cloudy,69.66064777031012,1.0
6849.461518692957,Washington,Partly Cloudy,69.935917674606,1.0
6852.681734616395,Washington,Partly Cloudy,72.66064777031013,1.0
6862.186248788662,Washington,Overcast,50.706673406634486,1.0
6864.296356750381,Washington,Overcast,42.03699729178954,1.0
6868.626680635536,Washington,Overcast,40.935917674606,1.0
6880.791842578112,Washington,Light Snow;Snow;Flurries,92.39440621054905,1.0
6881.791842578114,Washington,Light Snow;Snow;Flurries,92.39440621054905,1.0
6888.342382386705,Washington,Light Snow;Flurries;Snow,91.18321863164716,1.0
6899.058084137874,Washington,Partly Cloudy;Not totally Cloudy;Not totally Sunny,68.67870445937976,1.0
6900.168192099593,Washington,Not totally Cloudy;Partly Sunny;Partly;Partly Cloudy,65.5685964976614,1.0
6923.957004520692,Washington,Mist/Fog,86.67870445937974,1.0
6932.1221664632685,Washington,Mostly Cloudy,63.321295540620255,1.0
6943.122166463268,Washington,Not totally Cloudy;Partly Cloudy;Partly,88.22924426797152,1.0
6947.452490348423,Washington,Partly Sunny;Partly Cloudy;Cloudy;Scattered Clouds,74.38537786601424,1.0
6951.223246080452,Washington,Partly Cloudy;Mostly Cloudy;Not totally Cloudy;Scattered Clouds,57.72473009570411,1.0
6959.608623946467,Washington,Partly Cloudy;Cloudy;Clear,38.31226719608543,1.0
6973.104109774201,Washington,Partly Cloudy;Mostly Clear;Sunny;Mainly Sunny,73.66064777031013,1.0
6976.049055793341,Washington,Partly Cloudy;Clear;Not totally Cloudy,76.55053980859178,1.0
6977.994001812481,Washington,Mostly Cloudy;Mainly Cloudy;Mostly;Clear,73.7157017511693,1.0
6987.608623946468,Washington,Mostly Cloudy;Mainly Cloudy;Sunny,36.97291496639555,1.0
6991.443462003889,Washington,Clean,40.083022928113905,1.0
7007.562598310142,Washington,A Few Clouds,76.55053980859178,1.0
7009.278300061311,Washington,Not totally Cloudy,74.66064777031013,1.0
7017.8838938507615,Washington,Cloudy,45.092051272648725,1.0
7023.434433659353,Washington,Partly Cloudy;Sunny;Not totally Cloudy,44.32129554062024,1.0
7028.434433659354,Washington,Partly Cloudy;Mainly Sunny;Mostly Clear,58.77978407656329,1.0
7042.663677927325,Washington,Mostly Cloudy;Mainly Cloudy;Mostly,55.94494601914082,1.0
7046.773785889044,Washington,Mostly Cloudy;Mainly Cloudy;Sunny,38.54151146405695,1.0
7047.994001812479,Washington,Mainly Cloudy;Mostly Cloudy;Intermittent,36.65161942577531,1.0
7049.434433659355,Washington,Cloudy;Mostly Cloudy,35.156133598042715,1.0
7066.828839869903,Washington,Clear;Sunny,73.39440621054906,1.0
7073.214217735917,Washington,Mostly Cloudy;Mostly;Intermittent Clouds,76.77978407656329,1.0
7076.2142177359165,Washington,Mostly Cloudy;Cloudy;Mainly Cloudy,57.71570175116929,1.0
7079.2692717167765,Washington,Mostly Cloudy;Mostly;Not totally Sunny,41.88086369374683,1.0
7080.324325697636,Washington,Not totally Cloudy;Scattered Clouds;Mostly Cloudy;Not totally Sunny;Mostly,40.87183534921201,1.0
7090.370351333961,Washington,Cloudy;Overcast,41.10107961718354,1.0
7095.425405314818,Washington,Not totally Cloudy;Cloudy;Partly Cloudy,69.2202159234367,1.0
7100.3152973531,Washington,Cloudy;Partly Cloudy,79.77978407656329,1.0
7115.755729199973,Washington,Mostly Cloudy,64.33032388515505,1.0
7117.810783180833,Washington,Few Clouds,69.05505398085917,1.0
7118.975945123411,Washington,A Few Clouds,72.16516194257754,1.0
7135.205189391382,Washington,Cloudy,39.25721321522625,1.0
7139.260243372242,Washington,Mostly Cloudy;Mostly;Mainly Cloudy,39.13807690897308,1.0
7172.718731908181,Washington,Mainly Cloudy,53.93591767460601,1.0
7174.1591637550555,Washington,Overcast,60.55053980859176,1.0
7187.608623946466,Washington,Partly Cloudy,40.092051272648725,1.0
7196.38840802303,Washington,Mostly Cloudy;Intermittent Clouds,31.91786098553637,1.0
7204.947976176154,Washington,Cloudy,60.04602563632436,1.0
7206.608623946467,Washington,Cloudy,62.83483805742247,1.0
7210.773785889045,Washington,Cloudy,63.229244267971524,1.0
7212.718731908183,Washington,Cloudy,62.11913630625317,1.0
7223.443462003887,Washington,Mostly Cloudy;Mostly;Mainly Cloudy;Not totally Sunny,29.76172738749366,1.0
7224.883893850762,Washington,Mostly Cloudy;Sunny;Mainly Cloudy,30.21118757890189,1.0
7232.718731908183,Washington,Mostly Cloudy,61.064082325394,1.0
7242.718731908185,Washington,Overcast,65.72473009570415,1.0
7270.617652291,Washington,Cloudy;Overcast,63.22021592343671,1.0
7275.397436367564,Washington,Mostly Cloudy;Cloudy,75.50451417226742,1.0
7282.287328405848,Washington,Partly Cloudy;Scattered Clouds;Mostly Clear,89.85289474649211,1.0
7288.287328405845,Washington,Not totally Cloudy;Cloudy;Partly Cloudy,90.90794872735128,1.0
7307.901950539833,Washington,Mainly Cloudy,76.11913630625317,1.0
7310.846896558973,Washington,Mainly Cloudy,76.44946019140822,1.0
7316.571626654675,Washington,Mainly Cloudy,76.2842982488307,1.0
7321.461518692959,Washington,Fog,98.01805668906964,1.0
7322.571626654678,Washington,Fog,91.5685964976614,1.0
7335.0210868460845,Washington,Lt Rain,85.62365047852057,1.0
7342.635708980072,Washington,Light Rain;Rain;Cloudy,77.67870445937974,1.0
7356.864953248041,Washington,Cloudy;Overcast,79.40343455508386,1.0
7369.369467420311,Washington,Cloudy,80.40343455508388,1.0
7377.149251496872,Washington,Cloudy,91.40343455508386,1.0
7387.598711688282,Washington,Fog;Overcast;Mist,97.9079487273513,1.0
7388.929035573436,Washington,Fog;Overcast;Mist,97.6326788230554,1.0
7403.873981592578,Washington,Cloudy;Mostly Cloudy,85.05505398085919,1.0
7431.708819650001,Washington,Lt Rain,86.22924426797152,1.0
7444.433549745703,Washington,Cloudy;Overcast,66.78881242109811,1.0
7452.864953248041,Washington,Light Rain;Light;Rain,91.78881242109811,1.0
7464.369467420311,Washington,Cloudy,92.50451417226742,1.0
7465.42452140117,Washington,Mostly Cloudy,92.33935222968988,1.0
7476.818927611718,Washington,Mostly Cloudy;Mainly Cloudy,79.27526990429588,1.0
7486.929035573437,Washington,Overcast,91.01805668906962,1.0
7499.433549745702,Washington,Mostly Cloudy,95.40343455508388,1.0
7502.653765669139,Washington,Not totally Cloudy,88.83483805742246,1.0
7506.204305477731,Washington,Mostly Cloudy,86.0,1.0
7526.479575382027,Washington,Cloudy,92.00000000000001,1.0
7528.479575382029,Washington,Cloudy;Overcast,79.71570175116929,1.0
7533.195277133197,Washington,Cloudy;Overcast,87.61462213398575,1.0
7561.094197516013,Washington,Rain,86.94494601914083,1.0
7573.094197516013,Washington,Cloudy;Light Rain;Rain;Showers,89.11913630625318,1.0
7578.873981592576,Washington,Rain;Severe Rain,85.73375844023894,1.0
7582.818927611718,Washington,Scattered Clouds;Showers;Mostly;Mainly Cloudy;Partly Cloudy;Mostly Cloudy;Cloudy,74.89892038281647,1.0
7590.433549745701,Washington,Cloudy,80.95397436367564,1.0
7623.883009937113,Washington,Overcast,81.61462213398576,1.0
7630.323441783985,Washington,Mist/Fog,84.45848853594305,1.0
7634.268387803126,Washington,Mist/Fog,87.12816465078798,1.0
7648.488603726563,Washington,Mist/Light Drizzle Fog,96.5045141722674,1.0
7656.323441783984,Washington,Partly Sunny;Scattered Clouds;Clear;Fair;Sunny,57.47742913866296,1.0
7666.772901975393,Washington,Clear,67.87183534921203,1.0
7669.488603726563,Washington,Clear,70.95397436367564,1.0
7692.222362166801,Washington,Clear,73.89892038281647,1.0
7703.314413439451,Washington,Cloudy;Overcast,88.2202159234367,1.0
7715.763873630858,Washington,Cloudy;Overcast,81.60559378945094,1.0
7723.873981592577,Washington,Rain;Light Rain,94.95397436367566,1.0
7730.763873630858,Washington,Rain;Light Rain,94.78881242109811,1.0
7738.204305477731,Washington,Cloudy;Overcast;Rain;Mist,99.11913630625318,1.0
7757.094197516014,Washington,Mist/Light Rain Fog,90.19224697618198,1.0
7771.378495764845,Washington,Mist;Fog;Showers,93.41246289961869,1.0
7778.488603726564,Washington,Mist;Showers;Cloudy,94.8438664019573,1.0
7782.9290355734365,Washington,Mist;Fog;Showers,90.71481783751902,1.0
7786.039143535155,Washington,Mist;Fog;Showers,94.40343455508388,1.0
7795.259359458592,Washington,Cloudy;Hazy,84.50451417226742,1.0
7808.873981592577,Washington,Mist/Light Drizzle Fog,91.89892038281646,1.0
7811.8739815925765,Washington,Light Drizzle,95.51354251680223,1.0
7825.323441783987,Washington,Mist/Fog,85.55956815312658,1.0
7827.76387363086,Washington,Mist/Fog,89.2202159234367,1.0
7840.103225860547,Washington,Rain;Light Rain,93.00000000000001,1.0
7849.717847994535,Washington,Rain,96.22021592343673,1.0
7857.33247012852,Washington,Rain;Light,92.44043184687342,1.0
7858.442578090239,Washington,Rain;Light Rain,96.22021592343673,1.0
7870.112254205083,Washington,Mist/Light Rain Fog,91.01805668906962,1.0
7878.836984300788,Washington,Mist/Rain Fog,94.89892038281647,1.0
7883.167308185942,Washington,Mist/Light Rain Fog,96.0,1.0
7899.002146243366,Washington,Mostly Cloudy;Mainly Cloudy;Intermittent Clouds;Cloudy,77.66064777031012,1.0
7915.451606434773,Washington,Not totally Cloudy;Partly Cloudy;Mostly Clear,75.89892038281646,1.0
7925.066228568757,Washington,Haze;Fair;Hazy;Intermittent Clouds;Mostly Cloudy,80.89892038281647,1.0
7927.231390511335,Washington,Mostly;Fair;Hazy;Mainly Cloudy;Intermittent;Mostly Cloudy,81.33935222968988,1.0
7929.286444492195,Washington,Haze;Intermittent Clouds;Mostly Cloudy,81.44946019140824,1.0
7967.579771085561,Washington,Mostly Cloudy,66.88989203828166,1.0
7985.020202932435,Washington,Clear;Mostly;Hazy,84.17419028711235,1.0
7988.130310894152,Washington,Fog;Partly Cloudy;Clear;Fog And Mist,84.84386640195729,1.0
7992.2954728367295,Washington,Mostly Cloudy;Not totally Cloudy;Fog And Mist;Mainly Cloudy;Intermittent Clouds;Partly,80.29332659336552,1.0
8000.33247012852,Washington,Not totally Cloudy;Partly Cloudy;Scattered Clouds;Cloudy;Mainly Sunny,61.33935222968989,1.0
8003.42452140117,Washington,Partly Cloudy;Cloudy;Mostly Sunny;Mostly Cloudy;Scattered;Scattered Clouds,65.51354251680223,1.0
8016.470547037493,Washington,Partly Cloudy;Partly;Clouds,74.90794872735128,1.0
8028.030115190621,Washington,Haze;Partly Cloudy;Mostly Cloudy,79.6326788230554,1.0
8032.975061209761,Washington,Haze;Partly Sunny;Cloudy,77.01805668906962,1.0
8035.864953248043,Washington,Not totally Cloudy;Partly Sunny;Partly Cloudy,63.174190287112346,1.0
8041.58065499921,Washington,Partly Cloudy;Partly Sunny;Not totally Cloudy,70.73375844023894,1.0
8051.305385094915,Washington,Not totally Cloudy;Mostly;Cloudy,74.8528947464921,1.0
8058.08516917148,Washington,Haze;Cloudy;Mostly Cloudy,74.41246289961869,1.0
8061.63570898007,Washington,Mostly Cloudy,61,1.0
8063.6357089800695,Washington,A Few Clouds,71.39440621054906,1.0
8066.186248788665,Washington,A Few Clouds,71.064082325394,1.0
8067.681734616394,Washington,A Few,76.11913630625317,1.0
8073.177220444126,Washington,Partly Cloudy,79.57762484219623,1.0
8075.892922195296,Washington,A Few Clouds,75.51354251680222,1.0
8089.617652291,Washington,Mostly Cloudy;Cloudy;Mainly Cloudy,70.40343455508388,1.0
8101.452490348423,Washington,Haze;Partly Cloudy;Fair;Hazy,79.57762484219623,1.0
8103.672706271861,Washington,Cloudy;Haze,78.07311066992881,1.0
8111.562598310142,Washington,Haze;Intermittent Clouds;Mostly Cloudy,80.07311066992881,1.0
8118.562598310144,Washington,Mostly Cloudy;Mainly Cloudy,62.95397436367564,1.0
8134.01205850155,Washington,Haze,77.79784076563291,1.0
8137.122166463268,Washington,Overcast,72.89892038281647,1.0
8147.901950539833,Washington,Mostly Cloudy,65.59656544491612,1.0
8156.736788597253,Washington,Mostly Cloudy,77.88086369374682,1.0
8169.791842578114,Washington,Cloudy;Haze;Partly Cloudy,82.00902834453483,1.0
8174.736788597256,Washington,Cloudy;Haze;Mainly Cloudy,76.00902834453481,1.0
8179.516572673818,Washington,Cloudy;Mostly Cloudy,66.39440621054906,1.0
8187.516572673818,Washington,Mostly Cloudy,75.935917674606,1.0
8192.122166463269,Washington,Overcast,78.05505398085917,1.0
8207.296356750381,Washington,Overcast,73.7797840765633,1.0
8214.846896558973,Washington,Cloudy;Mostly;Overcast,88.72473009570412,1.0
8230.076140826946,Washington,Mostly Cloudy;Cloudy;Mainly Cloudy,66.71570175116932,1.0
8259.699791305466,Washington,Mostly Cloudy;Mainly Cloudy,82.4954858277326,1.0
8261.030115190619,Washington,Mostly Cloudy;Cloudy,82.99097165546519,1.0
8267.379379678494,Washington,Mostly Cloudy;Mainly Cloudy,79.77978407656329,1.0
8301.452490348422,Washington,Light Rain;Showers;Cloudy,64.88086369374683,1.0
8303.72776025272,Washington,Light Rain;Showers,87.7888124210981,1.0
8304.892922195297,Washington,Cloudy;Rain;Overcast,91.064082325394,1.0
8307.892922195297,Washington,Rain;Cloudy;Overcast,88.33032388515505,1.0
8314.70970356365,Washington,Partly Cloudy;Mostly Cloudy;Not totally Cloudy,95.39440621054906,1.0
8321.379379678494,Washington,Partly Cloudy;Mostly Cloudy,92.55956815312659,1.0
8322.379379678494,Washington,Mostly Cloudy;Mostly;Mainly Cloudy,92.72473009570412,1.0
8330.755729199975,Washington,Mostly Cloudy;Cloudy,81.11913630625317,1.0
8335.774669802697,Washington,Mostly Cloudy;Mostly;Not totally Cloudy,82.60559378945095,1.0
8337.719615821834,Washington,Partly;Partly Sunny;Scattered Clouds,77.82580971288765,1.0
8341.74758476909,Washington,Partly Cloudy;Scattered Clouds;Partly,70.18321863164718,1.0
8345.74758476909,Washington,Partly Cloudy;Partly,86.46751688047786,1.0
8347.958772347989,Washington,Partly Cloudy;Not totally Cloudy;Cloudy,87.07311066992881,1.0
8352.114905946033,Washington,Partly Cloudy;Not totally Cloudy,90.79784076563293,1.0
8382.683502443693,Washington,Mostly Cloudy;Mainly Cloudy;Mostly,80.95397436367564,1.0
8384.12393429057,Washington,Not totally Cloudy;Mostly Cloudy;Cloudy;Mostly,80.34838057422469,1.0
8387.01382632885,Washington,Mostly Cloudy;Cloudy;Intermittent Clouds,82.96300270821045,1.0
8420.14199097964,Washington,Cloudy,65.95397436367564,1.0
8421.141990979637,Washington,Cloudy,61.95397436367564,1.0
8447.976829037061,Washington,Cloudy;Mainly Cloudy,77.96300270821044,1.0
8449.307152922216,Washington,Cloudy,75.01805668906962,1.0
8482.875749419876,Washington,Mostly Cloudy;Mainly Cloudy,79.94494601914081,1.0
8485.206073305031,Washington,Cloudy;Overcast,80.18321863164716,1.0
8488.536397190186,Washington,Mostly Cloudy;Cloudy,81.3483805742247,1.0
8491.307152922218,Washington,Mostly Cloudy;Mostly,85.19224697618196,1.0
8493.683502443697,Washington,Mostly Cloudy;Not totally Cloudy;Partly,87.51354251680222,1.0
8552.435317573003,Washington,Cloudy;Mostly Cloudy,91.12816465078798,1.0
8581.838752128087,Washington,Mostly Cloudy;Cloudy,91.40343455508386,1.0
8593.453374262073,Washington,Cloudy,59.229244267971524,1.0
8594.83875212809,Washington,Mostly Cloudy,60.220215923436704,1.0
8597.893806108947,Washington,Mostly,58.953974363675634,1.0
8600.609507860116,Washington,Mainly Cloudy,60.44043184687341,1.0
8607.389291936679,Washington,Mostly,85.33935222968988,1.0
8680.755729199975,Washington,Partly Cloudy;Mainly Cloudy;Partly Sunny;Cloudy,75.18321863164715,1.0
8686.535513276536,Washington,Cloudy;Mostly,51.77978407656329,1.0
8690.755729199975,Washington,Cloudy,79.39440621054905,1.0
8698.42540531482,Washington,Cloudy;Not totally Cloudy,91.67870445937976,1.0
8705.20518939138,Washington,Clear;Cloudy,88.064082325394,1.0
8710.480459295679,Washington,Mainly Cloudy,70.73375844023894,1.0
8725.709703563649,Washington,Fair,86.30235493790033,1.0
8731.59959560193,Washington,Cloudy;Overcast,50.39440621054905,1.0
8747.379379678494,Washington,Cloudy;Mainly Cloudy;Scattered Clouds,82.60559378945095,1.0
8755.93894783162,Washington,Cloudy;Overcast,86.38537786601424,1.0
8760.049055793339,Washington,Cloudy;Overcast,70.32129554062024,1.0
8798.397436367564,Washington,Cloudy,79.44946019140822,1.0
8802.232274424987,Washington,Partly Cloudy;Cloudy;Not totally Cloudy,91.5685964976614,1.0
8811.168192099592,Washington,Partly Cloudy;Not totally Cloudy,92.72473009570412,1.0
8812.553569965608,Washington,Clear;Mist;Not totally Cloudy,97.9079487273513,1.0
8815.994001812482,Washington,Cloudy;Mainly Cloudy,92.77978407656329,1.0
8822.828839869902,Washington,Not totally Cloudy;Partly;Cloudy,59.82580971288765,1.0
8844.72776025272,Washington,Mostly,93.90794872735128,1.0
8851.782814233578,Washington,Partly,60.5685964976614,1.0
8858.16819209959,Washington,Fair,50.32129554062024,1.0
8864.947976176156,Washington,Mostly Cloudy;Cloudy;Mainly Cloudy,71.2752699042959,1.0
8886.791842578112,Washington,Cloudy,86.22924426797152,1.0
8889.232274424987,Washington,Cloudy;Scattered Clouds;Mostly Cloudy;Mainly Cloudy,84.08213901446364,1.0
8895.12216646327,Washington,Clear;Cloudy,84.24730095704116,1.0
8898.892922195297,Washington,Mostly Cloudy;Cloudy;Fog,92.064082325394,1.0
8899.892922195297,Washington,Cloudy;Partly;Scattered Clouds;Partly Cloudy,86.28429824883071,1.0
8915.452490348422,Washington,Overcast,74.18321863164716,1.0
8918.56259831014,Washington,Overcast,74.18321863164716,1.0
8921.67270627186,Washington,Mostly Cloudy,84.51354251680222,1.0
8930.058084137876,Washington,Fair,87.18321863164716,1.0
8947.287328405846,Washington,Cloudy,76.68773280391457,1.0
8960.571626654677,Washington,Light Rain;Showers,89.80686911016774,1.0
8963.461518692959,Washington,Cloudy;Light;Light Rain,84.08213901446364,1.0
8971.067112482411,Washington,Light Rain;Rain,86.28429824883071,1.0
8974.232274424987,Washington,Cloudy;Overcast,86.44946019140824,1.0
8979.122166463269,Washington,Cloudy;Overcast,91.01805668906962,1.0
9002.910978884367,Washington,Mostly Cloudy;Mainly Cloudy;Cloudy,74.07311066992882,1.0
9017.140223152335,Washington,Cloudy;Mainly Cloudy,84.35740891875952,1.0
9023.305385094916,Washington,Mostly Cloudy,74.96300270821045,1.0
9026.415493056633,Washington,Overcast,85.064082325394,1.0
9036.140223152339,Washington,Rain,85.66967611484495,1.0
9042.63570898007,Washington,Cloudy,87.62365047852057,1.0
9044.63570898007,Washington,Cloudy,86.00902834453483,1.0
9052.250331114057,Washington,Cloudy;Light Rain;Overcast,85.22924426797152,1.0
9059.800870922647,Washington,Light Rain;Showers,84.24730095704116,1.0
9071.360439075774,Washington,Partly Cloudy;Mostly Cloudy;Not totally Cloudy;Clouds,84.19224697618198,1.0
9088.4064647121,Washington,Overcast,84.18321863164716,1.0
9115.864953248041,Washington,Mostly Cloudy;Mainly Cloudy;Intermittent,65.66967611484496,1.0
9117.580654999214,Washington,Not totally Cloudy;Scattered Clouds;Intermittent Clouds;Partly Cloudy,69.18321863164718,1.0
9123.745816941788,Washington,Mostly Cloudy;Mainly Cloudy,73.41246289961869,1.0
9129.910978884367,Washington,Cloudy;Light Rain,85.45848853594305,1.0
9141.305385094915,Washington,Light Rain;Showers,91.3483805742247,1.0
9144.360439075776,Washington,Mostly Cloudy,61.165161942577534,1.0
9145.415493056631,Washington,Mainly Cloudy,61.110107961718356,1.0
9161.140223152337,Washington,Partly Cloudy,82.80686911016774,1.0
9172.534629362886,Washington,Partly Cloudy;Scattered Clouds;Clear,41.284298248830694,1.0
9185.25935945859,Washington,Cloudy;Overcast,39.32129554062025,1.0
9188.644737324606,Washington,Cloudy;Overcast,36.706673406634486,1.0
9196.855924903506,Washington,Clear;Overcast;Partly Cloudy;Scattered Clouds,44.10107961718354,1.0
9201.855924903508,Washington,Partly Cloudy;Overcast,58.04602563632436,1.0
9214.525601018351,Washington,Mostly Cloudy;Mostly;Sunny;Intermittent Clouds,49.47742913866296,1.0
9218.63570898007,Washington,Cloudy;Overcast,41.027968947254735,1.0
9244.305385094916,Washington,Mainly Cloudy,50.541511464056946,1.0
9264.31441343945,Washington,Cloudy;Overcast,40.1471052535079,1.0
9271.259359458592,Washington,Cloudy;Overcast,43.92688933007119,1.0
9277.204305477731,Washington,Snow;Light Rain,80.15613359804271,1.0
9281.984089554293,Washington,Snow;Light Rain;Light,74.10107961718354,1.0
9286.479575382029,Washington,Snow;Light Snow;Light Rain,79.44043184687341,1.0
9314.323441783985,Washington,Sunny;Clear,33.6425910812405,1.0
9317.039143535156,Washington,Sunny;Clear;Overcast,32.80775302381802,1.0
9319.644737324605,Washington,Cloudy;Light Rain;Mainly Cloudy,63.101079617183544,1.0
9326.699791305466,Washington,Cloudy;Overcast,63.706673406634486,1.0
9357.543657707423,Washington,Fair,56.532483119522134,1.0
9375.552686051957,Washington,Mostly Cloudy;Mainly Cloudy;Light Rain,70.70667340663448,1.0
9382.993117898828,Washington,Cloudy;Overcast,74.60559378945095,1.0
9385.479575382027,Washington,Cloudy;Overcast,69.99097165546519,1.0
9398.479575382029,Washington,Mostly,35.87183534921202,1.0
9408.314413439452,Washington,Mostly,67.4864574831978,1.0
9409.9200072289,Washington,Mostly Cloudy,70.32129554062024,1.0
9412.809899267182,Washington,Mostly Cloudy,75.99097165546519,1.0
9444.65376566914,Washington,Overcast;Light Snow;Flurries;Cloudy,84.66967611484495,1.0
9446.149251496872,Washington,Cloudy;Overcast,86.38537786601424,1.0
9449.699791305464,Washington,Fog;Overcast;Mist;Light Fog;Fog And Mist,87.55053980859178,1.0
9450.809899267184,Washington,Fog;Light Fog;Fog And Mist;Light Snow;Scattered Clouds;Light Snow Mist,87.11010796171836,1.0
9451.9200072289,Washington,Fog;Cloudy;Overcast;Mostly Cloudy;Mainly Cloudy,85.05505398085919,1.0
9453.966032865226,Washington,Cloudy;Haze;Overcast,78.77075573202846,1.0
9459.74581694179,Washington,Cloudy;Overcast;Light,62.93591767460602,1.0
9476.97506120976,Washington,Mist/Fog,85.16516194257753,1.0
424.0988712473091,Austin,Rain,93.75799718,1.0
427.59435707504167,Austin,Rain,95.35747527,1.0
432.64941105590077,Austin,Rain,99.85597987,1.0
435.70446503676004,Austin,Cloudy,72.47748774,1.0
447.4842491133233,Austin,Cloudy,81.48832604,1.0
455.0257605773803,Austin,Cloudy,79.31755889,1.0
459.1358685390987,Austin,Cloudy,87.68363376,1.0
462.19092251995784,Austin,Cloudy,85.39001802,1.0
463.9066242711271,Austin,Cloudy,87.01744313,1.0
468.12684019456384,Austin,Cloudy,100.7733173,1.0
475.3470561180006,Austin,Cloudy,82.5142044,1.0
484.9066242711271,Austin,Overcast,84.22163158926509,1.0
515.5212464051128,Austin,Cloudy,68.03302461,1.0
528.3010304816761,Austin,Sunny,67.23131057,1.0
536.576300385972,Austin,Sunny,58.41671257,1.0
554.0257605773803,Austin,Cloudy,81.38069635,1.0
556.3010304816762,Austin,Cloudy,93.08269049,1.0
568.9707065965212,Austin,Cloudy,78.88021894,1.0
573.7965163094086,Austin,Rain,93.34047688,1.0
579.3470561180005,Austin,Cloudy,100.8980354,1.0
581.6223260222964,Austin,Rain,100,1.0
592.2369481562822,Austin,Cloudy;Fog;Fog And Mist;Light Rain;Light Rain Mist,100.2930165,1.0
599.0167322328455,Austin,Mist/Fog,92.7836395200621,1.0
628.8055446539436,Austin,Overcast,101.5545108,1.0
633.3560844625354,Austin,Fog,93.29876588,1.0
673.2089792090275,Austin,Mist/Fog,87.09250965163648,1.0
676.8145729984784,Austin,Mist/Fog,86.15004203875165,1.0
679.7595190176193,Baltimore,Overcast with Haze,80.28713925226285,1.0
682.3651128070702,Austin,Cloudy,72.88036911,1.0
696.1448968836334,Austin,Rain,87.18640074,1.0
698.4752207687886,Austin,Rain,91.09180308,1.0
703.2550048453518,Austin,Rain,98.78253278,1.0
724.70446503676,Baltimore,Overcast,80.56726750812064,1.0
736.5393030941825,Baltimore,Mist/Light Rain Fog,93.410785530989,1.0
737.7044650367601,Baltimore,Mist/Light Rain Fog,90.3152844297027,1.0
747.0898429027742,Baltimore,Mostly,40.67747431,1.0
765.034788921915,Baltimore,Sunny,55.40255826,1.0
797.7134933812948,Baltimore,Fair,45.08022146290172,1.0
803.4932774578582,Baltimore,A Few Clouds,58.302975252498626,1.0
818.7225217258297,Baltimore,Overcast,42.556214867669865,1.0
829.4291951324643,Baltimore,Cloudy,38.3308859,1.0
831.310058826211,Baltimore,Cloudy,33.73097975,1.0
850.3741411516049,Baltimore,Snow,79.06439852,1.0
862.8786553238724,Baltimore,Light,84.64079234,1.0
883.0528456109848,Baltimore,Sunny,34.27290156,1.0
887.8326296875482,Baltimore,Sunny,37.31493247,1.0
903.6124137641112,Baltimore,Sunny,55.1371074,1.0
916.5573597832521,Charlotte,Mainly Cloudy,66.32973672961619,1.0
918.7225217258298,Charlotte,Partly Cloudy,60.999064326780385,1.0
936.8416580320827,Baltimore,Partly,55.0290948,1.0
947.5113341469279,Baltimore,Cloudy,81.02426291,1.0
954.6764960895053,Baltimore,Cloudy,80.90692207,1.0
971.1259562809134,Charlotte,Mostly Cloudy,62.188818263291665,1.0
983.5754164723218,Charlotte,Overcast,71.02629418013564,1.0
1016.758635103969,Baltimore,Cloudy,82.60452118,1.0
1027.2631492762362,Charlotte,Light Snow,78.65132249167952,1.0
1040.5474475250671,Charlotte,Mist/Fog,84.14844268015992,1.0
1060.6665838313202,Boston,Sunny,42,1.0
1063.611529850461,Boston,Sunny,37.96346927,1.0
1070.0519616973345,Boston,Mostly Sunny;Partly Cloudy,26.12663412,1.0
1075.4373395633488,Boston,Sunny,35.81839774,1.0
1084.0519616973343,Boston,Cloudy,40,1.0
1086.3822855824894,Boston,Cloudy,44.45064639,1.0
1088.6575554867852,Boston,Mostly Cloudy;Mostly,44,1.0
1092.3732572379547,Boston,Sunny,48,1.0
1100.0979873336587,Boston,Not totally Cloudy;Partly Sunny,36.19981079,1.0
1108.2631492762362,Boston,Partly Cloudy;Mainly Sunny;Mostly Clear,28.50807956,1.0
1145.6115298504612,Boston,Sunny,31,1.0
1149.1620696590528,Boston,Sunny,36,1.0
1160.7766917930385,Boston,Scattered Clouds;Mostly Cloudy;Cloudy;Partly,40.20893997,1.0
1170.5014218887427,Boston,Cloudy,38,1.0
1182.2812059653058,Boston,Cloudy,44.98739484,1.0
1188.1710980035873,Boston,Not totally Sunny;Scattered Clouds;Not totally Cloudy,37.79077173,1.0
1190.9418537356162,Boston,Partly Cloudy;Scattered Clouds;Partly,35,1.0
1203.6115298504612,Boston,Cloudy,58,1.0
1206.3822855824894,Boston,Cloudy,56,1.0
1214.7035811231096,Boston,Sunny,63,1.0
1217.5934731613913,Boston,Sunny,65,1.0
1246.0519616973343,Boston,Partly Sunny;Partly;Scattered Clouds,58,1.0
1253.7035811231099,Chicago,Not totally Cloudy;Partly Cloudy;Mostly Clear,32.83867612769579,1.0
1259.483365199673,Chicago,Overcast;Cloudy,45.807203970616,1.0
1264.2631492762364,Chicago,Not totally Cloudy;Partly Cloudy,50.27375891893288,1.0
1268.2080952953772,Chicago,Partly Cloudy;Not totally Cloudy,56.31438605561174,1.0
1275.0979873336587,Chicago,Cloudy;Overcast,43.559828929939904,1.0
1321.7857201375734,Chicago,Cloudy,67.18061807544586,1.0
1371.922913132896,Charlotte,Cloudy;Overcast,51.14282295007418,1.0
1376.0880750754739,Charlotte,Partly Cloudy;Scattered Clouds;Mostly Clear,43.22702017582934,1.0
1406.3814016688393,Charlotte,Partly Cloudy;Scattered Clouds;Mist;Cloudy,93.31441891435895,1.0
1409.3263476879802,Columbus,Mostly Cloudy;Intermittent;Mist;Fog And Mist,95.9812106232071,1.0
1410.32634768798,Columbus,Mostly Cloudy;Mainly Cloudy,91.70311905223727,1.0
1419.996023802825,Charlotte,Not totally Cloudy;Partly Cloudy;Mostly Sunny;Sunny,44.57995170405001,1.0
1479.582676989556,Charlotte,Cloudy,81.26174182180276,1.0
1485.4175150469787,Charlotte,Cloudy,78.95086746025589,1.0
1490.0140804918947,Charlotte,Partly Cloudy;Cloudy;Scattered,73.44195981290908,1.0
1491.0140804918947,Charlotte,Partly Cloudy;Not totally Cloudy,76.25032816722393,1.0
1493.0691344727538,Charlotte,Partly Cloudy;Not totally Cloudy,78.62425990549025,1.0
1514.8398902047823,Charlotte,Sunny;Mainly Sunny;Fair;Partly Cloudy;Partly,51.34583481032954,1.0
1520.5646203004865,Charlotte,Clear,68.75832919627041,1.0
1558.9039725301761,Columbus,Mostly Cloudy;Mainly Cloudy;Intermittent Clouds,68.23907555565111,1.0
1560.848918549317,Charlotte,Partly Cloudy;Mainly Sunny;Mostly Clear,48.87175632505936,1.0
1574.1151601090783,Charlotte,Cloudy,67.96168014498153,1.0
1590.2893503961907,Columbus,Drizzle;Light Drizzle;Showers,94.12159070403017,1.0
1629.197299123542,Charlotte,Fog;Overcast;Mist;Light Fog,92.7695420151705,1.0
1631.1972991235418,Charlotte,Fog;Overcast;Mist,91.66370604335104,1.0
1638.8119212575277,Charlotte,Fog,97.44780966365768,1.0
1645.0601061282189,Charlotte,Fog,98.43065228025135,1.0
1648.656671573135,Charlotte,Fog,99.40968195013215,1.0
1650.2622653625863,Charlotte,Fog;Overcast;Mist,97.81253178974559,1.0
1693.784836223923,Chicago,Cloudy;Mostly Cloudy;Mostly,57.06891050124343,1.0
1695.839890204782,Chicago,Cloudy;Mostly Cloudy;Mainly Cloudy,55.894377715652396,1.0
1701.6196742813456,Chicago,Mostly Cloudy;Mostly,46.807452004760584,1.0
1705.784836223923,Chicago,Cloudy;Mostly Cloudy;Partly Sunny,61.62030909963761,1.0
1715.6936688649246,Chicago,Mainly Sunny;Partly Cloudy;Not totally Cloudy,59.10876212957085,1.0
1719.803776826643,Chicago,Partly Cloudy;Partly;Mostly Clear;Scattered,62.196200246209756,1.0
1724.7487228457835,Chicago,Cloudy;Overcast,64.4684634585476,1.0
1728.9689387692206,Chicago,Cloudy,62.51886832415797,1.0
1730.2992626543755,Chicago,Cloudy,63.19295003319055,1.0
1742.858830807502,Chicago,Cloudy;Haze,54.924389927441744,1.0
1745.6295865395307,Dallas,A Few Clouds,61.68535726089738,1.0
1747.8498024629673,Dallas,Clean,64.24034958500086,1.0
1754.400342271559,Dallas,Partly Cloudy,65.97693078316622,1.0
1755.8407741184324,Dallas,Partly Cloudy,66.39516904607204,1.0
1757.0059360610103,Dallas,A Few Clouds,68.02983786653479,1.0
1765.8227174293631,Dallas,Overcast,63.129134084481784,1.0
1780.217123639912,Chicago,Mostly Cloudy;Cloudy;Mostly,64.16769547807165,1.0
1802.3913139270244,Chicago,Partly Cloudy;Scattered Clouds;Not totally Cloudy,56.109912679559564,1.0
1807.1710980035875,Chicago,Mostly Cloudy;Partly;Intermittent Clouds;Partly Cloudy,64.79509990027039,1.0
1816.7857201375734,Chicago,Cloudy;Overcast,73.36499345053176,1.0
1820.00593606101,Chicago,Cloudy;Mostly Cloudy;Mainly Cloudy,71.14187503020237,1.0
1825.996907716475,Chicago,Mostly Cloudy;Mainly Cloudy,77.55076136511147,1.0
1831.1070156781934,Chicago,Partly Cloudy;Mostly;Not totally Cloudy;Mostly Sunny,72.97245419085054,1.0
1852.226151984447,Denver,Haze;Partly Cloudy;Hazy,72.44427029612899,1.0
1854.501421888743,Denver,Cloudy;Haze,76.63661723111727,1.0
1865.217123639912,Denver,Overcast,72.62097220361069,1.0
1876.6665838313204,Denver,Overcast with Haze,78.69318256929934,1.0
1882.66658383132,Denver,Overcast with Haze,78.22275788801295,1.0
1886.611529850461,Chicago,Partly Cloudy;Cloudy;Partly;Partly Sunny,61.80607746885558,1.0
1899.8958280992917,Chicago,Snow;Flurries;Light Snow;Light,91.55190617682764,1.0
1916.840774118433,Chicago,Cloudy;Haze,75.29861254401995,1.0
1920.7857201375734,Denver,Overcast Haze,63.875397247417744,1.0
1957.8037768266431,Chicago,Cloudy;Haze,79.78736737198143,1.0
1968.6386148840659,Chicago,Cloudy;Haze,81.11852068516964,1.0
1981.9138847883614,Denver,Mist/Light Snow Fog,84.72046783543225,1.0
1985.5194785778124,Denver,Light Snow,79.31548919494905,1.0
1995.1341007117983,Denver,Overcast with Haze,81.7888913453198,1.0
2000.2442086735168,Denver,Overcast with Haze,81.70545174633489,1.0
2022.1431290563328,Denver,Cloudy;Overcast;Sunny,53.92170733854795,1.0
2025.2532370180509,Denver,Sunny;Cloudy;Clean;Mostly Cloudy,50.70203218822122,1.0
2042.6936688649248,Denver,Sunny;Cloudy;Fair;Mostly Cloudy,73.42789118734241,1.0
2045.409370616094,Detroit,Partly Cloudy;Sunny;Mostly Clear,79.60473593382702,1.0
2053.2992626543755,Detroit,Haze;Hazy;Sunny,74.91358770109949,1.0
2054.409370616094,Detroit,Haze;Fair;Hazy;Intermittent Clouds,75.10830311512917,1.0
2058.7396945012492,Detroit,Clear;Mostly Cloudy;Fair;Cloudy,57.82639429476735,1.0
2063.7947484821084,Detroit,Mostly Cloudy;Cloudy;Clear,47.53825642434979,1.0
2096.9779671137553,Detroit,Cloudy;Overcast,55.25489576981429,1.0
2106.867859152037,Detroit,Cloudy;Clear,59.050140694681716,1.0
2113.867859152037,Detroit,Cloudy;Overcast,59.17589383308988,1.0
2127.757751190319,Detroit,Clear;Mostly Clear;Fair,57.171918907674346,1.0
2134.3082909989103,Detroit,Partly Cloudy;Clear;Sunny,74.56282124351645,1.0
2151.9689387692206,Detroit,Clear;Sunny;Partly;Fair,60.33285073440765,1.0
2156.7487228457844,Detroit,Sunny,44.896409037934994,1.0
2163.693668864925,Detroit,Cloudy;Overcast,73.63615163513028,1.0
2164.9689387692206,Detroit,Cloudy;Overcast,74.33338074765297,1.0
2166.5745325586713,Detroit,Cloudy;Scattered Clouds,81.01818882303856,1.0
2210.2072113817267,Detroit,Cloudy;Overcast,67.40372971691768,1.0
2277.353432721585,Detroit,Cloudy;Snow;Light Snow,74.65627674010283,1.0
2281.0691344727543,Detroit,Light Snow;Cloudy;Overcast,81.54413054154931,1.0
2330.8669752383867,Dallas,Light Rain;Rain,89.66783212396358,1.0
2344.8119212575275,Dallas,Cloudy;Mostly Cloudy,69.18965604758058,1.0
2362.9310575637805,Dallas,Cloudy;Mostly Cloudy,87.98927553652555,1.0
2365.2063274680763,Dallas,Cloudy;Haze,80.80319332378265,1.0
2367.3714894106542,Dallas,Cloudy;Haze,76.21704780231782,1.0
2372.8119212575275,Dallas,Cloudy,67.70757139024118,1.0
2389.096219506358,Detroit,Mist/Fog,85.51644577321429,1.0
2399.977083200105,El Paso,Overcast with Haze,76.97104974651967,1.0
2404.913000874711,El Paso,Overcast,66.54542015347963,1.0
2415.692784951274,Dallas,Cloudy;Overcast,74.28675122716828,1.0
2419.8028929129932,Dallas,Cloudy;Overcast,75.55143604474668,1.0
2429.527623008697,Dallas,Cloudy;Overcast,74.98519691321988,1.0
2431.6377309704153,Dallas,Cloudy;Overcast,72.86419257103394,1.0
2453.0781628172886,Dallas,Cloudy;Overcast,77.85101811627673,1.0
2456.9680548555707,Dallas,Cloudy;Overcast,78.66422179434862,1.0
2458.9680548555707,Dallas,Cloudy;Overcast,82.86185864268329,1.0
2478.2523531044008,Dallas,Cloudy;Overcast,74.57586334700655,1.0
2485.6837566067393,El Paso,Rain;Light Rain;Light,84.5420411629122,1.0
2498.069134472754,El Paso,Mist/Fog,82.49257557322741,1.0
2514.5185946641623,El Paso,Mist/Light Rain Fog,91.52652463665423,1.0
2516.4635406833027,Dallas,Light Rain;Rain;Cloudy,84.57201240305422,1.0
2518.1241884536125,El Paso,Light Rain;Rain,85.27716968627755,1.0
2519.6196742813463,El Paso,Overcast;Cloudy,87.5367752542055,1.0
2522.509566319627,El Paso,Cloudy,69.87778902123794,1.0
2527.399458357909,El Paso,Cloudy,79.16111252888697,1.0
2530.1611857454027,El Paso,Cloudy;Haze,81.96415830310619,1.0
2559.5095663196266,Fort Worth,Overcast with Haze,82.88666595566184,1.0
2568.179242434472,Fort Worth,Overcast Haze,82.67360664510838,1.0
2581.463540683303,Fort Worth,Cloudy,58.700587029557,1.0
2582.463540683303,Fort Worth,Mostly,55.788004458945274,1.0
2586.298378740725,Fort Worth,Cloudy;Mostly Cloudy,64.32777659304335,1.0
2615.922029219246,Fort Worth,Mostly,61.20033206523982,1.0
2625.417515046978,Fort Worth,Overcast,85.79981792357862,1.0
