entity,Domain,Conditions,Humidity,day
2099.022058719753,Fort Worth,Mostly Cloudy,86.39074542501655,1.0
2102.022058719753,Fort Worth,Overcast,82.61402852502599,1.0
2122.1289263197154,Fort Worth,Fog;Partly Cloudy;Not totally Cloudy;Scattered Clouds,92.1187718915252,1.0
2142.124152369673,Fort Worth,Partly Cloudy;Mostly Cloudy,77.76058750269851,1.0
2146.5707185696915,Fort Worth,Partly Cloudy;Clear;Clean;Sunny;Intermittent Clouds,74.85517129795281,1.0
2147.8498224447035,Fort Worth,Partly Cloudy;Clear,76.4896942135902,1.0
2155.626539344694,Fort Worth,Partly;Partly Cloudy;Partly Sunny,50.487554709510604,1.0
2178.454303069644,Fort Worth,Mist/Fog,91.60925457498345,1.0
2182.2868407446367,Fort Worth,A Few Clouds,70.00477395004253,1.0
2191.0077368696257,Fort Worth,A Few,28.795812700160642,1.0
2193.2868407446376,Fort Worth,A Few Clouds,26.237604950137015,1.0
2196.6775861696538,Fort Worth,Not totally Cloudy,26.460888050146465,1.0
2203.1289263197154,Fort Worth,Mostly Clear;Partly;Mainly Sunny,33.539679432664755,1.0
2207.631313294736,Fort Worth,Clear;Sunny,43.25253590688276,1.0
2225.0731055447127,Fort Worth,Not totally Cloudy;Mostly Cloudy;Clear;Mostly;Partly Cloudy,31.68419429124851,1.0
2230.7987756197435,Fort Worth,Mostly Cloudy;Sunny,26.819217358656818,1.0
2233.742954844741,Fort Worth,Partly Cloudy;Cloudy;Mostly Cloudy;Clear,51.041800357098865,1.0
2241.0778794947555,Fort Worth,Mainly Cloudy;Partly Cloudy;Mostly Cloudy;Mostly Clear,58.78560876908475,1.0
2270.570718569692,Houston,Cloudy,50.94966370024707,1.0
2276.5148977946897,Houston,Cloudy,83.39138756616155,1.0
2290.789227719659,Houston,Overcast,59.40029332510158,1.0
2297.0683315946703,Houston,Overcast,85.83731162503543,1.0
2315.3984822946427,Houston,Clear,44.81863478163741,1.0
2319.961463994708,Houston,Clear,60.82417379522662,1.0
2322.0731055447122,Houston,Clear,51.07397434682225,1.0
2328.1942949948025,Houston,Clear;Partly Cloudy;Mainly Sunny,46.753963605582065,1.0
2334.026832669796,Houston,Sunny;Mostly Sunny,44.80194724631445,1.0
2354.9662379447504,Houston,Clean,71.50238697502125,1.0
2374.9056432197053,Houston,Mainly Cloudy;Mostly Cloudy;Intermittent Clouds,41.337973236613315,1.0
2408.7334069446565,Houston,Cloudy,53.953727125082686,1.0
2416.398482294642,Houston,Partly Cloudy,49.567755650108666,1.0
2421.3984822946422,Houston,Not totally Cloudy,39.57252960015119,1.0
2423.5707185696915,Houston,Not totally Cloudy,38.45611410010394,1.0
2427.0731055447127,Houston,Not totally Cloudy,32.57252960015119,1.0
2432.7940016697007,Houston,Mostly Cloudy,30.516708825148836,1.0
2454.068331594671,Houston,Clear;Mostly Cloudy,53.51049108172258,1.0
2463.570718569691,Houston,Clear;Sunny,66.8615497864843,1.0
2480.5754925197343,Houston,Cloudy;Overcast,52.31731906388611,1.0
2486.5754925197343,Houston,Cloudy,55.413167084352125,1.0
2500.687134069739,Houston,Fair,68.32537674992912,1.0
2506.854596394746,Houston,Clean,77.54388589989604,1.0
2522.9614639947085,Houston,Clear;Mostly Clear,52.9860032431286,1.0
2525.022058719753,Houston,Clear;Mostly Clear,58.54336275300083,1.0
2526.6919080197813,Houston,Clear;Sunny,62.69674084205835,1.0
2548.636087244779,Houston,Partly Cloudy;Partly Sunny;Scattered Clouds;Scattered;Not totally Cloudy,58.69963504873509,1.0
2561.1895210447597,Houston,Clear;Clean;Mostly Clear,76.40630125430211,1.0
2563.971011894793,Houston,Clear;Fair,77.24763442376681,1.0
2568.473398869814,Houston,Clear;Fair;Mostly Cloudy,82.20651443245386,1.0
2569.5292196448167,Houston,Overcast;Cloudy;Clear,82.35819951982126,1.0
2587.5850404198186,Indianapolis,Cloudy,69.27704952258729,1.0
2590.0874273948402,Indianapolis,Clear;Cloudy,74.20378985542679,1.0
2591.4223520448545,Indianapolis,Partly Cloudy;Cloudy,73.45624170953882,1.0
2620.6966819698237,Indianapolis,Clean,83.6603013999433,1.0
2624.2548897198476,Indianapolis,Clean,84.44179224997636,1.0
2634.706229869909,Indianapolis,Cloudy,67.02032823960418,1.0
2642.8736921949167,Indianapolis,Cloudy;Overcast;Partly Cloudy,78.04164627748035,1.0
2656.873692194916,Indianapolis,Light Snow;Flurries;Cloudy;Light,80.64892851521837,1.0
2660.8784661449586,Indianapolis,Haze;Hazy;Cloudy;Partly Cloudy,78.06542023612953,1.0
2678.041154519923,Indianapolis,Overcast,82.37642357488896,1.0
2685.9295129699185,Indianapolis,Mist/Fog,80.76239504986299,1.0
2704.1480221198854,Indianapolis,Flurries;Cloudy;Fog And Mist;Light Snow;Light Snow Mist;Mist,89.69387879204555,1.0
2706.538767544902,Indianapolis,Light Snow;Overcast;Flurries;Snow,90.22852624536397,1.0
2710.427125994897,Indianapolis,Cloudy;Overcast;Fog,84.21542825945816,1.0
2711.482946769899,Indianapolis,Cloudy;Fog;Mist,89.82941369320218,1.0
2722.036380569881,Indianapolis,Cloudy;Partly;Partly Cloudy,69.00751395637447,1.0
2724.371305219895,Indianapolis,Cloudy,63.18428587778746,1.0
2737.0922013448826,Indianapolis,Mist/Light Snow Fog,88.48329117485116,1.0
2742.101749244968,Indianapolis,Mist/Fog,84.81821582486535,1.0
2757.376079169938,Jacksonville,Overcast,64.32537674992913,1.0
2761.8226453699563,Jacksonville,Light Snow;Snow;Light Snow Mist;Flurries,89.79582212710118,1.0
2766.1575700199705,Jacksonville,Cloudy,82.50011389529323,1.0
2770.604136219989,Jacksonville,Mostly Cloudy;Cloudy,76.86243416820217,1.0
2776.60413621999,Jacksonville,Partly Cloudy;Not totally Cloudy;Partly Sunny,62.99602774600827,1.0
2796.5435414949443,Jacksonville,Mostly Cloudy,73.46562519491422,1.0
2799.15757001997,Jacksonville,Mostly Cloudy;Mainly Cloudy,79.4048558157423,1.0
2816.264437619933,Jacksonville,Mostly Cloudy,56.94417922499764,1.0
2830.8178714199134,Jacksonville,Mainly Cloudy,80.93940527495512,1.0
2834.7620506449116,Jacksonville,Mainly Cloudy,70.66507534998581,1.0
2843.0459284699655,Jacksonville,Partly,39.116415500047246,1.0
2844.325032344978,Jacksonville,Mostly Cloudy,31.000000000000004,1.0
2850.3250323449774,Jacksonville,Clear;Fair,60.93406196566348,1.0
2855.3250323449774,Jacksonville,Sunny;Clear,73.55536531104647,1.0
2875.376079169937,Jacksonville,Cloudy;Overcast,43.5515925621848,1.0
2882.3760791699374,Jacksonville,Not totally Cloudy;Mostly Clear;Scattered Clouds;Cloudy,63.66030139994331,1.0
2899.2739855200175,Jacksonville,Cloudy,80.73597940145135,1.0
2908.8417411701266,Jacksonville,Cloudy;Mainly Cloudy,44.02250555573738,1.0
2910.9533827201312,Las Vegas,Mostly Cloudy;Cloudy,40.813181496645754,1.0
2925.958156670173,Las Vegas,Light Rain,88.00638882311345,1.0
2935.567411245157,Las Vegas,Overcast,87.7256700750307,1.0
2945.065024270135,Las Vegas,Overcast,92.94417922499763,1.0
2960.7300996201216,Las Vegas,Mostly Cloudy;Intermittent Clouds;Cloudy,32.043212174265854,1.0
2968.9677045702583,Las Vegas,Mainly Cloudy;Mostly Cloudy;Cloudy,48.71134217155429,1.0
2974.023525345261,Las Vegas,Mostly Cloudy;Mostly,66.34627889797753,1.0
2997.795468295209,Las Vegas,Overcast,48.507160925063786,1.0
3006.34890209519,Las Vegas,Mostly Cloudy,65.66984930002836,1.0
3020.62323202016,Las Vegas,Mostly,32.79103875011812,1.0
3022.7396475202067,Las Vegas,Mostly Cloudy,30.948953175040156,1.0
3047.6232320201593,Las Vegas,Light Rain;Showers,81.20646037956737,1.0
3054.52113837024,Las Vegas,Light Rain;Rain,92.35864395866776,1.0
3063.130392945223,Las Vegas,Overcast,56.5534337999811,1.0
3068.5211383702394,Las Vegas,Overcast,72.77671689999055,1.0
3074.1909876702684,Las Vegas,Light Rain,86.39074542501655,1.0
3084.0330732453463,Las Vegas,Light,83.66984930002835,1.0
3091.698148595332,Las Vegas,Light Rain,92.11834701111262,1.0
3098.753969370334,Las Vegas,Rain,88.41174504358743,1.0
3114.0282992953034,Las Vegas,Clear,81.17816023930321,1.0
3133.0235253452615,Las Vegas,Cloudy;Overcast,87.48501117189987,1.0
3138.744421470249,Las Vegas,Cloudy,76.59209365723092,1.0
3148.8656109203384,Las Vegas,Mist/Fog,83.60448062494093,1.0
3149.921431695341,Las Vegas,Mist/Fog,86.26955597492676,1.0
3152.1447147953504,Las Vegas,Mist/Fog,85.82298977490787,1.0
3153.312177120358,Las Vegas,Mist/Fog,90.32537674992912,1.0
3155.5354602203665,Los Angeles,Mist/Fog,86.32537674992913,1.0
3160.4796394453647,Los Angeles,Mist/Fog,87.49283907493623,1.0
3180.5865070453265,Los Angeles,Cloudy;Overcast,77.22249030744231,1.0
3185.530686270324,Los Angeles,Cloudy,73.45490408178816,1.0
3191.251582395312,Los Angeles,Cloudy,75.72914163666316,1.0
3196.698148595332,Los Angeles,Cloudy,72.87692949786656,1.0
3203.4190447203196,Los Angeles,Cloudy,73.21844309251338,1.0
3205.419044720321,Los Angeles,Cloudy,76.90270321027525,1.0
3208.5865070453274,Los Angeles,Cloudy,77.52171056577784,1.0
3213.3632239453177,Los Angeles,Cloudy,80.72561829238761,1.0
3231.3584499952744,Los Angeles,Cloudy,80.02593668177019,1.0
3239.302629220272,Los Angeles,Light Rain;Rain,83.71310096272947,1.0
3246.7491954202924,Los Angeles,Light Rain;Cloudy,86.5922492806126,1.0
3250.865610920339,Los Angeles,Light Rain;Rain,90.13798256468569,1.0
3262.4748654953223,Los Angeles,Light Rain,83.71612217494565,1.0
3276.2515823953136,Los Angeles,Light Rain,95.71612217494567,1.0
3286.805016195294,Los Angeles,Cloudy,78.73840472115462,1.0
3288.0282992953034,Los Angeles,Cloudy,79.18497092117352,1.0
3306.246808445271,Los Angeles,Cloudy,70.30449484064191,1.0
3313.1399408453076,Los Angeles,Sunny;Not totally Cloudy,58.706718750933575,1.0
3321.7491954202915,Los Angeles,Overcast,79.66507534998581,1.0
3324.1957616203103,Los Angeles,Overcast,85.21850914996693,1.0
3341.860836970296,Los Angeles,Mainly Cloudy,68.55820775002361,1.0
3349.7491954202915,Los Angeles,Sunny;Partly Cloudy;Clear,67.80174172116749,1.0
3350.916657745299,Memphis,Clear;Sunny,71.20081797987172,1.0
3366.8050161952942,Memphis,Sunny;Cloudy;Mostly,85.69394684082745,1.0
3372.4748654953223,Memphis,Clear;Sunny;Overcast,68.99195688169951,1.0
3373.64232782033,Memphis,Light Rain;Cloudy;Clean,70.6776862529777,1.0
3393.7587433203757,Memphis,Clean,88.49761302497876,1.0
3401.9262056453836,Memphis,Fair,79.99999999999997,1.0
3403.596054945412,Memphis,Fair,77.44656620001889,1.0
3404.7076964954163,Memphis,Fair,77.11164155000472,1.0
3425.0936679703896,Memphis,Cloudy,82.19090334083278,1.0
3434.814564095378,Memphis,Partly Cloudy;Fair,75.83255978489105,1.0
3437.986800370429,Memphis,Partly Cloudy;Clear;Scattered Clouds;Clean,77.36846356959443,1.0
3439.0984419204337,Memphis,Partly Cloudy;Not totally Cloudy;Clear,78.66143683360725,1.0
3441.935753545469,Memphis,Partly;Scattered Clouds;Cloudy;Not totally Cloudy,80.4926313515889,1.0
3459.9868003704287,Memphis,Cloudy;Overcast;Fog And Mist,91.28476197341045,1.0
3463.2659042454407,Memphis,Cloudy;Overcast,85.82559716652628,1.0
3475.5960549454117,Memphis,Mostly Cloudy,82.49761302497873,1.0
3498.4796394453647,Memphis,Cloudy,72.67879785143143,1.0
3512.921431695341,Memphis,Cloudy,71.46578545721158,1.0
3516.7635172704186,Memphis,Cloudy,70.68921332638459,1.0
3519.2100834704383,Memphis,Cloudy,69.14737152640267,1.0
3524.321725020442,Memphis,Cloudy;Mostly Cloudy,61.785193703458404,1.0
3526.9915743204706,Memphis,Cloudy;Mostly,61.361746753955735,1.0
3533.935753545468,Memphis,Cloudy,72.87462543396298,1.0
3536.7730651705047,Memphis,Cloudy,73.61959358575126,1.0
3538.940527495511,Memphis,Cloudy,72.59391127914637,1.0
3544.0521690455157,Memphis,Cloudy,75.3914056136007,1.0
3552.6056028454977,Memphis,Cloudy,74.95729105680941,1.0
3559.270678195483,Milwaukee,Cloudy;Mostly Cloudy,69.56179157767548,1.0
3562.782613070589,Milwaukee,Cloudy;Light;Light Rain,80.4997597732623,1.0
3573.355142670741,Milwaukee,Rain;Cloudy,91.11299310883257,1.0
3580.1318595707307,Milwaukee,Rain;Showers;Cloudy,91.94337729922033,1.0
3594.3646905708265,Milwaukee,Mist/Rain Fog,86.39074542501655,1.0
3606.47633212083,Milwaukee,Overcast,90.77194294994803,1.0
3620.7554359958426,Milwaukee,Cloudy,89.16752006201621,1.0
3626.5321528958316,Milwaukee,Cloudy,91.39648225303367,1.0
3628.5321528958334,Milwaukee,Cloudy,86.4527964248811,1.0
3634.47633212083,Milwaukee,Cloudy;Overcast,90.2980847833887,1.0
3664.694841270797,Milwaukee,Mist/Fog,89.88835844999527,1.0
3671.8623035958053,Milwaukee,Light Rain,79.94417922499761,1.0
3673.973945145808,Milwaukee,Overcast,76.49761302497873,1.0
3676.4763321208306,Milwaukee,Overcast,77.83253767499292,1.0
3685.1972282458187,Milwaukee,Cloudy;Mostly Cloudy,80.98927560875597,1.0
3694.2530490208205,Milwaukee,Cloudy;Mostly Cloudy;Overcast,79.41803419163898,1.0
3695.308869795823,Milwaukee,Overcast;Cloudy,80.86904026114391,1.0
3697.4252852958707,Milwaukee,Light Rain;Mostly Cloudy;Cloudy,79.53880107423444,1.0
3698.5927476208776,Milwaukee,Light Rain;Showers,81.43989100757028,1.0
3720.420511345828,Milwaukee,Mostly Cloudy,80.27910387501178,1.0
3740.4205113458283,Milwaukee,Overcast,76.94417922499764,1.0
3756.8064828208016,Milwaukee,Mostly Cloudy;Cloudy,61.18549298759229,1.0
3761.2530490208214,Milwaukee,Partly Cloudy;Sunny;Cloudy,57.2506177349172,1.0
3772.5879736708343,Milwaukee,Mostly Cloudy;Mainly Cloudy;Overcast;Intermittent Clouds,72.35418642420767,1.0
3775.532152895833,Milwaukee,Cloudy;Overcast,70.7453710992125,1.0
3786.9181243708067,Nashville,Mostly Cloudy,56.165192673099064,1.0
3801.1366335207736,Nashville,A Few Clouds,69.11641550004724,1.0
3821.1318595707307,Nashville,Mostly Cloudy,42.67462325007087,1.0
3848.792160970674,Nashville,Partly Cloudy;Not totally Cloudy;Sunny;Cloudy;Scattered,57.13897618491247,1.0
3851.6805194206704,Nashville,Partly Cloudy;Not totally Cloudy;Scattered Clouds;Mostly Sunny,57.13897618491247,1.0
3860.0202180207257,Nashville,Partly Cloudy;Mostly Clear,73.68296113184014,1.0
3878.4620102707026,Nashville,Clear;Sunny,67.84567534277535,1.0
3882.076038795728,Nashville,Sunny;Clear,58.6302357790396,1.0
3900.071264845686,Nashville,Cloudy;Overcast,80.47781649151959,1.0
3909.736340195672,Nashville,Fair,77.2743299249693,1.0
3925.62947259571,Nashville,Mist/Fog,82.71612217494567,1.0
3929.9085764707206,Nashville,Partly;Partly Sunny;Mostly Clear,73.97598771049327,1.0
3932.9085764707215,Nashville,Mostly Cloudy;Mainly Cloudy,46.668991592520854,1.0
3934.964397245724,Nashville,Mostly Cloudy;Cloudy,56.43522350823318,1.0
3950.299321895738,Nashville,Cloudy,76.51174352741498,1.0
3962.80170887076,Nashville,Cloudy,60.67218636103725,1.0
3971.5226049957473,Nashville,Overcast,56.83731162503543,1.0
3988.5736518207073,Nashville,Overcast,55.11641550004725,1.0
3992.7969349207165,Nashville,Overcast,58.49761302497874,1.0
3996.024991970769,Nashville,Overcast,63.67462325007088,1.0
4007.57842577075,Nashville,Cloudy,79.94699397131019,1.0
4010.9133504207634,Nashville,Light Snow;Flurries;Cloudy;Light,84.17034828080446,1.0
4020.4667842207455,Nashville,Haze;Cloudy;Snow,75.18035084288928,1.0
4034.7969349207174,Nashville,Overcast,78.70657427486063,1.0
4047.3503687206976,Nashville,Overcast with Haze,78.26478202488424,1.0
4048.5178310457054,Nashville,Overcast with Haze,78.54388589989605,1.0
4052.3551426707404,Nashville,Overcast with Haze,75.43224434989133,1.0
4076.238727170694,Nashville,Cloudy;Overcast,53.390096495239135,1.0
4080.1829063956907,Nashville,Cloudy,74.1895223371275,1.0
4084.3503687206985,Nashville,Cloudy;Mainly Cloudy;Mostly Cloudy;Mostly,75.46705801552417,1.0
4092.6900673207556,New York,Mostly Cloudy;Mainly Cloudy;Clear,77.67812217276007,1.0
4098.690067320755,New York,Cloudy;Overcast;Sunny,84.77755284992807,1.0
4105.192454295775,New York,Cloudy;Overcast,71.5982373710868,1.0
4112.136633520774,New York,Mostly Cloudy,71.78149085003307,1.0
4119.806482820802,New York,Mostly Cloudy,74.93463132491259,1.0
4127.527378945791,New York,Mainly Cloudy,79.05104682495983,1.0
4131.415737395787,New York,Overcast,80.76716899990551,1.0
4143.913350420765,New York,Overcast,80.43224434989133,1.0
4158.410963445743,New York,Cloudy;Overcast,88.26484105917515,1.0
4179.4667842207455,New York,Cloudy;Overcast,87.68258886277283,1.0
4191.969171195767,New York,Cloudy,72.58180556196409,1.0
4207.141407470816,New York,Mostly Cloudy;Mainly Cloudy,68.25142988195623,1.0
4218.918124370807,New York,Cloudy;Not totally Cloudy;Mostly,94.05963449527654,1.0
4223.918124370805,New York,Cloudy,80.55067798022641,1.0
4234.359916620782,New York,Mostly Cloudy,77.54388589989604,1.0
4237.359916620783,New York,Not totally Cloudy,82.81821582486535,1.0
4241.471558170789,New York,Overcast,85.53911194985355,1.0
4244.587973670835,Oklahoma City,Overcast,84.21373519992441,1.0
4260.197228245818,Oklahoma City,Cloudy;Light Rain,88.44835824270555,1.0
4273.3646905708265,Oklahoma City,Cloudy;Overcast,92.76671684833715,1.0
4278.420511345828,Oklahoma City,Rain;Overcast,92.44917474910201,1.0
4290.532152895833,Oklahoma City,Overcast,86.05104682495984,1.0
4300.308869795823,Oklahoma City,Mist/Light Rain Fog,96.05104682495984,1.0
4330.527378945791,Oklahoma City,Cloudy,73.57462163622841,1.0
4341.913350420765,Oklahoma City,Partly Cloudy;Sunny;Cloudy,65.41040883349616,1.0
4343.857529645761,Oklahoma City,Mostly Cloudy;Partly Sunny;Mainly Cloudy,68.1100434888487,1.0
4360.192454295776,Oklahoma City,Overcast,73.33015069997164,1.0
4362.806482820803,Oklahoma City,Overcast,77.11164155000472,1.0
4378.969171195767,Oklahoma City,Cloudy,67.66984930002835,1.0
4382.0249919707685,Oklahoma City,Mostly Clear,63.346404061164606,1.0
4383.969171195767,Oklahoma City,Clear;Mostly;Cloudy,69.84359024100358,1.0
4386.862303595804,Oklahoma City,Clear;Mainly Cloudy;Cloudy;Fair,68.76427354870964,1.0
4388.8623035958035,Oklahoma City,Mostly Cloudy;Clear;Intermittent Clouds;Fair,71.21758019258291,1.0
4400.248275070779,Philadelphia,Mostly Cloudy;Intermittent Clouds;Mostly Sunny;Sunny,35.412570490480306,1.0
4402.867077545847,Philadelphia,Mostly Cloudy;Intermittent Clouds;Fair,35.14441854123574,1.0
4442.690067320755,Philadelphia,Mainly Cloudy,35.902680300122846,1.0
4453.57842577075,Philadelphia,A Few Clouds,72.72089612498819,1.0
4468.1876803457335,Philadelphia,Mostly Cloudy;Clear;Intermittent Clouds;Fair,52.30156856194691,1.0
4470.857529645761,Philadelphia,Clear;Mostly;Partly Cloudy;Clean;Mostly Cloudy,62.86669121167292,1.0
4475.7458880957565,Philadelphia,Mostly Cloudy;Clear;Clean,68.48534159682818,1.0
4484.3040958457805,Philadelphia,Clear;Partly Cloudy;Mostly Sunny;Sunny,75.87043291813448,1.0
4527.238727170692,Philadelphia,Clear;Not totally Cloudy;Sunny;Partly,32.56720896205256,1.0
4531.131859570731,Philadelphia,Sunny;Clear,39.72895353600616,1.0
4533.131859570732,Philadelphia,Clear,54.939118838433735,1.0
4536.1876803457335,Philadelphia,Clear,55.44000998246345,1.0
4543.796934920718,Philadelphia,Clear;Partly Cloudy,61.619501862286874,1.0
4545.355142670741,Philadelphia,Clear;Mostly Clear;Not totally Cloudy,60.83904420954285,1.0
4564.350368720698,Philadelphia,A Few Clouds,62.111641550004734,1.0
4566.964397245724,Philadelphia,A Few Clouds,63.67462325007088,1.0
4570.9085764707215,Philadelphia,Clear;Scattered Clouds;Not totally Sunny;Clean;Sunny,60.8798614304054,1.0
4579.355142670741,Philadelphia,Mainly Cloudy;Clear;Mostly Cloudy;Cloudy,42.02322765287967,1.0
4592.796934920716,Philadelphia,Cloudy;Not totally Cloudy,66.76126301436074,1.0
4595.852755695719,Philadelphia,Mostly Cloudy;Partly Cloudy,54.88429011269067,1.0
4597.020218020726,Phoenix,Mainly Cloudy;Clear;Sunny,50.07033975670091,1.0
4600.1876803457335,Phoenix,Sunny;Mainly Cloudy;Clear;Fair,37.48136208923646,1.0
4603.248275070779,Phoenix,Clear;Mainly Cloudy;Intermittent Clouds;Partly Cloudy,36.53031826531031,1.0
4616.57842577075,Phoenix,Mostly Cloudy,57.39551937505905,1.0
4626.080812745771,Phoenix,Mostly,59.8325376749929,1.0
4627.862303595805,Phoenix,Cloudy,61.228057050051966,1.0
4639.415737395786,Phoenix,Clear;Mainly Cloudy;Clean;Mostly Cloudy,37.58230959733295,1.0
4657.745888095757,Phoenix,Clear;Mostly Clear;Fair,68.21373519992439,1.0
4663.4667842207455,Phoenix,Sunny;Clear;Fair;Scattered Clouds;Scattered;Partly Sunny,42.58752037580647,1.0
4666.634246545752,Phoenix,Sunny;Partly Sunny;Fair;Clear,32.792671170779485,1.0
4669.745888095756,Phoenix,Mostly Cloudy,38.177010225092125,1.0
4674.694841270796,Phoenix,Mostly Cloudy,47.72089612498819,1.0
4676.973945145808,Phoenix,Mostly,52.725670075030706,1.0
4700.471558170787,Phoenix,Clear,74.38531927454278,1.0
4710.3040958457805,Phoenix,Sunny;Clear,58.77396913584297,1.0
4711.359916620784,Phoenix,Sunny;Clear,57.237981844789324,1.0
4715.918124370806,Phoenix,Sunny;Clear,41.79132982939221,1.0
4732.5273789457915,Phoenix,Clear,77.8072015469344,1.0
4750.080812745771,Phoenix,Haze;Sunny;Mainly Sunny,48.35186360947634,1.0
4752.862303595804,Phoenix,Fair,52.716122174945674,1.0
4755.029765920811,Phoenix,Fair,55.49761302497874,1.0
4758.1414074708155,Phoenix,Fair,56.55820775002362,1.0
4760.481106070873,Phoenix,Fair,55.49761302497874,1.0
4768.536926845876,Phoenix,Fair,76.33015069997164,1.0
4771.262596920906,Phoenix,Haze,80.04149892487479,1.0
4773.206776145903,Phoenix,Haze,76.26478202488423,1.0
4786.932446220935,Phoenix,Haze,44.2328310000945,1.0
4791.932446220934,Phoenix,Sunny;Clear,61.70533111114289,1.0
4802.82080467093,Phoenix,Cloudy;Haze;Mainly Cloudy;Unclear,81.60139866718828,1.0
4804.044087770938,Phoenix,Hazy;Haze;Partly Cloudy;Fair,82.24463786385775,1.0
4836.425285295871,Phoenix,Clear;Sunny,85.41126746545575,1.0
4840.64856839588,Portland,Haze;Hazy Sunshine;Sunny;Clear,86.83847104327978,1.0
4842.983493045894,Portland,Sunny;Haze;Hazy,76.44361861717739,1.0
4844.318417695908,Portland,Sunny;Hazy;Haze,66.02094613433033,1.0
4846.155729320944,Portland,Sunny;Clear,55.11303965461266,1.0
4849.160503270987,Portland,Clear;Haze;Mostly Sunny,49.02886570237908,1.0
4859.881399395974,Portland,Clear,77.25397601345624,1.0
4875.434833195955,Portland,Fair,49.121189450089766,1.0
4884.932446220933,Portland,Overcast,81.39074542501655,1.0
4896.374238470911,Portland,Sunny;Clear,69.45417196769868,1.0
4900.206776145903,Portland,Clear;Sunny,68.39551937505905,1.0
4916.369464520868,Portland,Haze;Hazy,88.0,1.0
4926.090360645856,Portland,Haze;Cloudy,61.6188024750685,1.0
4938.592747620877,Portland,Haze,80.83253767499292,1.0
4940.7602099458845,Portland,Fog,85.33015069997167,1.0
4947.704389170882,Portland,Haze,83.60925457498347,1.0
4948.927672270891,Portland,Haze,79.66507534998581,1.0
4953.095134595897,Portland,Haze,76.8325376749929,1.0
4962.648568395881,Portland,Clear;Sunny,58.17223627504961,1.0
4976.978719095851,Portland,Clear,81.77671689999055,1.0
4978.2020021958615,Portland,Clear,81.94417922499764,1.0
4994.369464520868,San Antonio,Clean,61.1722362750496,1.0
5016.532152895832,San Antonio,Clean,48.177010225092125,1.0
5019.755435995842,San Antonio,Fair,43.62357642511103,1.0
5022.755435995841,San Antonio,Cloudy,65.6188024750685,1.0
5033.811256770844,San Antonio,Light Freezing Rain;Sleet;Freezing Rain,85.94417922499764,1.0
5044.978719095852,San Antonio,Mainly Cloudy;Mostly Cloudy;Not totally Cloudy;Partly;Cloudy,76.22805705005196,1.0
5055.034539870853,San Antonio,Mostly Cloudy;Mostly;Mainly Cloudy,80.88835844999528,1.0
5071.141407470816,San Antonio,Cloudy,54.45134015006142,1.0
5086.364690570826,San Antonio,Mainly Cloudy,77.55343379998111,1.0
5107.471558170788,San Antonio,Freezing Rain;Light Freezing,83.49283907493621,1.0
5109.8623035958035,San Antonio,Freezing Rain;Light Freezing Rain;Freezing,85.66507534998583,1.0
5110.918124370806,San Antonio,Freezing Drizzle;Freezing Rain;Light Freezing Drizzle;Light Freezing Drizzle Mist,86.0,1.0
5114.755435995842,San Antonio,Freezing Drizzle;Light Freezing;Light Freezing Drizzle Mist;Rain;Cloudy,86.88358449995275,1.0
5116.146181420858,San Antonio,Freezing Drizzle;Light Freezing Drizzle;Freezing Rain,91.54865984993857,1.0
5117.146181420859,San Antonio,Light Freezing Drizzle;Freezing Drizzle;Rain,85.21850914996693,1.0
5131.257822970863,San Antonio,Cloudy,85.94417922499764,1.0
5149.47633212083,San Antonio,Clear;Sunny,80.16268837496457,1.0
5163.694841270799,San Antonio,Partly Cloudy;Partly Sunny,67.22328310000945,1.0
5169.47633212083,San Antonio,Cloudy,56.89790635008032,1.0
5170.867077545847,San Antonio,Cloudy,56.39551937505906,1.0
5176.587973670836,San Antonio,Cloudy,65.66984930002836,1.0
5181.364690570825,San Antonio,Cloudy,65.66984930002836,1.0
5191.034539870855,San Diego,Overcast,56.507160925063786,1.0
5198.2020021958615,San Diego,Overcast,63.66984930002834,1.0
5210.587973670835,San Diego,Rain,73.33492465001417,1.0
5213.47633212083,San Diego,Cloudy;Overcast,70.61402852502597,1.0
5217.364690570826,San Diego,Cloudy,58.3396986000567,1.0
5220.313643745866,San Diego,Cloudy,74.11641550004725,1.0
5246.918124370807,San Diego,Overcast,61.45134015006141,1.0
5253.308869795824,San Diego,Overcast,73.55820775002363,1.0
5257.481106070873,San Diego,Overcast,75.8325376749929,1.0
5280.034539870853,San Diego,Cloudy,70.2791038750118,1.0
5282.978719095851,San Diego,Cloudy;Mostly Cloudy,70.11164155000472,1.0
5286.867077545846,San Diego,Clear,74.72089612498817,1.0
5289.978719095852,San Diego,Clear,77.1068675999622,1.0
5294.811256770844,San Diego,Clear;Sunny;Fair,91.21373519992439,1.0
5301.811256770844,San Diego,Mainly Cloudy;Cloudy,70.16746232500708,1.0
5310.420511345828,San Diego,Overcast,70.2791038750118,1.0
5314.308869795823,San Diego,Fair,75.94417922499763,1.0
5319.308869795823,San Diego,Clean,81.60925457498347,1.0
5320.755435995843,San Diego,Fair,77.83253767499292,1.0
5333.420511345827,San Diego,Not totally Cloudy,60.55820775002361,1.0
5340.085586695814,San Diego,Overcast,51.84208557507795,1.0
5341.420511345827,San Diego,Partly Cloudy;Mostly Clear;Partly;Clear,49.511934875106306,1.0
5347.47633212083,San Diego,Partly Cloudy;Not totally Cloudy,61.78626480007559,1.0
5356.643794445838,San Diego,Partly Cloudy;Not totally Cloudy;Partly;Partly Sunny,52.95372712508267,1.0
5362.034539870854,San Diego,Mostly Cloudy;Cloudy,47.62357642511103,1.0
5372.257822970863,San Diego,Partly Cloudy;Not totally Cloudy;Clear,62.562981700066146,1.0
5381.090360645857,San Francisco,Cloudy,68.45134015006143,1.0
5382.146181420858,San Francisco,Cloudy,68.11641550004725,1.0
5387.2020021958615,San Francisco,Cloudy,55.23283100009449,1.0
5394.59752157092,San Francisco,Cloudy;Mostly Cloudy,56.953727125082686,1.0
5407.262596920907,San Francisco,Clean,62.060594725044886,1.0
5409.262596920905,San Francisco,Fair,67.55820775002363,1.0
5410.3184176959085,San Francisco,A Clouds,64.78149085003307,1.0
5413.653342345922,San Francisco,Cloudy,65.00477395004252,1.0
5416.988266995937,San Francisco,Overcast,67.7256700750307,1.0
5419.876625445932,San Francisco,Overcast with Haze,63.11641550004725,1.0
5420.876625445932,San Francisco,Overcast,56.3396986000567,1.0
5421.8766254459315,San Francisco,Overcast,53.67462325007087,1.0
5426.937220170976,San Francisco,Overcast,54.50716092506378,1.0
5431.830352571015,San Francisco,Partly Cloudy;Cloudy;Mostly Clear,64.7256700750307,1.0
5433.723484971052,San Francisco,Partly Cloudy;Mostly Cloudy;Scattered Clouds,61.83253767499292,1.0
5440.556022646045,San Francisco,Cloudy;Overcast,56.88835844999528,1.0
5454.388560321038,San Francisco,Light;Light Snow;Snow,85.1068675999622,1.0
5478.160503270987,San Francisco,Mostly Cloudy;Mainly Cloudy,72.72089612498819,1.0
5486.383786370996,San Francisco,Partly Sunny;Cloudy;Partly Cloudy;Sunny,46.50238697502125,1.0
5518.379012420953,San Francisco,A Few Clouds,70.8325376749929,1.0
5522.383786370995,San Francisco,Mist/Fog,81.59970667489841,1.0
5525.8909472960595,San Francisco,with Haze,79.54865984993859,1.0
5527.002588846065,San Francisco,Mist/Fog,82.3811975249315,1.0
5538.723484971053,San Francisco,Partly Cloudy;Partly,57.8931324000378,1.0
5543.560796596087,San Francisco,Cloudy,68.0,1.0
5550.337513496079,San Francisco,Snow;Light Snow;Flurries,84.43701829993387,1.0
5563.672438146092,San Francisco,Snow;Light Snow,85.66507534998583,1.0
5587.835126521058,San Francisco,Light Snow,91.2185091499669,1.0
5590.560796596086,San Francisco,Light Snow,91.55343379998108,1.0
5606.835126521057,San Francisco,Light Snow;Snow,80.55343379998111,1.0
5615.500201871042,San Francisco,Cloudy;Haze,83.71134822490315,1.0
5626.941994121019,San Jose,Cloudy;Haze,72.88358449995275,1.0
5629.667664196049,San Jose,Mostly Cloudy,64.61402852502599,1.0
5633.170051171071,San Jose,Partly Cloudy;Partly Sunny;Scattered Clouds;Scattered,56.16746232500708,1.0
5634.61661737109,San Jose,Partly Cloudy;Scattered Clouds;Partly Sunny;Not totally Cloudy,62.60925457498346,1.0
5658.281692721076,San Jose,Overcast with Haze,73.82776372495037,1.0
5671.723484971052,San Jose,Cloudy;Overcast,58.05582077500235,1.0
5674.66766419605,San Jose,Light Snow;Snow;Flurries,55.39074542501653,1.0
5692.332739546036,San Jose,Partly Cloudy;Not totally Cloudy;Mostly Clear,87.55343379998111,1.0
5697.221097996031,San Jose,Fog;Freezing Fog,99.33015069997164,1.0
5698.723484971053,San Jose,Fog;Foggy,98.77194294994803,1.0
5713.723484971052,San Jose,Mostly Cloudy,54.618802475068506,1.0
5715.393334271081,San Jose,Mostly Cloudy;Mostly,56.45134015006142,1.0
5759.825578620972,San Jose,Cloudy;Sleet;Light Sleet;Fog And Mist;Light Snow;Light Snow Mist,91.385971474974,1.0
5762.825578620972,San Jose,Light Snow;Flurries;Snow,91.2185091499669,1.0
5773.662890246008,San Jose,Cloudy;Overcast,75.71612217494565,1.0
5778.607069471005,San Jose,Cloudy;Overcast,74.11164155000472,1.0
5792.9930409459785,San Jose,Clear,83.55343379998111,1.0
5809.434833195955,Seattle,Clear;Sunny,43.953727125082686,1.0
5811.658116295965,Seattle,Not totally Cloudy;Scattered Clouds;Mostly Sunny;Partly Cloudy,50.84208557507796,1.0
5820.490653970958,Seattle,Mostly Cloudy;Cloudy,74.83253767499289,1.0
5832.211550095946,Seattle,Cloudy,71,1.0
5837.323191645951,Seattle,Fair,67.55820775002363,1.0
5850.044087770938,Seattle,Overcast,76.22328310000944,1.0
5856.8766254459315,Seattle,Cloudy;Overcast,73.55820775002363,1.0
5860.4348331959545,Seattle,Cloudy,70.7256700750307,1.0
5865.048861720981,Seattle,Cloudy,78.66984930002836,1.0
5875.662890246008,Seattle,Drizzle;Overcast;Showers;Mist,92.77671689999055,1.0
5877.276918771034,Seattle,Fog;Overcast;Mist,91.88358449995275,1.0
5880.890947296059,Seattle,Drizzle;Light Drizzle;Showers,98.32537674992912,1.0
5882.504975821086,Seattle,Drizzle;Light Drizzle;Showers,100.0,1.0
5885.616617371089,Seattle,Fog,98.99522604995747,1.0
5891.895721246102,Seattle,Mostly Cloudy;Mostly,58.28387782505434,1.0
5895.839900471099,Seattle,Overcast,76.55820775002361,1.0
5905.504975821085,Seattle,Mist/Light Rain Fog,95.60925457498347,1.0
5917.8909472960595,Seattle,Mist/Fog,88.83253767499293,1.0
5925.393334271081,Seattle,Cloudy,58.78626480007559,1.0
5928.951542021104,Seattle,Cloudy,63.7862648000756,1.0
5933.9515420211055,Seattle,Cloudy,71.33969860005668,1.0
5937.453928996125,Seattle,Cloudy,72.83731162503544,1.0
5946.509749771128,Seattle,Cloudy,66.7862648000756,1.0
5971.844674421142,Washington,Overcast,70.22328310000944,1.0
5977.235419846158,Washington,Overcast,64.94417922499764,1.0
5983.956315971146,Washington,A Few Clouds,52.00477395004252,1.0
6025.449155046084,Washington,Clear;Sunny,51.33969860005669,1.0
6062.383786370997,Washington,Fair,42.0653686750874,1.0
6092.602295520963,Washington,Cloudy;Partly Cloudy;Scattered Clouds,40.562981700066146,1.0
6096.546474745959,Washington,Mostly Cloudy;Mainly Cloudy,40.28387782505433,1.0
6100.434833195957,Washington,Cloudy,44.50716092506379,1.0
6101.490653970957,Washington,Cloudy,50.172236275049606,1.0
6118.5975215709195,Washington,Clear;Sunny,50.172236275049606,1.0
6123.988266995937,Washington,Sunny;Clear,37.72089612498819,1.0
6126.876625445932,Washington,Clear;Sunny,30.11164155000472,1.0
6141.495427921,Washington,Clear,59.43701829993385,1.0
6143.997814896022,Washington,Clear,61.669849300028346,1.0
6156.165277221028,Washington,Overcast,54.94417922499763,1.0
6165.718711021011,Washington,Fair,61.27910387501181,1.0
6179.2163240459895,Washington,Clear,39.674623250070866,1.0
6193.825578620973,Washington,Clear,51.39551937505905,1.0
6204.835126521057,Washington,Mainly Cloudy;Cloudy,42.218509149966934,1.0
6213.500201871044,Washington,Mainly Cloudy,37.832537674992906,1.0
6219.276918771034,Washington,Fair,45.50238697502126,1.0
6225.109456446027,Washington,Fair,47.50238697502126,1.0
6232.165277221029,Washington,Mostly Cloudy,45.94895317504016,1.0
6237.886173346018,Washington,Mostly Cloudy,41.22805705005196,1.0
6243.723484971051,Washington,Mostly Cloudy,54.4465662000189,1.0
6250.44438109604,Washington,Light Snow;Flurries;Snow,91.26955597492675,1.0
6256.332739546036,Washington,Cloudy;Light Snow;Overcast,91.15791442492203,1.0
6269.997814896022,Washington,Mostly Cloudy;Mainly Cloudy,63.66030139994331,1.0
6274.556022646045,Washington,Cloudy;Overcast,59.39074542501653,1.0
6275.667664196051,Washington,Overcast,55.72089612498818,1.0
6283.276918771034,Washington,Mist/Light Snow Fog,89.43224434989132,1.0
6297.607069471006,Washington,Mainly Cloudy,76.54388589989604,1.0
6298.662890246008,Washington,Mostly Cloudy,67.99045209991495,1.0
6315.4954279210015,Washington,Snow;Light Snow;Flurries,82.43701829993385,1.0
6317.886173346018,Washington,Snow;Light Snow;Light,77.9394052749551,1.0
6323.607069471005,Washington,Snow;Overcast,89.26955597492676,1.0
6330.886173346016,Washington,Fog;Foggy;Light Freezing;Light Freezing Rain,96.4274703998488,1.0
6408.42528529587,Washington,Cloudy,75.66507534998581,1.0
6409.704389170883,Washington,Cloudy,77.99045209991493,1.0
6416.4811060708735,Washington,Cloudy;Overcast,64.99045209991496,1.0
6420.42528529587,Washington,Cloudy;Overcast,72.82298977490784,1.0
6423.4811060708735,Washington,Cloudy;Overcast,91.43224434989132,1.0
6459.471558170788,Washington,Cloudy;Light Rain,83.15791442492203,1.0
6461.755435995842,Washington,Cloudy;Light Rain,84.38597147497401,1.0
6463.257822970863,Washington,Rain;Light Rain,86.32537674992913,1.0
6493.5273789457915,Washington,Freezing Rain;Overcast,65.55343379998111,1.0
6563.619924695625,Washington,Fog;Overcast,89.92985737487005,1.0
6565.513057095663,Washington,Fog;Overcast;Dense Fog,91.16268837496455,1.0
6619.391867645573,Washington,Clear,39.27910387501181,1.0
6623.280226095567,Washington,Cloudy;Sunny;Mostly Cloudy,43.614028525025994,1.0
6645.107989820518,Washington,Clear;Sunny,54.11164155000473,1.0
6667.935753545467,Washington,Clean,53.16746232500709,1.0
6673.656649670458,Washington,Fair,62.60925457498346,1.0
6682.600828895456,Washington,A Few Clouds,53.39551937505906,1.0
6683.656649670458,Washington,A Clouds,49.953727125082686,1.0
6684.712470445459,Washington,A Few Clouds,49.73044402507324,1.0
6686.382319745487,Washington,Few Clouds,43.88835844999527,1.0
6709.3217250204425,Washington,Cloudy;Clear,43.8931324000378,1.0
6716.545008120453,Washington,Cloudy;Overcast,43.28865177509686,1.0
6725.098441920433,Washington,Light Snow;Snow,79.16746232500708,1.0
6734.549782070497,Washington,Cloudy;Overcast,50.89790635008032,1.0
6743.270678195482,Washington,Clear;Not totally Cloudy;Mostly Clear,54.89790635008032,1.0
6758.489187345449,Washington,Sunny;Clear,39.06536867508741,1.0
6783.09366797039,Washington,Mostly,62.055820775002374,1.0
6785.982026420386,Washington,Cloudy,58.60925457498345,1.0
6787.982026420385,Washington,Overcast,62.99522604995747,1.0
6793.316951070399,Washington,Partly Cloudy,47.730444025073226,1.0
6801.763517270419,Washington,Cloudy,63.05104682495984,1.0
6806.098441920433,Washington,Mostly Cloudy;Mainly Cloudy;Clear;Sunny,43.2328310000945,1.0
6820.930979595425,Washington,Clear;Mostly Clear;Partly,68.1674623250071,1.0
6823.986800370428,Washington,Mainly Cloudy;Partly Cloudy,73.60925457498345,1.0
6835.3217250204425,Washington,Cloudy;Overcast,46.45611410010395,1.0
6837.768291220461,Washington,Cloudy,48.669849300028346,1.0
6845.991574320473,Washington,Partly Cloudy,69.66984930002835,1.0
6847.99157432047,Washington,Partly Cloudy,69.94895317504016,1.0
6851.21485742048,Washington,Partly Cloudy,72.66984930002833,1.0
6860.71247044546,Washington,Overcast,50.73044402507323,1.0
6862.8241119954655,Washington,Overcast,42.0653686750874,1.0
6867.159036645478,Washington,Overcast,40.94895317504015,1.0
6879.326498970486,Washington,Light Snow;Snow;Flurries,92.385971474974,1.0
6880.326498970486,Washington,Light Snow;Snow;Flurries,92.385971474974,1.0
6886.884706720509,Washington,Light Snow;Flurries;Snow,91.15791442492203,1.0
6897.610376795538,Washington,Partly Cloudy;Not totally Cloudy;Not totally Sunny,68.6603013999433,1.0
6898.722018345546,Washington,Not totally Cloudy;Partly Sunny;Partly;Partly Cloudy,65.54865984993857,1.0
6922.493961295491,Washington,Mist/Fog,86.66030139994331,1.0
6930.661423620499,Washington,Mostly Cloudy,63.3396986000567,1.0
6941.661423620499,Washington,Not totally Cloudy;Partly Cloudy;Partly,88.21850914996695,1.0
6945.996348270513,Washington,Partly Sunny;Partly Cloudy;Cloudy;Scattered Clouds,74.39074542501653,1.0
6949.777839120547,Washington,Partly Cloudy;Mostly Cloudy;Not totally Cloudy;Scattered Clouds,57.72089612498818,1.0
6958.168584545565,Washington,Partly Cloudy;Cloudy;Clear,38.34447255009922,1.0
6971.670971520583,Washington,Partly Cloudy;Mostly Clear;Sunny;Mainly Sunny,73.66984930002835,1.0
6974.6151507455825,Washington,Partly Cloudy;Clear;Not totally Cloudy,76.55820775002361,1.0
6976.55932997058,Washington,Mostly Cloudy;Mainly Cloudy;Mostly;Clear,73.7256700750307,1.0
6986.168584545564,Washington,Mostly Cloudy;Mainly Cloudy;Sunny,37.014321850127565,1.0
6990.001122220556,Washington,Clean,40.12596340013229,1.0
7006.10798982052,Washington,A Few Clouds,76.55820775002361,1.0
7007.8336598955475,Washington,Not totally Cloudy,74.66984930002835,1.0
7016.447688420576,Washington,Cloudy,45.12118945008977,1.0
7022.005896170598,Washington,Partly Cloudy;Sunny;Not totally Cloudy,44.3396986000567,1.0
7027.005896170598,Washington,Partly Cloudy;Mainly Sunny;Mostly Clear,58.776716899990554,1.0
7041.224405320565,Washington,Mostly Cloudy;Mainly Cloudy;Mostly,55.94417922499764,1.0
7045.336046870571,Washington,Mostly Cloudy;Mainly Cloudy;Sunny,38.562981700066146,1.0
7046.5593299705815,Washington,Mainly Cloudy;Mostly Cloudy;Intermittent,36.674623250070866,1.0
7048.005896170597,Washington,Cloudy;Mostly Cloudy,35.172236275049606,1.0
7065.391867645571,Washington,Clear;Sunny,73.38597147497401,1.0
7071.78261307059,Washington,Mostly Cloudy;Mostly;Intermittent Clouds,76.77671689999055,1.0
7074.78261307059,Washington,Mostly Cloudy;Cloudy;Mainly Cloudy,57.72567007503071,1.0
7077.838433845592,Washington,Mostly Cloudy;Mostly;Not totally Sunny,41.8931324000378,1.0
7078.8942546205935,Washington,Not totally Cloudy;Scattered Clouds;Mostly Cloudy;Not totally Sunny;Mostly,40.897906350080326,1.0
7088.95484934564,Washington,Cloudy;Overcast,41.11641550004724,1.0
7094.010670120641,Washington,Not totally Cloudy;Cloudy;Partly Cloudy,69.22328310000945,1.0
7098.899028570637,Washington,Cloudy;Partly Cloudy,79.77671689999052,1.0
7114.345594770655,Washington,Mostly Cloudy,64.33492465001417,1.0
7116.401415545658,Washington,Few Clouds,69.05582077500236,1.0
7117.5688778706635,Washington,A Few Clouds,72.16746232500708,1.0
7133.787387020631,Washington,Cloudy,39.28865177509685,1.0
7137.843207795635,Washington,Mostly Cloudy;Mostly;Mainly Cloudy,39.18178417513465,1.0
7171.280226095568,Washington,Mainly Cloudy,53.94895317504015,1.0
7172.726792295588,Washington,Overcast,60.55820775002361,1.0
7186.168584545564,Washington,Partly Cloudy,40.121189450089766,1.0
7194.945301445554,Washington,Mostly Cloudy;Intermittent Clouds,31.958501075125206,1.0
7203.498735245535,Washington,Cloudy,60.06059472504488,1.0
7205.168584545562,Washington,Cloudy,62.8325376749929,1.0
7209.33604687057,Washington,Cloudy,63.21850914996693,1.0
7211.280226095568,Washington,Cloudy,62.1068675999622,1.0
7222.001122220556,Washington,Mostly Cloudy;Mostly;Mainly Cloudy;Not totally Sunny,29.786264800075596,1.0
7223.447688420574,Washington,Mostly Cloudy;Sunny;Mainly Cloudy,30.228057050051966,1.0
7231.28022609557,Washington,Mostly Cloudy,61.05104682495985,1.0
7241.280226095568,Washington,Overcast,65.72089612498819,1.0
7269.163810595521,Washington,Cloudy;Overcast,63.22328310000944,1.0
7273.940527495512,Washington,Mostly Cloudy;Cloudy,75.49761302497873,1.0
7280.828885945508,Washington,Partly Cloudy;Scattered Clouds;Mostly Clear,89.82298977490785,1.0
7286.828885945508,Washington,Not totally Cloudy;Cloudy;Partly Cloudy,90.87881054991021,1.0
7306.4381405204895,Washington,Mainly Cloudy,76.1068675999622,1.0
7309.382319745487,Washington,Mainly Cloudy,76.44179224997637,1.0
7315.103215870476,Washington,Mainly Cloudy,76.27432992496928,1.0
7319.991574320472,Washington,Fog,97.99045209991495,1.0
7321.103215870475,Washington,Fog,91.54865984993857,1.0
7333.545008120453,Washington,Lt Rain,85.60448062494095,1.0
7341.154262695436,Washington,Light Rain;Rain;Cloudy,77.6603013999433,1.0
7355.372771845403,Washington,Cloudy;Overcast,79.3811975249315,1.0
7367.870384870381,Washington,Cloudy,80.3811975249315,1.0
7375.647101770372,Washington,Cloudy,91.38119752493148,1.0
7386.088894020349,Washington,Fog;Overcast;Mist,97.87881054991023,1.0
7387.423818670363,Washington,Fog;Overcast;Mist,97.5997066748984,1.0
7402.367997895359,Washington,Cloudy;Mostly Cloudy,85.05582077500235,1.0
7430.200535570351,Washington,Lt Rain,86.21850914996693,1.0
7442.921431695341,Washington,Cloudy;Overcast,66.77194294994803,1.0
7451.372771845402,Washington,Light Rain;Light;Rain,91.77194294994801,1.0
7462.870384870383,Washington,Cloudy,92.49761302497872,1.0
7463.926205645383,Washington,Mostly Cloudy,92.33015069997164,1.0
7475.312177120358,Washington,Mostly Cloudy;Mainly Cloudy,79.2791038750118,1.0
7485.4238186703615,Washington,Overcast,90.99045209991495,1.0
7497.921431695341,Washington,Mostly Cloudy,95.3811975249315,1.0
7501.144714795351,Washington,Not totally Cloudy,88.83253767499293,1.0
7504.702922545373,Washington,Mostly Cloudy,86.0,1.0
7524.982026420385,Washington,Cloudy,92.0,1.0
7526.982026420387,Washington,Cloudy;Overcast,79.7256700750307,1.0
7531.707696495417,Washington,Cloudy;Overcast,87.60925457498347,1.0
7559.59128099537,Washington,Rain,86.94417922499764,1.0
7571.591280995371,Washington,Cloudy;Light Rain;Rain;Showers,89.1068675999622,1.0
7577.367997895359,Washington,Rain;Severe Rain,85.71612217494567,1.0
7581.312177120359,Washington,Scattered Clouds;Showers;Mostly;Mainly Cloudy;Partly Cloudy;Mostly Cloudy;Cloudy,74.88358449995275,1.0
7588.92143169534,Washington,Cloudy,80.93940527495512,1.0
7622.363223945318,Washington,Overcast,81.60925457498347,1.0
7628.809790145337,Washington,Mist/Fog,84.43701829993387,1.0
7632.753969370334,Washington,Mist/Fog,87.1020936499197,1.0
7646.977252470344,Washington,Mist/Light Drizzle Fog,96.49761302497875,1.0
7654.809790145337,Washington,Partly Sunny;Scattered Clouds;Clear;Fair;Sunny,57.51193487510631,1.0
7665.251582395313,Washington,Clear,67.89790635008033,1.0
7667.977252470345,Washington,Clear,70.9394052749551,1.0
7690.6933746452905,Washington,Clear,73.88358449995275,1.0
7701.814564095379,Washington,Cloudy;Overcast,88.22328310000945,1.0
7714.256356345356,Washington,Cloudy;Overcast,81.614028525026,1.0
7722.36799789536,Washington,Rain;Light Rain,94.93940527495512,1.0
7729.256356345353,Washington,Rain;Light Rain,94.77194294994804,1.0
7736.702922545373,Washington,Cloudy;Overcast;Rain;Mist,99.1068675999622,1.0
7755.59128099537,Washington,Mist/Light Rain Fog,90.1531404748795,1.0
7769.865610920338,Washington,Mist;Fog;Showers,93.37642357488897,1.0
7776.977252470344,Washington,Mist;Showers;Cloudy,94.8277637249504,1.0
7781.4238186703615,Washington,Mist;Fog;Showers,90.64120559977322,1.0
7784.535460220367,Washington,Mist;Fog;Showers,94.3811975249315,1.0
7793.758743320374,Washington,Cloudy;Hazy,84.49761302497873,1.0
7807.36799789536,Washington,Mist/Light Drizzle Fog,91.88358449995275,1.0
7810.36799789536,Washington,Light Drizzle,95.49283907493621,1.0
7823.809790145337,Washington,Mist/Fog,85.55343379998111,1.0
7826.256356345356,Washington,Mist/Fog,89.22328310000947,1.0
7838.5865070453265,Washington,Rain;Light Rain,92.99999999999997,1.0
7848.195761620311,Washington,Rain,96.22328310000945,1.0
7855.805016195293,Washington,Rain;Light,92.44656620001888,1.0
7856.916657745298,Washington,Rain;Light Rain,96.22328310000945,1.0
7868.581733095284,Washington,Mist/Light Rain Fog,90.99045209991495,1.0
7877.302629220272,Washington,Mist/Rain Fog,94.88358449995275,1.0
7881.637553870286,Washington,Mist/Light Rain Fog,96.0,1.0
7897.47009154528,Washington,Mostly Cloudy;Mainly Cloudy;Intermittent Clouds;Cloudy,77.66984930002835,1.0
7913.911883795256,Washington,Not totally Cloudy;Partly Cloudy;Mostly Clear,75.88358449995275,1.0
7923.521138370238,Washington,Haze;Fair;Hazy;Intermittent Clouds;Mostly Cloudy,80.88358449995275,1.0
7925.688600695248,Washington,Mostly;Fair;Hazy;Mainly Cloudy;Intermittent;Mostly Cloudy,81.33015069997165,1.0
7927.744421470248,Washington,Haze;Intermittent Clouds;Mostly Cloudy,81.44179224997637,1.0
7966.013977445177,Washington,Mostly Cloudy,66.88835844999527,1.0
7983.460543645194,Washington,Clear;Mostly;Hazy,84.16268837496455,1.0
7986.5721851951985,Washington,Fog;Partly Cloudy;Clear;Fog And Mist,84.82776372495039,1.0
7990.739647520208,Washington,Mostly Cloudy;Not totally Cloudy;Fog And Mist;Mainly Cloudy;Intermittent Clouds;Partly,80.26955597492676,1.0
7998.805016195295,Washington,Not totally Cloudy;Partly Cloudy;Scattered Clouds;Cloudy;Mainly Sunny,61.33015069997166,1.0
8001.926205645385,Washington,Partly Cloudy;Cloudy;Mostly Sunny;Mostly Cloudy;Scattered;Scattered Clouds,65.49283907493621,1.0
8014.986800370429,Washington,Partly Cloudy;Partly;Clouds,74.87881054991023,1.0
8026.54023417041,Washington,Haze;Partly Cloudy;Mostly Cloudy,79.59970667489843,1.0
8031.484413395407,Washington,Haze;Partly Sunny;Cloudy,76.99045209991495,1.0
8034.372771845401,Washington,Not totally Cloudy;Partly Sunny;Partly Cloudy,63.16268837496456,1.0
8040.098441920435,Washington,Partly Cloudy;Partly Sunny;Not totally Cloudy,70.71612217494565,1.0
8049.81933804542,Washington,Not totally Cloudy;Mostly;Cloudy,74.82298977490787,1.0
8056.596054945414,Washington,Haze;Cloudy;Mostly Cloudy,74.37642357488896,1.0
8060.154262695437,Washington,Mostly Cloudy,61,1.0
8062.154262695435,Washington,A Few Clouds,71.38597147497401,1.0
8064.712470445459,Washington,A Few Clouds,71.05104682495984,1.0
8066.214857420479,Washington,A Few,76.1068675999622,1.0
8071.717244395502,Washington,Partly Cloudy,79.54388589989605,1.0
8074.442914470532,Washington,A Few Clouds,75.49283907493621,1.0
8088.163810595518,Washington,Mostly Cloudy;Cloudy;Mainly Cloudy,70.38119752493148,1.0
8099.996348270514,Washington,Haze;Partly Cloudy;Fair;Hazy,79.54388589989605,1.0
8102.219631370523,Washington,Cloudy;Haze,78.04627287491729,1.0
8110.107989820519,Washington,Haze;Intermittent Clouds;Mostly Cloudy,80.04627287491732,1.0
8117.10798982052,Washington,Mostly Cloudy;Mainly Cloudy,62.939405274955114,1.0
8132.549782070496,Washington,Haze,77.76716899990548,1.0
8135.6614236205005,Washington,Overcast,72.88358449995275,1.0
8146.4381405204895,Washington,Mostly Cloudy,65.6188024750685,1.0
8155.270678195484,Washington,Mostly Cloudy,77.8931324000378,1.0
8168.326498970485,Washington,Cloudy;Haze;Partly Cloudy,81.99522604995747,1.0
8173.270678195483,Washington,Cloudy;Haze;Mainly Cloudy,75.99522604995747,1.0
8178.047395095474,Washington,Cloudy;Mostly Cloudy,66.38597147497401,1.0
8186.047395095473,Washington,Mostly Cloudy,75.94895317504015,1.0
8190.661423620498,Washington,Overcast,78.05582077500237,1.0
8205.824111995466,Washington,Overcast,73.77671689999055,1.0
8213.38231974549,Washington,Cloudy;Mostly;Overcast,88.7208961249882,1.0
8228.600828895454,Washington,Mostly Cloudy;Cloudy;Mainly Cloudy,66.72567007503072,1.0
8258.205309520394,Washington,Mostly Cloudy;Mainly Cloudy,82.50238697502127,1.0
8259.540234170412,Washington,Mostly Cloudy;Cloudy,83.00477395004252,1.0
8265.950075395594,Washington,Mostly Cloudy;Mainly Cloudy,79.77671689999052,1.0
8299.996348270512,Washington,Light Rain;Showers;Cloudy,64.8931324000378,1.0
8302.275452145526,Washington,Light Rain;Showers,87.77194294994804,1.0
8303.442914470532,Washington,Cloudy;Rain;Overcast,91.05104682495983,1.0
8306.44291447053,Washington,Rain;Cloudy;Overcast,88.33492465001417,1.0
8313.285000045611,Washington,Partly Cloudy;Mostly Cloudy;Not totally Cloudy,95.38597147497401,1.0
8319.950075395598,Washington,Partly Cloudy;Mostly Cloudy,92.5534337999811,1.0
8320.950075395596,Washington,Mostly Cloudy;Mostly;Mainly Cloudy,92.72089612498817,1.0
8329.345594770655,Washington,Mostly Cloudy;Cloudy,81.1068675999622,1.0
8334.420511345828,Washington,Mostly Cloudy;Mostly;Not totally Cloudy,82.61402852502599,1.0
8336.364690570825,Washington,Partly;Partly Sunny;Scattered Clouds,77.83731162503544,1.0
8340.434833195957,Washington,Partly Cloudy;Scattered Clouds;Partly,70.15791442492204,1.0
8344.434833195957,Washington,Partly Cloudy;Partly,86.43224434989135,1.0
8346.662890246007,Washington,Partly Cloudy;Not totally Cloudy;Cloudy,87.04627287491734,1.0
8350.835126521057,Washington,Partly Cloudy;Not totally Cloudy,90.7671689999055,1.0
8381.383786370996,Washington,Mostly Cloudy;Mainly Cloudy;Mostly,80.93940527495512,1.0
8382.830352571014,Washington,Not totally Cloudy;Mostly Cloudy;Cloudy;Mostly,80.32537674992912,1.0
8385.71871102101,Washington,Mostly Cloudy;Cloudy;Intermittent Clouds,82.93463132491259,1.0
8418.820804670928,Washington,Cloudy,65.93940527495512,1.0
8419.82080467093,Washington,Cloudy,61.9394052749551,1.0
8446.653342345922,Washington,Cloudy;Mainly Cloudy,77.93463132491257,1.0
8447.988266995937,Washington,Cloudy,74.99045209991495,1.0
8481.536926845874,Washington,Mostly Cloudy;Mainly Cloudy,79.94417922499761,1.0
8483.87185149589,Washington,Cloudy;Overcast,80.15791442492204,1.0
8487.206776145904,Washington,Mostly Cloudy;Cloudy,81.32537674992913,1.0
8489.988266995937,Washington,Mostly Cloudy;Mostly,85.15314047487952,1.0
8492.383786370996,Washington,Mostly Cloudy;Not totally Cloudy;Partly,87.49283907493623,1.0
8551.090360645856,Washington,Cloudy;Mostly Cloudy,91.10209364991967,1.0
8580.471558170786,Washington,Mostly Cloudy;Cloudy,91.38119752493148,1.0
8592.080812745773,Washington,Cloudy,59.21850914996692,1.0
8593.471558170788,Washington,Mostly Cloudy,60.22328310000944,1.0
8596.527378945791,Washington,Mostly,58.93940527495511,1.0
8599.253049020821,Washington,Mainly Cloudy,60.446566200018886,1.0
8606.029765920812,Washington,Mostly,85.33015069997167,1.0
8679.345594770655,Washington,Partly Cloudy;Mainly Cloudy;Partly Sunny;Cloudy,75.15791442492204,1.0
8685.122311670644,Washington,Cloudy;Mostly,51.77671689999055,1.0
8689.345594770655,Washington,Cloudy,79.385971474974,1.0
8697.010670120639,Washington,Cloudy;Not totally Cloudy,91.6603013999433,1.0
8703.787387020631,Washington,Clear;Cloudy,88.05104682495985,1.0
8709.066490895642,Washington,Mainly Cloudy,70.71612217494565,1.0
8724.285000045611,Washington,Fair,86.26478202488425,1.0
8730.173358495605,Washington,Cloudy;Overcast,50.385971474974006,1.0
8745.950075395596,Washington,Cloudy;Mainly Cloudy;Scattered Clouds,82.61402852502599,1.0
8754.503509195578,Washington,Cloudy;Overcast,86.39074542501655,1.0
8758.615150745582,Washington,Cloudy;Overcast,70.3396986000567,1.0
8796.940527495512,Washington,Cloudy,79.44179224997634,1.0
8800.773065170504,Washington,Partly Cloudy;Cloudy;Not totally Cloudy,91.54865984993857,1.0
8809.722018345543,Washington,Partly Cloudy;Not totally Cloudy,92.72089612498817,1.0
8811.112763770561,Washington,Clear;Mist;Not totally Cloudy,97.87881054991023,1.0
8814.559329970582,Washington,Cloudy;Mainly Cloudy,92.77671689999055,1.0
8821.391867645574,Washington,Not totally Cloudy;Partly;Cloudy,59.83731162503543,1.0
8843.275452145526,Washington,Mostly,93.87881054991024,1.0
8850.331272920528,Washington,Partly,60.54865984993858,1.0
8856.722018345545,Washington,Fair,50.33969860005669,1.0
8863.498735245535,Washington,Mostly Cloudy;Cloudy;Mainly Cloudy,71.27910387501181,1.0
8885.326498970486,Washington,Cloudy,86.21850914996693,1.0
8887.773065170506,Washington,Cloudy;Scattered Clouds;Mostly Cloudy;Mainly Cloudy,84.0414989248748,1.0
8893.661423620499,Washington,Clear;Cloudy,84.20896124988188,1.0
8897.442914470532,Washington,Mostly Cloudy;Cloudy;Fog,92.05104682495983,1.0
8898.442914470532,Washington,Cloudy;Partly;Scattered Clouds;Partly Cloudy,86.2743299249693,1.0
8913.996348270513,Washington,Overcast,74.15791442492203,1.0
8917.107989820519,Washington,Overcast,74.15791442492203,1.0
8920.219631370526,Washington,Mostly Cloudy,84.49283907493623,1.0
8928.61037679554,Washington,Fair,87.15791442492205,1.0
8945.828885945506,Washington,Cloudy,76.65552744990077,1.0
8959.103215870478,Washington,Light Rain;Showers,89.76239504986296,1.0
8961.991574320471,Washington,Cloudy;Light;Light Rain,84.0414989248748,1.0
8969.605602845495,Washington,Light Rain;Rain,86.2743299249693,1.0
8972.773065170504,Washington,Cloudy;Overcast,86.44179224997639,1.0
8977.6614236205,Washington,Cloudy;Overcast,90.99045209991495,1.0
9001.433366570445,Washington,Mostly Cloudy;Mainly Cloudy;Cloudy,74.0462728749173,1.0
9015.651875720412,Washington,Cloudy;Mainly Cloudy,84.32060279988661,1.0
9021.819338045421,Washington,Mostly Cloudy,74.93463132491259,1.0
9024.930979595425,Washington,Overcast,85.05104682495985,1.0
9034.651875720416,Washington,Rain,85.66507534998583,1.0
9041.154262695438,Washington,Cloudy,87.60448062494096,1.0
9043.154262695436,Washington,Cloudy,85.99522604995748,1.0
9050.763517270421,Washington,Cloudy;Light Rain;Overcast,85.21850914996693,1.0
9058.321725020443,Washington,Light Rain;Showers,84.20896124988188,1.0
9069.875158820425,Washington,Partly Cloudy;Mostly Cloudy;Not totally Cloudy;Clouds,84.15314047487952,1.0
9086.935753545471,Washington,Overcast,84.15791442492205,1.0
9114.372771845403,Washington,Mostly Cloudy;Mainly Cloudy;Intermittent,65.66507534998583,1.0
9116.098441920434,Washington,Not totally Cloudy;Scattered Clouds;Intermittent Clouds;Partly Cloudy,69.15791442492204,1.0
9122.265904245442,Washington,Mostly Cloudy;Mainly Cloudy,73.37642357488896,1.0
9128.433366570445,Washington,Cloudy;Light Rain,85.43701829993385,1.0
9139.819338045421,Washington,Light Rain;Showers,91.32537674992912,1.0
9142.875158820427,Washington,Mostly Cloudy,61.16746232500709,1.0
9143.930979595427,Washington,Mainly Cloudy,61.11164155000473,1.0
9159.651875720416,Washington,Partly Cloudy,82.76239504986299,1.0
9171.037847195388,Washington,Partly Cloudy;Scattered Clouds;Clear,41.274329924969294,1.0
9183.758743320375,Washington,Cloudy;Overcast,39.33969860005669,1.0
9187.149488745392,Washington,Cloudy;Overcast,36.73044402507323,1.0
9195.377545795445,Washington,Clear;Overcast;Partly Cloudy;Scattered Clouds,44.11641550004725,1.0
9200.377545795443,Washington,Partly Cloudy;Overcast,58.06059472504489,1.0
9213.042621145429,Washington,Mostly Cloudy;Mostly;Sunny;Intermittent Clouds,49.511934875106306,1.0
9217.154262695436,Washington,Cloudy;Overcast,41.070142625129925,1.0
9242.819338045421,Washington,Mainly Cloudy,50.562981700066146,1.0
9262.814564095379,Washington,Cloudy;Overcast,40.17701022509213,1.0
9269.758743320375,Washington,Cloudy;Overcast,43.953727125082686,1.0
9275.702922545373,Washington,Snow;Light Rain,80.1722362750496,1.0
9280.479639445364,Washington,Snow;Light Rain;Light,74.11641550004725,1.0
9284.982026420384,Washington,Snow;Light Snow;Light Rain,79.44656620001889,1.0
9312.809790145337,Washington,Sunny;Clear,33.6793972001134,1.0
9315.535460220368,Washington,Sunny;Clear;Overcast,32.84685952512048,1.0
9318.149488745392,Washington,Cloudy;Light Rain;Mainly Cloudy,63.11641550004725,1.0
9325.205309520396,Washington,Cloudy;Overcast,63.73044402507324,1.0
9356.033073245346,Washington,Fair,56.56775565010868,1.0
9374.028299295303,Washington,Mostly Cloudy;Mainly Cloudy;Light Rain,70.73044402507323,1.0
9381.474865495322,Washington,Cloudy;Overcast,74.61402852502599,1.0
9383.982026420386,Washington,Cloudy;Overcast,70.00477395004253,1.0
9396.982026420384,Washington,Mostly,35.89790635008032,1.0
9406.81456409538,Washington,Mostly,67.50716092506379,1.0
9408.428592620403,Washington,Mostly Cloudy,70.3396986000567,1.0
9411.3169510704,Washington,Mostly Cloudy,76.0047739500425,1.0
9443.14471479535,Washington,Overcast;Light Snow;Flurries;Cloudy,84.66507534998583,1.0
9444.647101770372,Washington,Cloudy;Overcast,86.39074542501655,1.0
9448.205309520396,Washington,Fog;Overcast;Mist;Light Fog;Fog And Mist,87.55820775002363,1.0
9449.316951070401,Washington,Fog;Light Fog;Fog And Mist;Light Snow;Scattered Clouds;Light Snow Mist,87.11164155000472,1.0
9450.428592620405,Washington,Fog;Cloudy;Overcast;Mostly Cloudy;Mainly Cloudy,85.05582077500235,1.0
9452.489187345449,Washington,Cloudy;Haze;Overcast,78.78149085003307,1.0
9458.26590424544,Washington,Cloudy;Overcast;Light,62.948953175040174,1.0
9475.484413395407,Washington,Mist/Fog,85.16746232500708,1.0
429.9778819431125,Austin,Rain,93.75799718,1.0
433.4802689181337,Austin,Rain,95.35747527,1.0
438.53608969313603,Austin,Rain,99.85597987,1.0
441.59191046813845,Austin,Cloudy,72.47748774,1.0
453.368627368129,Austin,Cloudy,81.48832604,1.0
460.93160906819514,Austin,Cloudy,79.31755889,1.0
465.0432506181998,Austin,Cloudy,87.68363376,1.0
468.0990713932022,Austin,Cloudy,85.39001802,1.0
469.8247414682329,Austin,Cloudy,87.01744313,1.0
474.0480245682424,Austin,Cloudy,100.7733173,1.0
481.2713076682517,Austin,Cloudy,82.5142044,1.0
490.82474146823284,Austin,Overcast,84.21091727129176,1.0
521.4339960432163,Austin,Cloudy,68.03302461,1.0
534.2107129432069,Austin,Sunny,74.06290634,1.0
542.4898168182189,Austin,Sunny,58.41671257,1.0
559.9316090681951,Austin,Cloudy,81.38069635,1.0
562.2107129432069,Austin,Cloudy,93.08269049,1.0
574.8757882931927,Austin,Cloudy,78.88021894,1.0
579.7130999182282,Austin,Rain,93,1.0
585.2713076682518,Austin,Cloudy,100.8980354,1.0
587.5504115432637,Austin,Rain,100,1.0
598.1596661182472,Austin,Cloudy;Fog;Fog And Mist;Light Rain;Light Rain Mist,100.2930165,1.0
604.9363830182376,Austin,Mist/Fog,92.78139819749687,1.0
634.7083259681857,Austin,Overcast,101.5545108,1.0
639.2665337182093,Austin,Fog,93.29876588,1.0
679.0895234931171,Austin,Mist/Fog,87.10674071286061,1.0
682.7035520181431,Austin,Mist/Fog,86.15182816359415,1.0
685.6477312431407,Baltimore,Overcast with Haze,80.29156020801723,1.0
688.2617597681667,Austin,Cloudy,72.88036911,1.0
702.0384766681573,Austin,Rain,87.18640074,1.0
704.3734013181714,Austin,Rain,91.09180308,1.0
709.1501182181621,Austin,Rain,98.78253278,1.0
730.5919104681385,Baltimore,Overcast,80.57546884660118,1.0
742.4244481431314,Baltimore,Mist/Light Rain Fog,93.41600985658019,1.0
743.5919104681384,Baltimore,Mist/Light Rain Fog,90.31970616243704,1.0
752.982655893155,Baltimore,Mostly,40.67747431,1.0
770.9268351181526,Baltimore,Sunny,55.40255826,1.0
803.5871365180959,Baltimore,Fair,45.10933023895998,1.0
809.3638534180865,Baltimore,A Few Clouds,58.321271646841666,1.0
824.5823625680532,Baltimore,Overcast,42.59132421445868,1.0
835.3128065931267,Baltimore,Cloudy,38.3308859,1.0
837.2059389931644,Baltimore,Cloudy,32.8524348,1.0
856.2569858181242,Baltimore,Snow,79.06439852,1.0
868.7545988431032,Baltimore,Light,84.64079234,1.0
888.9172872180675,Baltimore,Sunny,36.53559766,1.0
893.694004118058,Baltimore,Sunny,37.31493247,1.0
909.4707210180486,Baltimore,Sunny,55.1371074,1.0
922.4149002430464,Charlotte,Mainly Cloudy,66.3474603161591,1.0
924.5823625680533,Charlotte,Partly Cloudy,61.013074380431064,1.0
942.6892301680157,Baltimore,Partly,55.0290948,1.0
953.3543055180013,Baltimore,Cloudy,81.02426291,1.0
960.5217678430085,Baltimore,Cloudy,80.90692207,1.0
976.9635600929848,Charlotte,Mostly Cloudy,62.204752910885496,1.0
989.4053523429611,Charlotte,Overcast,70.9706338447038,1.0
1022.5632667678833,Baltimore,Cloudy,82.60452118,1.0
1033.060879792862,Charlotte,Light Snow,78.64639181970668,1.0
1046.335209717831,Charlotte,Mist/Fog,84.13741422249039,1.0
1066.4420773177935,Boston,Sunny,42,1.0
1069.386256542791,Boston,Sunny,37.96346927,1.0
1075.83282274281,Boston,Mostly Sunny;Partly Cloudy,26.12663412,1.0
1081.2235681678264,Boston,Sunny,35.81839774,1.0
1089.83282274281,Boston,Cloudy,40,1.0
1092.1677473928241,Boston,Cloudy,44.45064639,1.0
1094.446851267836,Boston,Mostly Cloudy;Mostly,44,1.0
1098.1725213428667,Boston,Sunny,48,1.0
1105.893417467855,Boston,Not totally Cloudy;Partly Sunny,36.19981079,1.0
1114.060879792862,Boston,Partly Cloudy;Mainly Sunny;Mostly Clear,28.50807956,1.0
1151.3862565427914,Boston,Sunny,31,1.0
1154.944464292815,Boston,Sunny,36,1.0
1166.5537188677981,Boston,Scattered Clouds;Mostly Cloudy;Cloudy;Partly,40.20893997,1.0
1176.2746149927866,Boston,Cloudy,38,1.0
1188.051331892777,Boston,Cloudy,44.98739484,1.0
1193.939690342772,Boston,Not totally Sunny;Scattered Clouds;Not totally Cloudy,37.79077173,1.0
1196.7211811928055,Boston,Partly Cloudy;Scattered Clouds;Partly,35,1.0
1209.3862565427912,Boston,Cloudy,58,1.0
1212.1677473928241,Boston,Cloudy,56,1.0
1220.5074459928808,Boston,Sunny,63,1.0
1223.3958044428762,Boston,Sunny,65,1.0
1251.83282274281,Boston,Partly Sunny;Partly;Scattered Clouds,58,1.0
1259.507445992881,Chicago,Not totally Cloudy;Partly Cloudy;Mostly Clear,32.863470488877,1.0
1265.2841628928713,Chicago,Overcast;Cloudy,45.83812493034458,1.0
1270.0608797928621,Chicago,Not totally Cloudy;Partly Cloudy,50.306614778313275,1.0
1274.0050590178598,Chicago,Partly Cloudy;Not totally Cloudy,56.34174812116847,1.0
1280.893417467855,Chicago,Cloudy;Overcast,43.599514948232816,1.0
1327.5489449177555,Chicago,Cloudy,67.19884743945134,1.0
1377.6462646176328,Charlotte,Cloudy;Overcast,51.16948897722839,1.0
1381.8137269426402,Charlotte,Partly Cloudy;Scattered Clouds;Mostly Clear,43.25523930793082,1.0
1412.0832829175667,Charlotte,Partly Cloudy;Scattered Clouds;Mist;Cloudy,93.30115082512476,1.0
1415.0274621425644,Columbus,Mostly Cloudy;Intermittent;Mist;Fog And Mist,95.95494231706718,1.0
1416.0274621425642,Columbus,Mostly Cloudy;Mainly Cloudy,91.68137342017104,1.0
1425.6925374925502,Charlotte,Not totally Cloudy;Partly Cloudy;Mostly Sunny;Sunny,44.60998174060657,1.0
1485.2316494424035,Charlotte,Cloudy,81.26923520595865,1.0
1491.0641871173964,Charlotte,Cloudy,78.96633812718508,1.0
1495.682989592465,Charlotte,Partly Cloudy;Cloudy;Scattered,73.45178632459955,1.0
1496.682989592465,Charlotte,Partly Cloudy;Not totally Cloudy,76.25972857615545,1.0
1498.7388103674673,Charlotte,Partly Cloudy;Not totally Cloudy,78.62805259780615,1.0
1520.5203012175007,Charlotte,Sunny;Mainly Sunny;Fair;Partly Cloudy;Partly,51.368094223375294,1.0
1526.241197342489,Charlotte,Clear,68.76997140986944,1.0
1564.5713480424604,Columbus,Mostly Cloudy;Mainly Cloudy;Intermittent Clouds,68.2428039371267,1.0
1566.5155272674579,Charlotte,Partly Cloudy;Mainly Sunny;Mostly Clear,48.88773632598193,1.0
1579.7994050925124,Charlotte,Cloudy,67.95816398634783,1.0
1595.962093467477,Columbus,Drizzle;Light Drizzle;Showers,94.12695485665569,1.0
1634.840904017387,Charlotte,Fog;Overcast;Mist;Light Fog,92.76142453825601,1.0
1636.8409040173872,Charlotte,Fog;Overcast;Mist,91.65945867107446,1.0
1644.450158592371,Charlotte,Fog,97.44003572517877,1.0
1650.7435843175103,Charlotte,Fog,98.42757558222338,1.0
1654.3623867925785,Charlotte,Fog,99.40534662447472,1.0
1655.9764153176043,Charlotte,Fog;Overcast;Mist,97.78165379900436,1.0
1699.4644804424984,Chicago,Cloudy;Mostly Cloudy;Mostly,57.07389677078745,1.0
1701.5203012175007,Chicago,Cloudy;Mostly Cloudy;Mainly Cloudy,55.9043810747998,1.0
1707.2970181174912,Chicago,Mostly Cloudy;Mostly,46.81634798742725,1.0
1711.4644804424981,Chicago,Cloudy;Mostly Cloudy;Partly Sunny,61.643760053683586,1.0
1721.4277554676662,Chicago,Mainly Sunny;Partly Cloudy;Not totally Cloudy,59.132177378378536,1.0
1725.5393970176706,Chicago,Partly Cloudy;Partly;Mostly Clear;Scattered,62.20034271718167,1.0
1730.4835762426685,Chicago,Cloudy;Overcast,64.4880490718625,1.0
1734.7068593426775,Chicago,Cloudy,62.53903569166356,1.0
1736.041783992692,Chicago,Cloudy,63.21293287354791,1.0
1748.5952177926727,Chicago,Cloudy;Haze,54.94250156323447,1.0
1751.376708642706,Dallas,A Few Clouds,61.70865128327441,1.0
1753.5999917427157,Dallas,Clean,64.22974666649712,1.0
1760.158199492739,Dallas,Partly Cloudy,65.99045451031789,1.0
1761.6047656927578,Dallas,Partly Cloudy,66.41411723994551,1.0
1762.7722280177654,Dallas,A Few Clouds,68.03030448395018,1.0
1771.614313592843,Dallas,Overcast,63.1445810870944,1.0
1786.000285067817,Chicago,Mostly Cloudy;Cloudy;Mostly,64.1926929704194,1.0
1808.162973442782,Chicago,Partly Cloudy;Scattered Clouds;Not totally Cloudy,56.14902571532211,1.0
1812.9396903427723,Chicago,Mostly Cloudy;Partly;Intermittent Clouds;Partly Cloudy,64.83611526425166,1.0
1822.5489449177555,Chicago,Cloudy;Overcast,73.38496782914086,1.0
1825.772228017765,Chicago,Cloudy;Mostly Cloudy;Mainly Cloudy,71.14261976916191,1.0
1831.7770019678078,Chicago,Mostly Cloudy;Mainly Cloudy,77.56022213281373,1.0
1836.8886435178124,Chicago,Partly Cloudy;Mostly;Not totally Cloudy;Mostly Sunny,72.97847132043056,1.0
1857.9955111177742,Denver,Haze;Partly Cloudy;Hazy,72.42371265242666,1.0
1860.2746149927864,Denver,Cloudy;Haze,76.64623480665202,1.0
1871.0002850678168,Denver,Overcast,72.6300356967191,1.0
1882.4420773177937,Denver,Overcast with Haze,78.70243713076668,1.0
1888.4420773177935,Denver,Overcast with Haze,78.2264124375319,1.0
1892.386256542791,Chicago,Partly Cloudy;Cloudy;Partly;Partly Sunny,61.83817629579048,1.0
1905.6605864677601,Chicago,Snow;Flurries;Light Snow;Light,91.5505562702836,1.0
1922.6047656927583,Chicago,Cloudy;Haze,75.29979068638248,1.0
1926.548944917756,Denver,Overcast Haze,63.887266612450375,1.0
1963.539397017671,Chicago,Cloudy;Haze,79.79505443642728,1.0
1974.3719346926637,Chicago,Cloudy;Haze,81.1224774101501,1.0
1987.6510385676754,Denver,Mist/Light Snow Fog,84.71647170347926,1.0
1991.2650670927014,Denver,Light Snow,79.32080474602026,1.0
2000.8743216676849,Denver,Overcast with Haze,81.79895097183781,1.0
2005.9859632176895,Denver,Overcast with Haze,81.7145180942902,1.0
2027.869547717642,Denver,Cloudy;Overcast;Sunny,53.959117533369685,1.0
2030.9811892676469,Denver,Sunny;Cloudy;Clean;Mostly Cloudy,50.73818345407007,1.0
2048.427755467666,Denver,Sunny;Cloudy;Fair;Mostly Cloudy,73.43334473152696,1.0
2051.153425542697,Detroit,Partly Cloudy;Sunny;Mostly Clear,79.60997609769336,1.0
2059.041783992692,Detroit,Haze;Hazy;Sunny,74.9254159261245,1.0
2060.153425542697,Detroit,Haze;Fair;Hazy;Intermittent Clouds,75.12571718571482,1.0
2064.4883501927106,Detroit,Clear;Mostly Cloudy;Fair;Cloudy,57.862564316404665,1.0
2069.544170967713,Detroit,Mostly Cloudy;Cloudy;Clear,47.580121223673004,1.0
2102.702085392635,Detroit,Cloudy;Overcast,55.27883879646044,1.0
2112.5904438426305,Detroit,Cloudy;Clear,59.07682143117197,1.0
2119.590443842631,Detroit,Cloudy;Overcast,59.2077064236449,1.0
2133.478802292626,Detroit,Clear;Mostly Clear;Fair,57.21097328459129,1.0
2140.037010042649,Detroit,Partly Cloudy;Clear;Sunny,74.57512619261055,1.0
2157.7068593426775,Detroit,Clear;Sunny;Partly;Fair,60.35159394052133,1.0
2162.4835762426683,Detroit,Sunny,44.91892502200983,1.0
2169.427755467666,Detroit,Cloudy;Overcast,73.6433888388238,1.0
2170.706859342678,Detroit,Cloudy;Overcast,74.35457675679575,1.0
2172.3208878677037,Detroit,Cloudy;Scattered Clouds,81.02492004747191,1.0
2215.920594542602,Detroit,Cloudy;Overcast,67.41074247728608,1.0
2283.013140292437,Detroit,Cloudy;Snow;Light Snow,74.64775645649345,1.0
2286.7388103674675,Detroit,Light Snow;Cloudy;Overcast,81.5445773317803,1.0
2336.5059793673727,Dallas,Light Rain;Rain,89.61907262046263,1.0
2350.450158592371,Dallas,Cloudy;Mostly Cloudy,69.16786681823163,1.0
2368.5570261923326,Dallas,Cloudy;Mostly Cloudy,87.93911593800306,1.0
2370.8361300673446,Dallas,Cloudy;Haze,80.78389995347507,1.0
2373.0035923923515,Dallas,Cloudy;Haze,76.2058840002215,1.0
2378.450158592371,Dallas,Cloudy,67.69118918015485,1.0
2394.7244885173395,Detroit,Mist/Fog,85.48131000973905,1.0
2405.6176209173777,El Paso,Overcast with Haze,76.94355411465594,1.0
2410.566574092418,El Paso,Overcast,66.52476192039563,1.0
2421.343290992408,Dallas,Cloudy;Overcast,74.2681402890271,1.0
2425.454932542413,Dallas,Cloudy;Overcast,75.54741136577069,1.0
2435.1758286674017,Dallas,Cloudy;Overcast,74.98677425547379,1.0
2437.287470217406,Dallas,Cloudy;Overcast,72.86718220141319,1.0
2458.7340364174242,Dallas,Cloudy;Overcast,77.80302373383473,1.0
2462.62239486742,Dallas,Cloudy;Overcast,78.62399563050587,1.0
2464.62239486742,Dallas,Cloudy;Overcast,82.84138519923656,1.0
2483.8967247923897,Dallas,Cloudy;Overcast,74.5690343784685,1.0
2491.348064942451,El Paso,Rain;Light Rain;Light,84.51363359436006,1.0
2503.7388103674675,El Paso,Mist/Fog,82.48497519392694,1.0
2520.1806026174436,El Paso,Mist/Light Rain Fog,91.5188827021396,1.0
2522.1247818424417,Dallas,Light Rain;Rain;Cloudy,84.56285329203452,1.0
2523.7946311424694,El Paso,Light Rain;Rain,85.2467394920169,1.0
2525.297018117491,El Paso,Overcast;Cloudy,87.52562962047702,1.0
2528.185376567486,El Paso,Cloudy,69.87049278268874,1.0
2533.073735017482,El Paso,Cloudy,79.14992911662603,1.0
2535.859999817557,El Paso,Cloudy;Haze,81.97177834322252,1.0
2565.185376567487,Fort Worth,Overcast with Haze,82.88565107654932,1.0
2573.850451917472,Fort Worth,Overcast Haze,82.68218248119992,1.0
2587.1247818424413,Fort Worth,Cloudy,58.72417377217547,1.0
2588.1247818424413,Fort Worth,Mostly,55.81274325546403,1.0
2591.9573195174344,Fort Worth,Cloudy;Mostly Cloudy,64.32908662648133,1.0
2621.5618001423754,Fort Worth,Mostly,61.20282827333754,1.0
2631.0641871173966,Fort Worth,Overcast,85.79732350097221,1.0
