entity_id,website,brand,number,screen_type,supported_aspect_ratio,response_time(ms),screen_size_diagonal,day
22,1,Philips_Electronics,134,LCD,5:04,5.083093739,44.53785537,1
22,2,Philips_Electronics,295,TFT LCD 16.7 Million Colour,5:04,5.400235618,51.34841766,1
22,3,Philips_Electronics,410,"""Brilliance LCD Monitor",5:04,5.252174642,46.79495392,1
22,4,Philips_Electronics,842,LCD Monitor,5:04,4.863041961,47.71357324,1
22,5,Philips_Electronics,864,LCD Monitor,5:04,4.985910851,52.85760034,1
25,5,Philips_Electronics,286,LCD Monitor,16:10,4.668329732,50.73942381,1
25,1,Philips_Electronics,311,LCD,16:10,4.678791561,53.39001563,1
25,4,Philips_Electronics,788,LCD Monitor,16:11,5.013591612,60.24100679,1
25,3,Philips_Electronics,1540,"""Brilliance LCD monitor",16:09,4.871696934,54.3211644,1
27,4,Philips_Electronics,123,LCD Monitor,16:09,4.92230881,58.83372504,1
27,2,Philips_Electronics,125,TFT Brilliance LCD 16.7 Million Colour,16:09,4.941355792,50.57930786,1
27,5,Philips_Electronics,230,LCD Monitor,16:09,4.856074616,52.60976829,1
27,1,Philips_Electronics,634,LED,16:09,4.91305422,50.26067372,1
27,3,Philips_Electronics,772,Brilliance Monitor LED Backlight with PowerSensor,16:09,4.946323687,56.31519869,1
28,2,Philips_Electronics,322,TFT LCD 16.7 Million Colour,16:09,4.956908763,63.26740814,1
28,1,Philips_Electronics,576,LED,16:10,4.872858177,49.6731007,1
28,4,Philips_Electronics,669,LCD,16:09,4.730472416,54.29735559,1
28,5,Philips_Electronics,680,LCD Monitor,16:08,5.246073179,54.70574169,1
32,1,Philips_Electronics,304,LED,16:09,4.841456829,64.81924765,1
32,2,Philips_Electronics,318,LCD with LED Backlight 16.7 Million,16:09,5.440694411,65.6823886,1
32,4,Philips_Electronics,507,LCD Monitor,16:09,5.131492181,64.36903567,1
32,5,Philips_Electronics,550,LCD Monitor,16:09,5.361206304,57.76748949,1
32,3,Philips_Electronics,585,"""Brilliance LCD Monitor",16:10,4.945744991,55.09251412,1
33,2,Philips_Electronics,230,TFT LCD 16.7 Million Colour,16:09,5.17804823,56.21933905,1
33,4,Philips_Electronics,334,LCD Monitor,16:09,0.931607581,65.49638026,1
33,5,Philips_Electronics,462,LCD Monitor,16:08,0.99672834,61.0434447,1
33,1,Philips_Electronics,557,TN+Film,16:09,5.36681041,61.53001296,1
33,3,Philips_Electronics,619,Brilliance LCD Monitor with Game 242G5DJEB 144Hz 24\,16:10,1.032566619,64.59470548,1
39,2,Philips_Electronics,111,Monitor,16:08,4.550148483,63.66514511,1
39,5,Philips_Electronics,167,Brilliance LCD Monitor,16:10,4.815275268,62.65750452,1
39,1,Philips_Electronics,486,LED,16:08,3.568469119,74.03915253,1
39,4,Philips_Electronics,676,Brilliance LCD Monitor,16:09,4.847046476,64.91696373,1
39,3,Philips_Electronics,1899,273E3LHSB Widescreen LCD Monitor,16:09,4.765482176,70.63484284,1
40,2,Philips_Electronics,14,TFT LCD Million Colour,16:09,5.057868627,66.30829899,1
40,1,Philips_Electronics,405,TFT/LCD,16:09,4.819695583,74.99737969,1
40,4,Philips_Electronics,707,LCD,16:09,4.609994372,67.90901729,1
40,5,Philips_Electronics,888,Monitor,16:10,4.820873193,72.86655665,1
41,1,Philips_Electronics,47,TFT/LCD,16:09,4.753762385,61.94106206,1
41,2,Philips_Electronics,124,TFT LCD 16.7 Million Colour,16:08,4.894831309,70.21406467,1
41,5,Philips_Electronics,135,LCD Monitor,16:08,5.027051079,69.33946034,1
41,4,Philips_Electronics,296,LCD,16:10,5.174877692,62.03439559,1
41,3,Philips_Electronics,701,Brilliance LCD Monitor with SmartControl Lite,16:09,4.943369621,68.81979478,1
62,1,Philips_Electronics,232,IPS,16:10,15.24549792,65.05870274,1
62,2,Philips_Electronics,245,IPS TFT LCD 16.7 Million Colour,16:11,15.10743823,60.88332386,1
62,5,Philips_Electronics,464,LCD Monitor,16:09,13.56174232,63.64002794,1
62,3,Philips_Electronics,600,Brilliance Brilliance LCD Monitor With Clinical D-image,16:09,13.27237134,56.26817443,1
62,4,Philips_Electronics,764,Monitor,16:09,12.96252115,58.93265372,1
88,4,iiyama_North_America,93,LCD,16:08,2.036730135,55.44950694,1
88,1,iiyama_North_America,296,TN+Film,16:09,2.154737621,59.81607704,1
88,2,iiyama_North_America,328,TFT Brilliance LCD 16.7 million Colour,16:08,1.863241398,58.31340379,1
88,5,iiyama_North_America,872,Brilliance LCD Monitor,16:09,2.171315911,58.76804161,1
88,3,iiyama_North_America,1710,ProLite E2483HS - A HD LED Monitor with 2 ms Response Time,16:10,2.093742294,56.72511738,1
103,5,Hannspree,169,LCD Monitor,16:08,5.208524626,48.75331954,1
103,2,Hannspree,402,LED Backlight 16.7 Million Colour,16:09,4.709833331,53.4889547,1
103,1,Hannspree,459,LED,16:10,5.441076343,53.17478626,1
103,4,Hannspree,739,LCD,16:09,4.642050635,52.860863,1
103,3,Hannspree,1801,HL205DPB Widescreen LCD,16:09,4.808079486,48.46050914,1
128,2,Asus,193,IPS,16:11,5.560469812,26.02481999,1
128,4,Asus,268,LCD Monitor,16:11,6.075317464,60.43602424,1
128,5,Asus,682,LCD Monitor,16:10,6.362962085,60.7452146,1
128,3,Asus,927,PA249Q Widescreen LCD Monitor,16:10,6.508493947,65.9059877,1
132,4,Asus,67,LCD Monitor,21:09,4.739240001,67.24904697,1
132,1,Asus,143,IPS,16:09,5.165395001,76.08221133,1
132,5,Asus,471,LCD Monitor,21:09,4.547954954,67.75257838,1
132,2,Asus,533,AH-IPS 16.7 Million Colour,21:09,5.452523055,81.05588904,1
132,3,Asus,829,PB298Q Widescreen Brilliance LCD Monitor,21:09,5.173041311,71.4102863,1
133,4,Asus,40,LCD Monitor,16:09,8.044867768,72.74631545,1
133,1,Asus,48,IGZO,16:09,8.006460399,87.97896668,1
133,2,Asus,452,Widescreen 1.07 Colour,16:09,7.481648931,81.26593594,1
133,5,Asus,638,Brilliance LCD Monitor,16:09,8.35757197,80.25082757,1
133,3,Asus,1059,PQ321QE Widescreen LCD Monitor,16:09,7.796809735,87.08919434,1
168,5,Asus,213,LCD Monitor,16:08,1.985093414,72.30286535,1
168,1,Asus,220,LCD,16:09,2.071719452,70.8135437,1
168,4,Asus,297,Monitor,16:10,2.063362287,62.70473492,1
168,2,Asus,379,Widescreen 16.7 Million Colour,16:09,1.914709505,69.82179407,1
168,3,Asus,646,VG278HE Widescreen LCD Monitor,16:10,1.928628055,72.21348452,1
171,4,Asus,86,LCD Monitor,16:09,2.035098753,66.98184245,1
171,2,Asus,345,16.7 million Colours,16:10,1.882792081,66.21457049,1
171,5,Asus,863,LCD Monitor,16:08,2.053502855,63.67587246,1
171,3,Asus,891,VK278Q Widescreen Monitor,16:09,2.019846024,62.00247127,1
186,5,Asus,182,Monitor,16:09,4.760497895,53.76070673,1
186,2,Asus,290,LED 16.7 million Colour,16:09,4.975943294,61.23157721,1
186,4,Asus,387,LCD Monitor,16:09,4.653314653,55.07602491,1
186,1,Asus,467,TN+Film,16:10,4.681169719,54.39630621,1
186,3,Asus,905,VW22ATL Widescreen LCD Monitor,16:10,4.688201757,51.42207553,1
190,4,Asus,337,Monitor,16:08,5.321621336,72.40973798,1
190,2,Asus,398,Widescreen IPS 16.7 Million Colour,16:09,4.96169952,71.37463699,1
190,5,Asus,408,Brilliance LCD Monitor,16:09,4.633855149,75.45218046,1
190,1,Asus,680,IPS,16:09,4.874532936,64.41553641,1
190,3,Asus,870,VX279Q Widescreen LCD Monitor,16:09,5.464426261,75.29406814,1
193,2,iiyama_North_America,213,LED Backlight LCD IPS Panel 16.7 million Colour,16:10,5.44966093,60.24475778,1
193,5,iiyama_North_America,336,Brilliance LCD Monitor,16:09,5.210600295,58.48059683,1
193,1,iiyama_North_America,362,IPS,16:10,4.805533954,61.80027728,1
193,4,iiyama_North_America,815,Monitor,16:08,5.459439278,61.09235491,1
